scenario,model,seed,train_seconds,MAE,MSE,RMSE,SMAPE,MAPE,R2,epochs_ran,best_epoch,units,dropout,learning_rate,batch_size,feature_scaler,sequence_length
COMMON_BASELINE,Persistence,,0.0,2.114601103863522,8.45748557451079,2.9081756436829584,38.87414824736194,380139.3459106979,0.5799599354991085,,,,,,,,
COMMON_BASELINE,"ARIMA(3, 1, 2)",,9.096502399945166,3.297804430757028,21.370095267484984,4.62278003667544,51.18516028583906,1159612.2616210966,-0.06178984047547753,,,,,,,,
A_local_only,RandomForest,1.0,31.043262600025628,1.7473788978530966,5.791317286247075,2.40651559027717,31.405715120591633,530836.3123403843,0.7123748819871847,,,,,,,,
A_local_only,XGBoost,1.0,4.845734200032894,1.7253594104243595,5.6642873410434404,2.3799763320343,31.065510991752543,526520.7023880649,0.7186838098484025,,,,,,,,
B_local_plus_neighbours,RandomForest,1.0,73.37324270000681,1.736305995287879,5.777838716304509,2.403713526255679,31.319806934012774,542521.2024694375,0.7130442936389312,,,,,,,,
B_local_plus_neighbours,XGBoost,1.0,10.858255600032862,1.704952537751772,5.6375043271957725,2.3743429253576185,30.84182150797571,533580.1135018611,0.7200139852019388,,,,,,,,
C_neighbours_plus_traffic,RandomForest,1.0,84.42766990000382,1.737547475828901,5.778612863318764,2.4038745523256333,31.31337266079291,548412.988544338,0.7130058457150257,,,,,,,,
C_neighbours_plus_traffic,XGBoost,1.0,11.815195200033486,1.7066251007743776,5.659077149984767,2.378881491370423,30.8555204716479,537489.9074282171,0.7189425733980493,,,,,,,,
A_local_only,RandomForest,2.0,32.52843240002403,1.7506907231730409,5.819278219486941,2.4123180179004056,31.420654248113642,521539.9915000401,0.7109862054002598,,,,,,,,
A_local_only,XGBoost,2.0,4.769988700048998,1.7263765127618171,5.644764730352283,2.375871362332625,31.09918211007886,531212.8568786476,0.7196533981003357,,,,,,,,
B_local_plus_neighbours,RandomForest,2.0,76.05212830001255,1.7390182488234742,5.771226833010314,2.4023377849524645,31.35668341274575,555008.2450436555,0.7133726720749212,,,,,,,,
B_local_plus_neighbours,XGBoost,2.0,11.066414800006896,1.7023976872030717,5.594705148411857,2.365312907082667,30.804817174066955,585634.2697191393,0.7221396015755761,,,,,,,,
C_neighbours_plus_traffic,RandomForest,2.0,85.97902600001544,1.7410371355325993,5.797412008537731,2.407781553326159,31.370456164621697,542397.7483284196,0.7120721882939436,,,,,,,,
C_neighbours_plus_traffic,XGBoost,2.0,11.881631899974309,1.701864274056246,5.619725072467511,2.370595931926719,30.827732826860142,514302.5546444756,0.7208969898771516,,,,,,,,
A_local_only,RandomForest,3.0,31.95148019999033,1.7499461068688487,5.80675905533907,2.4097217796540473,31.430464356873394,526716.5669366687,0.7116079682717232,,,,,,,,
A_local_only,XGBoost,3.0,4.942778099968564,1.7275586062977795,5.678359601657453,2.382930884783999,31.095253834793546,539274.2080895685,0.7179849126166062,,,,,,,,
B_local_plus_neighbours,RandomForest,3.0,70.52429819997633,1.7389675457617915,5.779611837777752,2.404082327579019,31.339162304900608,554169.3059884838,0.7129562317615059,,,,,,,,
B_local_plus_neighbours,XGBoost,3.0,11.140913099981844,1.7064147041451674,5.61602024844635,2.3698143911383336,30.883193122667485,553267.3438842219,0.72108098954314,,,,,,,,
C_neighbours_plus_traffic,RandomForest,3.0,85.74018490000162,1.7403800878883282,5.807400685527518,2.409854909642387,31.336445853604843,524581.3803847777,0.7115761017809836,,,,,,,,
C_neighbours_plus_traffic,XGBoost,3.0,11.86264609999489,1.7040546716216576,5.633059913262894,2.3734068157951542,30.859321378167063,490238.0381051529,0.7202347165172438,,,,,,,,
A_local_only,RandomForest,4.0,32.87310480000451,1.7515853000381911,5.82936616421032,2.414408035981143,31.426981644642858,534702.5156550524,0.7104851887665382,,,,,,,,
A_local_only,XGBoost,4.0,4.748426900012419,1.728510267663947,5.694547613978244,2.3863251274665496,31.087536582406955,539012.8495009369,0.7171809368155881,,,,,,,,
B_local_plus_neighbours,RandomForest,4.0,75.15317150001647,1.7375403244240417,5.781599120257675,2.4044956062046934,31.34024903141595,543582.0260961279,0.7128575336019057,,,,,,,,
B_local_plus_neighbours,XGBoost,4.0,10.933859800046775,1.709228416794338,5.641630363913897,2.375211646130487,30.879855167881015,597984.7739984423,0.7198090660549955,,,,,,,,
C_neighbours_plus_traffic,RandomForest,4.0,85.67588840000099,1.7426871237665529,5.8016264142459635,2.40865655796877,31.367105202391286,541312.099100203,0.7118628803111012,,,,,,,,
C_neighbours_plus_traffic,XGBoost,4.0,11.894579899962991,1.704677084505528,5.612873064997771,2.369150283328977,30.882731847657478,557096.7890819566,0.7212372940531615,,,,,,,,
A_local_only,RandomForest,5.0,32.95974160003243,1.7495867554255697,5.801558232771972,2.4086424045034107,31.39918581111843,516494.3880106342,0.7118662665362956,,,,,,,,
A_local_only,XGBoost,5.0,4.936948199989274,1.7217423634169033,5.659670158776768,2.3790061283604897,31.0103854715866,539501.0740811892,0.718913121683465,,,,,,,,
B_local_plus_neighbours,RandomForest,5.0,76.4208766000229,1.7384475508335608,5.79659878277374,2.407612672913511,31.31121000979094,548746.8192228774,0.7121125770595348,,,,,,,,
B_local_plus_neighbours,XGBoost,5.0,11.014255699992646,1.7049406874108064,5.665388637321371,2.3802076878544383,30.818620850570806,563844.9611756642,0.7186291140933178,,,,,,,,
C_neighbours_plus_traffic,RandomForest,5.0,86.70899399998598,1.7356913940228642,5.772340656277077,2.4025695944711107,31.297876667585513,526752.2765536263,0.7133173541683528,,,,,,,,
C_neighbours_plus_traffic,XGBoost,5.0,11.83365959994262,1.7029128995138498,5.5873474294431675,2.363757058041957,30.887387193023148,537262.5032465513,0.7225050218559845,,,,,,,,
A_local_only,RandomForest,6.0,33.277655499987304,1.7501850596871484,5.814437233435284,2.411314420276892,31.407116878398618,526967.4086250612,0.7112266324249908,,,,,,,,
A_local_only,XGBoost,6.0,4.658250799984671,1.727380057213836,5.700677009480186,2.387609057086228,31.07853867272311,543604.0138617537,0.71687652108123,,,,,,,,
B_local_plus_neighbours,RandomForest,6.0,75.72534480004106,1.736624784242695,5.76017197343917,2.400035827532408,31.30321903242364,534536.8703791391,0.713921710425197,,,,,,,,
B_local_plus_neighbours,XGBoost,6.0,11.030113799963146,1.7073355938433643,5.653448078653526,2.3776980629704703,30.87034629621729,567468.9699038618,0.7192221405890571,,,,,,,,
C_neighbours_plus_traffic,RandomForest,6.0,86.08751480001956,1.7397676344004773,5.821382305998242,2.412754091489276,31.319936229439975,543198.979119794,0.7108817061816521,,,,,,,,
C_neighbours_plus_traffic,XGBoost,6.0,11.773519499984104,1.7046832089889485,5.6336670089131005,2.3735347077540494,30.85234121630397,566145.4641825601,0.72020456518044,,,,,,,,
A_local_only,RandomForest,7.0,32.42069050000282,1.749048368507765,5.79926986523653,2.4081673250080713,31.417480358375453,525243.0278751248,0.7119799180511247,,,,,,,,
A_local_only,XGBoost,7.0,4.791885300015565,1.7259612987254411,5.672907029029838,2.3817865204568265,31.076650651039632,531153.9093381999,0.7182557140194608,,,,,,,,
B_local_plus_neighbours,RandomForest,7.0,75.64905980002368,1.7393902947544322,5.771010972954535,2.4022928574498437,31.338647871129133,537734.3984956169,0.7133833927401773,,,,,,,,
B_local_plus_neighbours,XGBoost,7.0,11.016418599989265,1.7029616882558214,5.609935263465348,2.3685301905328013,30.818320414289822,591638.3980739831,0.7213831996339984,,,,,,,,
C_neighbours_plus_traffic,RandomForest,7.0,86.42876029998297,1.7388050698380666,5.790998547311887,2.406449365208395,31.324358844251332,542483.3869747263,0.7123907121203508,,,,,,,,
C_neighbours_plus_traffic,XGBoost,7.0,11.916329400031827,1.6997277404995221,5.603735306077105,2.3672210091322494,30.823404835868,572497.2337224573,0.721691119816459,,,,,,,,
A_local_only,RandomForest,8.0,32.80041279998841,1.7525711307955332,5.79872302987444,2.408053784672269,31.46163863691794,530669.5197516464,0.7120070765675348,,,,,,,,
A_local_only,XGBoost,8.0,4.719735299993772,1.7198940656589492,5.636032089478184,2.374032874557171,30.999672297280227,544938.5624550103,0.7200871037216701,,,,,,,,
B_local_plus_neighbours,RandomForest,8.0,76.48824470001273,1.7339380729314702,5.751979698496782,2.3983285218036294,31.28668907146517,553307.3809975019,0.7143285788336493,,,,,,,,
B_local_plus_neighbours,XGBoost,8.0,11.659193600004073,1.7106183489662166,5.684442516714423,2.3842068946956814,30.864075748672388,587742.9569236641,0.7176828053282907,,,,,,,,
C_neighbours_plus_traffic,RandomForest,8.0,84.88037750002695,1.7401621794207875,5.783664005759435,2.4049249480512764,31.351190339946278,530874.0108613133,0.7127549812970032,,,,,,,,
C_neighbours_plus_traffic,XGBoost,8.0,12.317166100023314,1.70443158409312,5.638023522785487,2.374452257423907,30.830945343984013,572685.054166606,0.7199881994116976,,,,,,,,
A_local_only,RandomForest,9.0,33.130417399981525,1.7473453535450716,5.793859457394245,2.4070437173832646,31.413489429666242,518220.99387641455,0.7122486253446847,,,,,,,,
A_local_only,XGBoost,9.0,5.034705900005065,1.7246465504423676,5.663156857030509,2.37973882117986,31.066274761164657,541829.4482112403,0.718739955209045,,,,,,,,
B_local_plus_neighbours,RandomForest,9.0,77.06306299997959,1.7402117398333985,5.768580168843747,2.401786869987374,31.36416123641439,557288.320492717,0.7135041183514111,,,,,,,,
B_local_plus_neighbours,XGBoost,9.0,10.964251600031275,1.709734339290567,5.644350223199824,2.3757841280722087,30.8513945702771,605614.2632843826,0.719673984551181,,,,,,,,
C_neighbours_plus_traffic,RandomForest,9.0,84.78045020002173,1.735966270278663,5.764097567828112,2.400853508198306,31.29731455636069,545513.7278673175,0.7137267462238621,,,,,,,,
C_neighbours_plus_traffic,XGBoost,9.0,11.852478299988434,1.7086351544666816,5.6529192120659255,2.3775868463772096,30.893182608660236,562315.0042426648,0.7192484066883145,,,,,,,,
A_local_only,RandomForest,10.0,32.54235260002315,1.7504829955350567,5.802317493770363,2.4088000111612344,31.435306316805722,523477.45248314133,0.7118285579246844,,,,,,,,
A_local_only,XGBoost,10.0,4.854130599997006,1.721431426027284,5.6510017602769,2.3771835773193666,31.038221241499738,545258.7966896974,0.7193436367145492,,,,,,,,
B_local_plus_neighbours,RandomForest,10.0,76.7101828000159,1.7387929661693928,5.776051226130456,2.4033416790232836,31.328105624262616,553120.2101072571,0.713133069136257,,,,,,,,
B_local_plus_neighbours,XGBoost,10.0,10.916886099963449,1.706286015659496,5.636147402720663,2.374057160794715,30.845492314020262,574030.3707860558,0.7200813767025245,,,,,,,,
C_neighbours_plus_traffic,RandomForest,10.0,84.13319810002577,1.7378026399498019,5.7797923609715225,2.4041198724214072,31.28727373220529,545697.2895906854,0.7129472660975047,,,,,,,,
C_neighbours_plus_traffic,XGBoost,10.0,11.884038100019097,1.7074123144897457,5.67383930130496,2.381982221030409,30.880100572931905,568693.2181730982,0.7182094128223585,,,,,,,,
A_local_only,RandomForest,11.0,33.9918557999772,1.7489648952613124,5.800280195426175,2.408377087464954,31.40329758885974,522230.5522849911,0.7119297401165262,,,,,,,,
A_local_only,XGBoost,11.0,5.248090600012802,1.7259559940167306,5.688688663256374,2.3850972020562127,31.084359696802387,541107.166211057,0.7174719209405316,,,,,,,,
B_local_plus_neighbours,RandomForest,11.0,74.47937960003037,1.7359917652239902,5.766922426465826,2.401441739136269,31.304272237905185,566212.6083003648,0.7135864499391168,,,,,,,,
B_local_plus_neighbours,XGBoost,11.0,10.943443300027866,1.704288383497405,5.584027460406393,2.3630546884078654,30.86176363988786,532314.4341037761,0.7226699077427012,,,,,,,,
C_neighbours_plus_traffic,RandomForest,11.0,81.22661660000449,1.7383973426866233,5.775247643325295,2.4031744929000256,31.338590252614246,549203.7266254527,0.7131729789853887,,,,,,,,
C_neighbours_plus_traffic,XGBoost,11.0,12.09890500002075,1.7017581526247987,5.6409383434922,2.3750659661348776,30.806049094675338,546128.1931589455,0.7198434351709703,,,,,,,,
A_local_only,RandomForest,12.0,33.0122318000067,1.7497250034544738,5.790098719134738,2.406262396151911,31.418601297363686,521463.67880707193,0.7124354019849968,,,,,,,,
A_local_only,XGBoost,12.0,4.694079899985809,1.7210662217877106,5.656193027336822,2.378275221108108,31.017623528192807,538440.8205867283,0.71908581302316,,,,,,,,
B_local_plus_neighbours,RandomForest,12.0,71.66906030004611,1.735502626343619,5.7695337224041445,2.4019853709804613,31.2773110948984,538631.3225136913,0.7134567602216826,,,,,,,,
B_local_plus_neighbours,XGBoost,12.0,12.220504399971105,1.7060878543565456,5.6403669914594,2.3749456817913543,30.86070051094913,560778.8025849409,0.7198718113050584,,,,,,,,
C_neighbours_plus_traffic,RandomForest,12.0,88.72728930000449,1.7380228585291986,5.775332595699804,2.4031921678675228,31.315117135919262,522231.44032787194,0.7131687598353169,,,,,,,,
C_neighbours_plus_traffic,XGBoost,12.0,13.004803200019524,1.7062586957748607,5.630827055624543,2.3729363783347717,30.88086172929268,563653.6042494843,0.7203456111393122,,,,,,,,
A_local_only,RandomForest,13.0,32.413967399974354,1.7537062717275622,5.827976923093491,2.4141203207573336,31.47899365631265,530021.0361038983,0.7105541852694799,,,,,,,,
A_local_only,XGBoost,13.0,5.195038100006059,1.723644398217876,5.643941463306428,2.375698100202639,31.072693403842838,538076.2759856737,0.719694285565055,,,,,,,,
B_local_plus_neighbours,RandomForest,13.0,73.673707799986,1.7372604793722752,5.764777165345091,2.400995036509882,31.328832255922944,535282.1941086996,0.7136929940900452,,,,,,,,
B_local_plus_neighbours,XGBoost,13.0,11.076744100020733,1.7087726287128813,5.675117656592045,2.382250544462535,30.876916492717736,574680.5820140314,0.7181459234516098,,,,,,,,
C_neighbours_plus_traffic,RandomForest,13.0,86.62852060003206,1.7381988757869438,5.78608963202531,2.4054291991296086,31.29201619021007,549255.5583328158,0.7126345128428513,,,,,,,,
C_neighbours_plus_traffic,XGBoost,13.0,12.03572179999901,1.7058364717387937,5.628860616263245,2.372521994895568,30.878216821401832,557407.315199682,0.7204432741277831,,,,,,,,
A_local_only,RandomForest,14.0,32.452812600007746,1.7501624177746795,5.793705758715156,2.407011790314945,31.44457008671171,523433.64361157053,0.7122562587721981,,,,,,,,
A_local_only,XGBoost,14.0,4.814716699998826,1.7253327111622465,5.671014338708274,2.3813891615416987,31.086880126609046,545675.5312298553,0.7183497142702144,,,,,,,,
B_local_plus_neighbours,RandomForest,14.0,76.49856300000101,1.7397464206049364,5.8004083565348,2.4084036946772027,31.34103832246974,557256.5683888806,0.7119233750095616,,,,,,,,
B_local_plus_neighbours,XGBoost,14.0,11.229351800051518,1.7033768489530683,5.636166074013218,2.3740610931509782,30.793928300028945,556914.9036041847,0.7200804493948915,,,,,,,,
C_neighbours_plus_traffic,RandomForest,14.0,87.27509999996983,1.7390031176633143,5.80455408255056,2.409264220161533,31.31700280314698,537311.2597753928,0.7117174779958781,,,,,,,,
C_neighbours_plus_traffic,XGBoost,14.0,11.919874399958644,1.704503007331088,5.657286665485202,2.378505132532869,30.86289822220052,540893.8622095828,0.7190314976082132,,,,,,,,
A_local_only,RandomForest,15.0,31.893976700026542,1.7471449960770218,5.772451054724595,2.4025925694392285,31.397562281704182,529863.0481442306,0.7133118712419431,,,,,,,,
A_local_only,XGBoost,15.0,4.992173400009051,1.7255174339161528,5.652422180392479,2.3774823196803125,31.081867672864256,538194.5736591883,0.7192730917101611,,,,,,,,
B_local_plus_neighbours,RandomForest,15.0,80.02688039996428,1.7387836683948281,5.779159982268709,2.403988349029319,31.34639319047936,556993.8744026776,0.7129786731142568,,,,,,,,
B_local_plus_neighbours,XGBoost,15.0,11.203661800012924,1.7002323551896943,5.60214702682437,2.3668855119807484,30.812107667770967,548587.9637183667,0.7217700015259088,,,,,,,,
C_neighbours_plus_traffic,RandomForest,15.0,84.48299479996786,1.7398383334686107,5.800261477215557,2.4083732013987276,31.35026315050459,548251.7131939864,0.7119306697543395,,,,,,,,
C_neighbours_plus_traffic,XGBoost,15.0,11.874082900001667,1.7076186805230793,5.665532390046968,2.3802378851801698,30.92335442024585,533904.181889236,0.7186219746304596,,,,,,,,
A_local_only,RandomForest,16.0,32.7159687000094,1.7504061769847907,5.802429814914947,2.4088233257993306,31.44048702571239,513674.24716510274,0.7118229795077422,,,,,,,,
A_local_only,XGBoost,16.0,4.750655600044411,1.723856588293426,5.6597538663909095,2.37902372127537,31.052539857087087,532840.1077983483,0.7189089643542761,,,,,,,,
B_local_plus_neighbours,RandomForest,16.0,75.58306880004238,1.7355379995224638,5.770379974781855,2.402161521376499,31.28073626100491,569672.8885637335,0.7134147311930563,,,,,,,,
B_local_plus_neighbours,XGBoost,16.0,11.965403000009246,1.7046940389914063,5.611041516353199,2.3687637105361943,30.841266141649974,588423.9684843154,0.7213282577094426,,,,,,,,
C_neighbours_plus_traffic,RandomForest,16.0,85.10484220000217,1.737680707493228,5.771315395136359,2.4023562173700133,31.325573781063493,530316.241599306,0.7133682736469477,,,,,,,,
C_neighbours_plus_traffic,XGBoost,16.0,11.885662399989087,1.7070776675926402,5.665333804930924,2.38019616942195,30.864990128804102,562019.5277171886,0.7186318373377877,,,,,,,,
A_local_only,RandomForest,17.0,32.45267520000925,1.7533660941253042,5.802079545838384,2.4087506192709913,31.48217584142916,526536.3107951063,0.7118403755818137,,,,,,,,
A_local_only,XGBoost,17.0,4.869483800022863,1.7251453007069055,5.662977377161719,2.379701110888029,31.093655203919408,520151.948191033,0.7187488690564289,,,,,,,,
B_local_plus_neighbours,RandomForest,17.0,71.28166690003127,1.7410820458693366,5.786704143966572,2.4055569301030006,31.357591060557926,527056.3507642787,0.7126039931767909,,,,,,,,
B_local_plus_neighbours,XGBoost,17.0,11.123370099987369,1.7075304934952167,5.610294640780005,2.368606054366155,30.885501726253235,570988.1841058139,0.7213653512003122,,,,,,,,
C_neighbours_plus_traffic,RandomForest,17.0,85.72750639996957,1.7387438408999765,5.768442143873682,2.401758136006555,31.32955161617687,534936.7797337493,0.7135109733459385,,,,,,,,
C_neighbours_plus_traffic,XGBoost,17.0,12.048678799998015,1.7088162975070829,5.654995736702173,2.378023493723763,30.896818228618994,537564.8258729142,0.719145276327114,,,,,,,,
A_local_only,RandomForest,18.0,32.743897299980745,1.7501658394633537,5.8014250161926375,2.4086147504722786,31.423291142909598,532539.2286223718,0.7118728827226412,,,,,,,,
A_local_only,XGBoost,18.0,4.825713599973824,1.7232621012443403,5.6563201674813,2.378301950443068,31.01792910565022,556188.4157532109,0.7190794986222642,,,,,,,,
B_local_plus_neighbours,RandomForest,18.0,75.81453199998941,1.739035421337924,5.784995938044881,2.405201849750844,31.346101362206618,564174.1677007353,0.7126888310306905,,,,,,,,
B_local_plus_neighbours,XGBoost,18.0,10.91958099999465,1.703425258338242,5.603622125045434,2.3671971031254313,30.82595734504716,573731.2642697444,0.721696740939596,,,,,,,,
C_neighbours_plus_traffic,RandomForest,18.0,86.33528489997843,1.7437949839380757,5.813133459762853,2.411044060104015,31.3633726533927,550033.16547167,0.7112913841969729,,,,,,,,
C_neighbours_plus_traffic,XGBoost,18.0,12.06431640003575,1.7017429087638138,5.598341261338004,2.3660814147738036,30.847976045784947,565246.1371346189,0.7219590144383501,,,,,,,,
A_local_only,RandomForest,19.0,33.76726350001991,1.7488760593702488,5.797855719567003,2.4078736926107656,31.432171248270212,515088.13840431086,0.7120501514358593,,,,,,,,
A_local_only,XGBoost,19.0,4.761811700009275,1.7251449498305416,5.644843731569922,2.37588798800994,31.08506212870473,538552.7599855238,0.7196494745137969,,,,,,,,
B_local_plus_neighbours,RandomForest,19.0,73.48994400002994,1.734975807336571,5.77914829769777,2.4039859187810917,31.249000345369655,577386.2002575336,0.7129792534271508,,,,,,,,
B_local_plus_neighbours,XGBoost,19.0,11.404882200004067,1.7082844506838906,5.627800909061708,2.3722986551152676,30.87969397422358,560652.7422121901,0.7204959043660927,,,,,,,,
C_neighbours_plus_traffic,RandomForest,19.0,83.67810750001809,1.738251120717658,5.7794766188476085,2.404054204640072,31.32397536677874,540566.1368381288,0.7129629473943779,,,,,,,,
C_neighbours_plus_traffic,XGBoost,19.0,12.435111200029496,1.704757108074663,5.583143737674311,2.3628676936456494,30.864000916578593,568597.5636837601,0.7227137977322395,,,,,,,,
A_local_only,RandomForest,20.0,34.13637970003765,1.7516230809129074,5.8057221250167474,2.409506614437227,31.457053675490865,518042.91730692156,0.7116594672989027,,,,,,,,
A_local_only,XGBoost,20.0,4.657819400017615,1.7263337574738447,5.679343269205682,2.3831372745198043,31.08291556653787,534047.1904916528,0.717936058879078,,,,,,,,
B_local_plus_neighbours,RandomForest,20.0,76.43062800000189,1.7419172677324641,5.774951068277349,2.403112787256842,31.390907900785987,556970.533051733,0.7131877083516017,,,,,,,,
B_local_plus_neighbours,XGBoost,20.0,11.249908500001766,1.7059267061293812,5.633532273027168,2.373506324623376,30.833028314937454,590591.2689662469,0.7202112568229759,,,,,,,,
C_neighbours_plus_traffic,RandomForest,20.0,85.41398840001784,1.735495690354898,5.753446834014356,2.3986343685552316,31.283551071714573,553902.561488976,0.7142557137141048,,,,,,,,
C_neighbours_plus_traffic,XGBoost,20.0,11.859342900046613,1.7053161910384131,5.626803891893433,2.372088508444285,30.854214999295905,568627.9490462763,0.7205454211109905,,,,,,,,
A_local_only,RandomForest,21.0,32.87710230000084,1.7496577812595262,5.816359245617948,2.4117129276964016,31.392297902291176,521968.13152830565,0.711131175907322,,,,,,,,
A_local_only,XGBoost,21.0,4.715467799978796,1.7252296013025796,5.688523415036235,2.385062559983749,31.061380165121317,540596.8931757668,0.717480127974695,,,,,,,,
B_local_plus_neighbours,RandomForest,21.0,74.90262010000879,1.7380498164879907,5.77989005978421,2.4041401913749145,31.33331504982189,531818.3752233867,0.7129424138970225,,,,,,,,
B_local_plus_neighbours,XGBoost,21.0,11.328636699996423,1.707663987090225,5.654814615477773,2.3779854111154197,30.819622903866744,583030.844551984,0.7191542716922388,,,,,,,,
C_neighbours_plus_traffic,RandomForest,21.0,82.6638801000081,1.739102503676789,5.802210387675249,2.4087777788071794,31.318697896909836,532906.3333742424,0.7118338773367843,,,,,,,,
C_neighbours_plus_traffic,XGBoost,21.0,12.74543629999971,1.7089702219698097,5.688399863377127,2.3850366587071834,30.88755444239153,568636.8588666507,0.7174862641538706,,,,,,,,
A_local_only,RandomForest,22.0,32.60156229999848,1.7485898204087185,5.799495629427988,2.408214199241419,31.397370015998057,523724.14002691174,0.7119687054980903,,,,,,,,
A_local_only,XGBoost,22.0,5.035997499944642,1.7254065271752956,5.65626207953472,2.3782897383486983,31.074220397200076,548981.306981437,0.7190823835535614,,,,,,,,
B_local_plus_neighbours,RandomForest,22.0,76.7064868999878,1.7384826069203891,5.764213585905309,2.400877669916839,31.3229947533275,561740.3986180315,0.7137209841991801,,,,,,,,
B_local_plus_neighbours,XGBoost,22.0,11.118604300019797,1.7067313752683395,5.589479978220569,2.36420810806083,30.87376288953776,590802.8550092853,0.72239910906215,,,,,,,,
C_neighbours_plus_traffic,RandomForest,22.0,84.16206289996626,1.7400888574150029,5.800596399933952,2.408442733372324,31.339808393298274,523429.36965266115,0.7119140358554108,,,,,,,,
C_neighbours_plus_traffic,XGBoost,22.0,11.822904200002085,1.705350578073515,5.630470996842614,2.372861352216478,30.878543140931384,526433.514846767,0.7203632947584457,,,,,,,,
A_local_only,RandomForest,23.0,32.57846249995055,1.7515444552978774,5.815957868589363,2.4116297121634083,31.460110690572513,523983.023821556,0.7111511102520501,,,,,,,,
A_local_only,XGBoost,23.0,4.918451800011098,1.728971399926864,5.7135104056415065,2.390295045730026,31.13484497318413,531366.843673063,0.7162391519123588,,,,,,,,
B_local_plus_neighbours,RandomForest,23.0,75.44828640000196,1.7387407715957526,5.787912744968962,2.405808127214006,31.317096814396972,563341.2285276304,0.7125439681447023,,,,,,,,
B_local_plus_neighbours,XGBoost,23.0,10.98948319995543,1.7074684545016445,5.630686185249479,2.3729066954369444,30.881430284159528,569046.4494595608,0.7203526074505571,,,,,,,,
C_neighbours_plus_traffic,RandomForest,23.0,85.07206129998667,1.7389228232638707,5.797065316749293,2.4077095582211103,31.32720736491918,544181.3736532455,0.7120894067024048,,,,,,,,
C_neighbours_plus_traffic,XGBoost,23.0,11.914736700011417,1.7061294947595256,5.647026581669804,2.376347319242245,30.89436049704496,550429.3191465676,0.7195410635104705,,,,,,,,
A_local_only,RandomForest,24.0,33.07526419998612,1.7495752394571138,5.826358129710542,2.4137850214363628,31.417290388777257,526413.5159665737,0.7106345824597555,,,,,,,,
A_local_only,XGBoost,24.0,4.6637726000044495,1.722688574612709,5.629587942219863,2.3726752711274806,31.05479705053308,537658.5028470762,0.7204071515664097,,,,,,,,
B_local_plus_neighbours,RandomForest,24.0,75.91644659999292,1.7382814742786836,5.805470685010654,2.4094544372140874,31.289905944056105,561873.1611815096,0.711671955038367,,,,,,,,
B_local_plus_neighbours,XGBoost,24.0,10.921822200005408,1.7071195037174751,5.644296172948585,2.3757727528003567,30.856033608379985,582593.8389666763,0.7196766689507956,,,,,,,,
C_neighbours_plus_traffic,RandomForest,24.0,87.10554199997569,1.7431308276813522,5.833753376985539,2.4153164134302445,31.34406135515751,565207.5545844126,0.7102672983402588,,,,,,,,
C_neighbours_plus_traffic,XGBoost,24.0,11.780189299955964,1.7047872073555852,5.6496772903593175,2.376904981348501,30.830750132011126,589276.0642382056,0.7194094163632059,,,,,,,,
A_local_only,RandomForest,25.0,32.77721609995933,1.7527609354555542,5.81973939715566,2.41241360408112,31.45102860769472,520712.73184986494,0.7109633010635028,,,,,,,,
A_local_only,XGBoost,25.0,4.776460600027349,1.7219121223559526,5.640334316338246,2.3749388026511853,31.030549692579473,531819.369829408,0.7198734341112549,,,,,,,,
B_local_plus_neighbours,RandomForest,25.0,74.57857890002197,1.7360276977647193,5.780962292095146,2.404363178077544,31.286358486299154,564905.1542264788,0.7128891616005713,,,,,,,,
B_local_plus_neighbours,XGBoost,25.0,10.949875199992675,1.6978635906664739,5.583696187712617,2.3629845932025493,30.75727253672969,575587.7015388779,0.72268636036357,,,,,,,,
C_neighbours_plus_traffic,RandomForest,25.0,85.04875399998855,1.7396637188932322,5.79455441340968,2.4071880718817296,31.332500763601,532853.8219145455,0.712214110432779,,,,,,,,
C_neighbours_plus_traffic,XGBoost,25.0,12.006598800013307,1.704724929336322,5.6353108447921105,2.3738809668540903,30.855713238016325,555263.743140046,0.7201229242574299,,,,,,,,
A_local_only,RandomForest,26.0,32.58793680003146,1.7488208627718889,5.795386695062925,2.4073609399221643,31.409984704209,520033.2092456293,0.7121727752586031,,,,,,,,
A_local_only,XGBoost,26.0,4.720076699974015,1.7256671690276921,5.6897267619678775,2.385314814016774,31.05557459629355,540054.3480732661,0.7174203638854357,,,,,,,,
B_local_plus_neighbours,RandomForest,26.0,76.11883890000172,1.739439525030323,5.77920759388478,2.4039982516392935,31.36453891752245,553347.113299693,0.7129763084887295,,,,,,,,
B_local_plus_neighbours,XGBoost,26.0,10.951907799986657,1.7048368557816584,5.624963676141165,2.3717005873721004,30.828152428302253,550736.3441862904,0.7206368152181951,,,,,,,,
C_neighbours_plus_traffic,RandomForest,26.0,86.4121817999985,1.738920469842578,5.7926883429861995,2.4068004368842466,31.3423023755398,567462.6832555312,0.7123067886093051,,,,,,,,
C_neighbours_plus_traffic,XGBoost,26.0,11.928544700029306,1.7000068352531081,5.587348420099278,2.3637572675931167,30.80438379127946,531121.6522444264,0.7225049726551608,,,,,,,,
A_local_only,RandomForest,27.0,31.96669309999561,1.750933755669583,5.81236078561513,2.4108838183568966,31.43817614423134,530086.7964245672,0.7113297589711287,,,,,,,,
A_local_only,XGBoost,27.0,4.7903918999945745,1.720742594676884,5.637653261800554,2.374374288481189,31.017267461848892,526956.223866284,0.7200065883816371,,,,,,,,
B_local_plus_neighbours,RandomForest,27.0,73.87931730004493,1.738454490827693,5.783058755109328,2.404799109096086,31.30684281870743,549406.9916270396,0.7127850410020857,,,,,,,,
B_local_plus_neighbours,XGBoost,27.0,11.241041900007986,1.7039737041966734,5.599071758910718,2.3662357783853065,30.845201038535574,570146.1437690093,0.7219227343590218,,,,,,,,
C_neighbours_plus_traffic,RandomForest,27.0,81.78686120000202,1.7417261857895368,5.814140286865631,2.4112528459009916,31.352374970226492,550387.7864694854,0.7112413802427875,,,,,,,,
C_neighbours_plus_traffic,XGBoost,27.0,11.882346400001552,1.7073757292544847,5.645586009209641,2.37604419344625,30.882785128480588,556475.5478643677,0.7196126093787731,,,,,,,,
A_local_only,RandomForest,28.0,30.850356799957808,1.7493280553145782,5.8211917155776804,2.4127145947205775,31.38083186917256,516774.8874066453,0.7108911718333331,,,,,,,,
A_local_only,XGBoost,28.0,5.001720000000205,1.7273224069255113,5.6942993282545045,2.3862731042893026,31.112822427365998,540076.6956381684,0.717193267897976,,,,,,,,
B_local_plus_neighbours,RandomForest,28.0,75.30604409996886,1.7399994689755183,5.792402563997776,2.4067410670858997,31.361581677140194,546679.3703043994,0.712320981790443,,,,,,,,
B_local_plus_neighbours,XGBoost,28.0,10.879432699992321,1.7052751556345402,5.612774186666176,2.369129415347793,30.8584802454757,576659.338881435,0.7212422048343168,,,,,,,,
C_neighbours_plus_traffic,RandomForest,28.0,84.53266099997563,1.739866110768809,5.80266260271971,2.408871645131743,31.341379092536265,541983.1605390961,0.7118114181277474,,,,,,,,
C_neighbours_plus_traffic,XGBoost,28.0,12.129442200006451,1.7051564309280598,5.598494474540069,2.36611379154513,30.858220982378587,546805.1097495042,0.7219514051219982,,,,,,,,
A_local_only,RandomForest,29.0,31.602121000003535,1.7511577174271424,5.831346488971533,2.4148181068087786,31.41973863476238,531432.3995114659,0.7103868361612509,,,,,,,,
A_local_only,XGBoost,29.0,4.710260300023947,1.726226634196881,5.665031074975663,2.380132575083931,31.095858789580998,553924.7516694894,0.7186468723867764,,,,,,,,
B_local_plus_neighbours,RandomForest,29.0,72.25211000000127,1.739332591690284,5.8047398728633315,2.4093027773327558,31.330605294475006,559692.0191271568,0.7117082507410075,,,,,,,,
B_local_plus_neighbours,XGBoost,29.0,10.86988230003044,1.7096044223181757,5.66320373155985,2.3797486698304615,30.87993057643354,555121.490721667,0.7187376271908468,,,,,,,,
C_neighbours_plus_traffic,RandomForest,29.0,86.082284300006,1.7350500544295864,5.7818539677861915,2.4045485995891602,31.268643513370158,549916.0217053315,0.7128448766282257,,,,,,,,
C_neighbours_plus_traffic,XGBoost,29.0,11.829201799992006,1.7099274502617596,5.695770968762303,2.3865814397925544,30.90216348031224,585850.8106755301,0.7171201790386015,,,,,,,,
A_local_only,RandomForest,30.0,33.21502389997477,1.7517442601223656,5.826165711905196,2.413745162999855,31.434780809624197,531246.6581782216,0.7106441388682951,,,,,,,,
A_local_only,XGBoost,30.0,4.76897569996072,1.7235388345773412,5.683024463238392,2.3839094914107775,31.014296324619643,528001.2122354622,0.7177532327937932,,,,,,,,
B_local_plus_neighbours,RandomForest,30.0,75.54753739997977,1.7396530455245585,5.786067742345237,2.4054246490682756,31.34712694210401,539515.8354380291,0.7126355999913364,,,,,,,,
B_local_plus_neighbours,XGBoost,30.0,10.983105199993588,1.705927558459353,5.642615796563802,2.3754190780920745,30.834905734893592,621495.491698698,0.7197601246538923,,,,,,,,
C_neighbours_plus_traffic,RandomForest,30.0,82.87250140000833,1.7360128896653528,5.769432056473381,2.401964207991739,31.290046784214077,548074.048977764,0.7134618094486354,,,,,,,,
C_neighbours_plus_traffic,XGBoost,30.0,11.925582800002303,1.7071195585384957,5.666814865703245,2.3805072706680073,30.8793918724099,531852.3902678163,0.7185582806220411,,,,,,,,
A_local_only,LSTM,1.0,96.85424039995996,1.7951902404703093,6.251887401635481,2.500377451833119,32.17168684194889,514673.6454523678,0.6889664296372298,23.0,18.0,64.0,0.1,0.0005,64.0,robust,24.0
A_local_only,LSTM,2.0,53.04051399999298,1.8399738826036662,6.410901568115502,2.531975822972151,32.927608058915794,574798.7122427201,0.6810554196075862,14.0,9.0,64.0,0.1,0.0005,64.0,robust,24.0
A_local_only,LSTM,3.0,73.48835820000386,1.813834074023745,6.26651085985472,2.503299993978892,32.460708094538205,490361.6096261958,0.6882389075101052,19.0,14.0,64.0,0.1,0.0005,64.0,robust,24.0
A_local_only,LSTM,4.0,92.24436159996549,1.7868948745823519,6.1317960275924905,2.476246358420844,32.02852465319044,552097.3013578441,0.6949410172199477,24.0,19.0,64.0,0.1,0.0005,64.0,robust,24.0
A_local_only,LSTM,5.0,76.99221400002716,1.8085505212833484,6.315593254891469,2.5130844106180494,32.345715470648294,515695.38407659647,0.6857970413040309,20.0,15.0,64.0,0.1,0.0005,64.0,robust,24.0
A_local_only,LSTM,6.0,95.79313629999524,1.799868381222864,6.205350144136669,2.4910540227254545,32.19845970893671,539644.1999803397,0.6912816743665191,25.0,20.0,64.0,0.1,0.0005,64.0,robust,24.0
A_local_only,LSTM,7.0,55.83785060001537,1.861465645160356,6.738722575225171,2.59590496267201,32.85568235502099,566107.7634620228,0.6647462106070264,14.0,9.0,64.0,0.1,0.0005,64.0,robust,24.0
A_local_only,LSTM,8.0,76.74213610001607,1.820494979563742,6.453832497048304,2.5404394299113497,32.36689911235994,574447.8731812093,0.6789195909774246,20.0,15.0,64.0,0.1,0.0005,64.0,robust,24.0
A_local_only,LSTM,9.0,54.06244509998942,1.8897522084892044,6.944273662068872,2.635198979596962,33.47836342896214,567494.212059696,0.6545199726206834,14.0,9.0,64.0,0.1,0.0005,64.0,robust,24.0
A_local_only,LSTM,10.0,46.21702149999328,1.9007461788759605,6.808334075888404,2.60927845886337,33.598777107234866,626712.5169287135,0.661283014263482,12.0,7.0,64.0,0.1,0.0005,64.0,robust,24.0
A_local_only,LSTM,11.0,75.25621130003128,1.7929045789600813,6.302191131974613,2.510416525593833,32.03622447376477,500382.524746074,0.6864638015755258,20.0,15.0,64.0,0.1,0.0005,64.0,robust,24.0
A_local_only,LSTM,12.0,51.44829369999934,1.8502026746401714,6.592828765348738,2.5676504367512214,32.94303103424383,532669.5413577318,0.6720044783371559,13.0,8.0,64.0,0.1,0.0005,64.0,robust,24.0
A_local_only,LSTM,13.0,63.048404500004835,1.8114634612353737,6.263642909743334,2.502727094539741,32.378316002979226,495902.6746426743,0.6883815890245761,16.0,11.0,64.0,0.1,0.0005,64.0,robust,24.0
A_local_only,LSTM,14.0,57.933937399997376,1.8092765738520475,6.29975671262318,2.5099316151288225,32.40343682540146,618513.6453673397,0.6865849147840648,15.0,10.0,64.0,0.1,0.0005,64.0,robust,24.0
A_local_only,LSTM,15.0,60.86770170001546,1.8643065152460412,6.726127522630843,2.5934778816544477,33.063657398862425,573416.9892646156,0.6653728188495702,16.0,11.0,64.0,0.1,0.0005,64.0,robust,24.0
A_local_only,LSTM,16.0,43.223272699979134,1.8423745416218207,6.6900472512720714,2.5865125654579897,32.85111767392599,533539.4952151712,0.667167824885258,11.0,6.0,64.0,0.1,0.0005,64.0,robust,24.0
A_local_only,LSTM,17.0,60.851333800004795,1.8052770172759323,6.231021217118008,2.496201357486613,32.44882977566304,488166.4698349834,0.6900045295666399,16.0,11.0,64.0,0.1,0.0005,64.0,robust,24.0
A_local_only,LSTM,18.0,79.72477670002263,1.8072608313570684,6.206046835213893,2.4911938574133274,32.38265723490735,535462.8888652123,0.6912470137433716,21.0,16.0,64.0,0.1,0.0005,64.0,robust,24.0
A_local_only,LSTM,19.0,68.49193279998144,1.814763371547613,6.245766597978208,2.499153176173523,32.52127549219585,506115.0130104089,0.6892709417457672,18.0,13.0,64.0,0.1,0.0005,64.0,robust,24.0
A_local_only,LSTM,20.0,78.27380500000436,1.8053627557343006,6.3115383487013474,2.512277522229849,32.3523073067657,541155.1148971054,0.6859987742958102,21.0,16.0,64.0,0.1,0.0005,64.0,robust,24.0
A_local_only,LSTM,21.0,66.61790189996827,1.7919910416571294,6.177047622451058,2.4853666977834594,31.992115037299936,537903.9544504707,0.6926897346536962,18.0,13.0,64.0,0.1,0.0005,64.0,robust,24.0
A_local_only,LSTM,22.0,53.44913419999648,1.8745752465486496,6.774862214468018,2.6028565489607796,33.1798318365309,533681.8469047595,0.6629482509984793,14.0,9.0,64.0,0.1,0.0005,64.0,robust,24.0
A_local_only,LSTM,23.0,82.51606430002721,1.7969989464678604,6.267904034444686,2.5035782461198783,32.06285980950415,513262.9994557322,0.6881695965902153,22.0,17.0,64.0,0.1,0.0005,64.0,robust,24.0
A_local_only,LSTM,24.0,55.50293610000517,1.8414604699241244,6.482065385278181,2.5459900599331062,32.83067868456636,506343.7668951647,0.6775149949788635,15.0,10.0,64.0,0.1,0.0005,64.0,robust,24.0
A_local_only,LSTM,25.0,50.975573499978054,1.8163354769639661,6.274286335573519,2.5048525576515517,32.609801154255,587534.7500827353,0.6878520748916139,14.0,9.0,64.0,0.1,0.0005,64.0,robust,24.0
A_local_only,LSTM,26.0,72.55291139998008,1.7708166545105364,5.907632242042546,2.430562124703367,31.78362859604864,497314.0093617836,0.70609324343365,19.0,14.0,64.0,0.1,0.0005,64.0,robust,24.0
A_local_only,LSTM,27.0,57.74543020001147,1.8238558782123293,6.3010498976307385,2.510189215503632,32.4455002484062,593829.8433243309,0.6865205783806396,16.0,11.0,64.0,0.1,0.0005,64.0,robust,24.0
A_local_only,LSTM,28.0,78.03925799997523,1.8168673483826616,6.367421261354516,2.5233749743853995,32.51995291151608,478632.09689931665,0.6832185799755737,22.0,17.0,64.0,0.1,0.0005,64.0,robust,24.0
A_local_only,LSTM,29.0,75.1064531999873,1.791278347877275,6.147887640022067,2.4794934240731648,32.34446091233303,515441.1469178286,0.6941404539107692,21.0,16.0,64.0,0.1,0.0005,64.0,robust,24.0
A_local_only,LSTM,30.0,54.075183099950664,1.8302713380188054,6.401923551379052,2.530202274795249,32.599126342290866,556555.3373764683,0.6815020790595117,15.0,10.0,64.0,0.1,0.0005,64.0,robust,24.0
A_local_only,GRU,1.0,57.00012539996533,1.838550627194106,6.722749647458928,2.5928265748906014,32.873451960552316,489382.5853709359,0.6655408693129689,20.0,15.0,64.0,0.1,0.0005,128.0,robust,24.0
A_local_only,GRU,2.0,74.0204323999933,1.813702413939518,6.348174408870844,2.5195583757616817,32.35543204321126,469340.773391535,0.6841761175736878,25.0,20.0,64.0,0.1,0.0005,128.0,robust,24.0
A_local_only,GRU,3.0,57.670523900014814,1.8309387430063149,6.3783643176326565,2.525542380882304,32.73509945886034,630170.8397411926,0.6826741591237233,20.0,15.0,64.0,0.1,0.0005,128.0,robust,24.0
A_local_only,GRU,4.0,83.84348330000648,1.798779281704272,6.230166080817343,2.496030064085235,32.17744839778653,522957.7446799307,0.6900470728947032,28.0,23.0,64.0,0.1,0.0005,128.0,robust,24.0
A_local_only,GRU,5.0,86.55177780002123,1.7809280066058866,6.23985074544077,2.4979693243594427,31.947367873625137,489228.2302718784,0.6895652574648856,30.0,25.0,64.0,0.1,0.0005,128.0,robust,24.0
A_local_only,GRU,6.0,74.18704569997499,1.7936077507235957,6.32448846684184,2.51485356767384,32.27329929938739,484395.1779142011,0.6853545014189821,26.0,21.0,64.0,0.1,0.0005,128.0,robust,24.0
A_local_only,GRU,7.0,42.8451214999659,1.9069598150907154,7.009031830301273,2.6474576163370913,33.64263885458179,563959.524113115,0.6512982312517956,15.0,10.0,64.0,0.1,0.0005,128.0,robust,24.0
A_local_only,GRU,8.0,75.61085480003385,1.770046319942352,6.123038300547042,2.474477379275681,31.82269556874509,546389.0977574827,0.6953767171832095,27.0,22.0,64.0,0.1,0.0005,128.0,robust,24.0
A_local_only,GRU,9.0,58.71336569997948,1.8397524620785115,6.562683355172451,2.5617734785051645,32.89616708451298,481110.1934498811,0.67350422296703,20.0,15.0,64.0,0.1,0.0005,128.0,robust,24.0
A_local_only,GRU,10.0,36.79798590001883,1.9702925488009724,7.272359688580649,2.6967312970669974,34.735649776993135,630811.6849099678,0.6381975788127915,13.0,8.0,64.0,0.1,0.0005,128.0,robust,24.0
A_local_only,GRU,11.0,83.20351469999878,1.792733435961327,6.207659980451407,2.491517605888308,32.13841590545233,535241.4123011978,0.6911667592073405,30.0,28.0,64.0,0.1,0.0005,128.0,robust,24.0
A_local_only,GRU,12.0,71.49249629996484,1.776361106221579,6.136463093396938,2.477188546194443,31.840563897686426,527395.2844775367,0.6947088290746694,26.0,21.0,64.0,0.1,0.0005,128.0,robust,24.0
A_local_only,GRU,13.0,41.68563349999022,1.9304609277710583,7.188636174419355,2.681163212939368,34.152663868221694,650239.7917619593,0.6423628527308874,15.0,10.0,64.0,0.1,0.0005,128.0,robust,24.0
A_local_only,GRU,14.0,56.97848879999947,1.8325941730616362,6.5297723482667,2.5553419239441717,32.51997959634564,474198.1393972209,0.6751415569950633,21.0,16.0,64.0,0.1,0.0005,128.0,robust,24.0
A_local_only,GRU,15.0,38.3749224000494,1.9684255616532016,7.569065079313182,2.7511933918416536,34.921580841402196,544929.2383902725,0.6234363825376827,14.0,9.0,64.0,0.1,0.0005,128.0,robust,24.0
A_local_only,GRU,16.0,45.42614200001117,1.8651223693767993,6.858586359512984,2.6188902916145578,33.316825546224365,488717.9793606966,0.6587829456937014,17.0,12.0,64.0,0.1,0.0005,128.0,robust,24.0
A_local_only,GRU,17.0,42.84625070000766,1.861360880005568,6.771036387105629,2.6021215165909584,32.951274413935735,589374.5395492128,0.6631385872389888,16.0,11.0,64.0,0.1,0.0005,128.0,robust,24.0
A_local_only,GRU,18.0,49.74831840000115,1.8333939175168468,6.694267864784492,2.5873283256642345,32.91915483037974,527917.6775346398,0.6669578478966216,19.0,14.0,64.0,0.1,0.0005,128.0,robust,24.0
A_local_only,GRU,19.0,77.84967870003311,1.830039532503432,6.467906823600124,2.543207978833057,32.876337757224505,444435.65871054225,0.6782193883415423,30.0,27.0,64.0,0.1,0.0005,128.0,robust,24.0
A_local_only,GRU,20.0,55.47268649999751,1.8696287625209986,7.139446328360041,2.671974237967133,33.02949999585024,560011.7255446557,0.6448100646626669,20.0,15.0,64.0,0.1,0.0005,128.0,robust,24.0
A_local_only,GRU,21.0,44.75311499997042,1.87575680046715,6.913397757465927,2.629334090119764,33.66945243542398,562517.7914485271,0.6560560596020839,16.0,11.0,64.0,0.1,0.0005,128.0,robust,24.0
A_local_only,GRU,22.0,65.48742730001686,1.8410355916097039,6.628666284533548,2.5746196388075555,32.770279009598255,536939.3848509074,0.6702215493064636,25.0,20.0,64.0,0.1,0.0005,128.0,robust,24.0
A_local_only,GRU,23.0,78.94938120001461,1.7839748002490332,6.1125861116665785,2.4723644779171576,32.408945247195426,454887.3968172757,0.6958967172114803,30.0,28.0,64.0,0.1,0.0005,128.0,robust,24.0
A_local_only,GRU,24.0,34.776213600009214,1.9444208551553948,7.517943207461691,2.7418867969815404,34.04732488789083,472838.3969126998,0.6259797134238785,13.0,8.0,64.0,0.1,0.0005,128.0,robust,24.0
A_local_only,GRU,25.0,60.80107519996818,1.8417049062853414,6.795311296932426,2.6067817892820306,32.68567915021508,514450.81530792784,0.6619309020411255,23.0,18.0,64.0,0.1,0.0005,128.0,robust,24.0
A_local_only,GRU,26.0,70.76709139999002,1.7901627622410732,6.115258750564314,2.472904921456608,32.30087455909002,524273.7247044165,0.6957637524977467,27.0,22.0,64.0,0.1,0.0005,128.0,robust,24.0
A_local_only,GRU,27.0,58.33627470000647,1.8415393236073656,6.5985435480407695,2.568763038514991,32.80417584746178,576293.0404467599,0.6717201659127054,22.0,17.0,64.0,0.1,0.0005,128.0,robust,24.0
A_local_only,GRU,28.0,50.654229999985546,1.8321589790120607,6.642402299600292,2.577285839715939,32.73548035498887,520992.5459243139,0.6695381777845055,19.0,14.0,64.0,0.1,0.0005,128.0,robust,24.0
A_local_only,GRU,29.0,37.43518510001013,1.8767753286562052,6.925015007691679,2.6315423248908005,33.25368489062303,556420.4112345394,0.6554780973671006,14.0,9.0,64.0,0.1,0.0005,128.0,robust,24.0
A_local_only,GRU,30.0,42.39901329996064,1.8919538028106133,6.954916761848821,2.637217617461407,33.436084282764256,581136.2790732362,0.6539904747088339,16.0,11.0,64.0,0.1,0.0005,128.0,robust,24.0
B_local_plus_neighbours,LSTM,1.0,85.69632390001789,1.8472323644114734,6.766421288110478,2.601234569989888,33.05806149775666,506067.0001019652,0.6633681900174495,22.0,17.0,64.0,0.1,0.0005,64.0,robust,24.0
B_local_plus_neighbours,LSTM,2.0,87.23350090003805,1.8289540049144646,6.329187095747343,2.5157875696781997,32.77024408413236,505033.4833658582,0.68512074299846,22.0,17.0,64.0,0.1,0.0005,64.0,robust,24.0
B_local_plus_neighbours,LSTM,3.0,75.86634409998078,1.9086620516110582,7.08957539313137,2.662625657716715,33.84851763270161,532696.37276099,0.6472911610172567,18.0,13.0,64.0,0.1,0.0005,64.0,robust,24.0
B_local_plus_neighbours,LSTM,4.0,91.84159660001751,1.8370698627877917,6.325621967322468,2.5150789187066214,32.72658216934144,528249.1385445623,0.6852981093762518,23.0,18.0,64.0,0.1,0.0005,64.0,robust,24.0
B_local_plus_neighbours,LSTM,5.0,68.83019320003223,1.8756415942642342,6.824267450053386,2.6123298892087474,33.233319952581546,575956.8400150753,0.6604903233629447,17.0,12.0,64.0,0.1,0.0005,64.0,robust,24.0
B_local_plus_neighbours,LSTM,6.0,99.30211629997939,1.8244219418666185,6.4010377717763545,2.5300272274772766,32.6061226159691,474871.845635179,0.6815461469024977,24.0,19.0,64.0,0.1,0.0005,64.0,robust,24.0
B_local_plus_neighbours,LSTM,7.0,80.45184990001144,1.8217553668898567,6.346532509251737,2.5192325238555764,32.569837411545485,568838.9781389309,0.6842578026501935,20.0,15.0,64.0,0.1,0.0005,64.0,robust,24.0
B_local_plus_neighbours,LSTM,8.0,81.32863909995649,1.8667337811357616,6.717469716484472,2.591808194385625,33.1589933754033,545359.4894155383,0.6658035477133866,20.0,15.0,64.0,0.1,0.0005,64.0,robust,24.0
B_local_plus_neighbours,LSTM,9.0,66.19966560002649,1.8688195472484055,6.621433331359509,2.573214591004705,33.29948463311537,555276.3767475123,0.670581391239861,16.0,11.0,64.0,0.1,0.0005,64.0,robust,24.0
B_local_plus_neighbours,LSTM,10.0,125.3664866000181,1.837056653486706,6.411943719209872,2.5321816126040155,32.88246057570814,587186.7997908619,0.6810035722285603,30.0,25.0,64.0,0.1,0.0005,64.0,robust,24.0
B_local_plus_neighbours,LSTM,11.0,82.44515410001623,1.8573000404066613,6.493951214265084,2.5483232162080784,33.04950113630754,590059.426001889,0.6769236708571988,20.0,15.0,64.0,0.1,0.0005,64.0,robust,24.0
B_local_plus_neighbours,LSTM,12.0,87.76608910004143,1.8760544637386598,6.912407108520004,2.629145699370806,33.27770736297934,572704.8739373693,0.6561053447313308,21.0,16.0,64.0,0.1,0.0005,64.0,robust,24.0
B_local_plus_neighbours,LSTM,13.0,81.11429449997377,1.8499445552300442,6.639704057078054,2.5767623206415555,32.96596688676276,482067.1504047025,0.6696724162874537,20.0,15.0,64.0,0.1,0.0005,64.0,robust,24.0
B_local_plus_neighbours,LSTM,14.0,65.2303024000139,1.8590681132977527,7.095375927378202,2.6637146858059335,32.93257370754476,576414.1146652745,0.6470025824231618,16.0,11.0,64.0,0.1,0.0005,64.0,robust,24.0
B_local_plus_neighbours,LSTM,15.0,80.6123311999836,1.9219199272803142,7.131465026210759,2.670480298787235,34.09235966467543,523251.6907338555,0.6452071372175862,20.0,15.0,64.0,0.1,0.0005,64.0,robust,24.0
B_local_plus_neighbours,LSTM,16.0,81.2661285000504,1.83692247103649,6.491623984444187,2.5478665554624693,32.62281363640274,604162.8878352249,0.6770394513493522,20.0,15.0,64.0,0.1,0.0005,64.0,robust,24.0
B_local_plus_neighbours,LSTM,17.0,96.73170180001762,1.8034118716709868,6.157519055001512,2.481434878251193,32.42408378628514,564793.4832104539,0.6936612876692405,24.0,19.0,64.0,0.1,0.0005,64.0,robust,24.0
B_local_plus_neighbours,LSTM,18.0,61.20602549996693,1.9164109257035682,7.104078676996898,2.6653477591107877,33.93127806697531,509096.2849023044,0.6465696176059823,15.0,10.0,64.0,0.1,0.0005,64.0,robust,24.0
B_local_plus_neighbours,LSTM,19.0,100.74466419999953,1.8445683187891933,6.637764121657445,2.576385864279154,32.80843530678291,546334.8603707107,0.6697689287486326,25.0,20.0,64.0,0.1,0.0005,64.0,robust,24.0
B_local_plus_neighbours,LSTM,20.0,81.53050059999805,1.8782303649114354,6.760903405634651,2.600173726048829,33.254208777875775,496622.9175031455,0.6636427065877335,20.0,15.0,64.0,0.1,0.0005,64.0,robust,24.0
B_local_plus_neighbours,LSTM,21.0,107.53777550003724,1.8615991479571563,6.637169622524065,2.576270487065375,33.344452513186916,550070.234765883,0.6697985052870687,27.0,22.0,64.0,0.1,0.0005,64.0,robust,24.0
B_local_plus_neighbours,LSTM,22.0,60.99465320003219,1.855376337231113,6.576317505544017,2.564433174318258,33.148308580038965,485170.95991333283,0.6728259192490487,15.0,10.0,64.0,0.1,0.0005,64.0,robust,24.0
B_local_plus_neighbours,LSTM,23.0,78.59245029999875,1.8110354009672207,6.377302545641721,2.5253321654074976,32.37311201059456,525058.8555995576,0.6827269826491702,19.0,14.0,64.0,0.1,0.0005,64.0,robust,24.0
B_local_plus_neighbours,LSTM,24.0,54.09095380001236,1.9170787285852617,7.112622854825777,2.666950103550079,33.630376359841385,588727.480162356,0.6461445417904397,13.0,8.0,64.0,0.1,0.0005,64.0,robust,24.0
B_local_plus_neighbours,LSTM,25.0,80.80106189998332,1.8390983887956882,6.578419045025508,2.564842888955483,32.693225006648206,517265.91679073044,0.6727213669296938,20.0,15.0,64.0,0.1,0.0005,64.0,robust,24.0
B_local_plus_neighbours,LSTM,26.0,72.44864760001656,1.9131947892134198,7.051438512482962,2.6554544832256046,33.47618837380315,554745.8075140265,0.6491884840796442,18.0,13.0,64.0,0.1,0.0005,64.0,robust,24.0
B_local_plus_neighbours,LSTM,27.0,94.16642160003539,1.8357938249271042,6.481202452909993,2.54582058537321,32.712009920046015,600939.491490511,0.6775579261639947,23.0,18.0,64.0,0.1,0.0005,64.0,robust,24.0
B_local_plus_neighbours,LSTM,28.0,60.64160420000553,1.936005682056843,7.175492114747866,2.6787109054072755,33.90027517431637,510711.13802536385,0.6430167742662649,14.0,9.0,64.0,0.1,0.0005,64.0,robust,24.0
B_local_plus_neighbours,LSTM,29.0,121.092021199991,1.8357329468169832,6.464180673438068,2.542475304390992,32.623486168444764,494451.88235266716,0.6784047656067037,30.0,25.0,64.0,0.1,0.0005,64.0,robust,24.0
B_local_plus_neighbours,LSTM,30.0,52.654920500004664,1.9130624744004012,6.962148893887083,2.6385884282864356,33.9204793859508,538290.8140775405,0.6536306736272265,13.0,8.0,64.0,0.1,0.0005,64.0,robust,24.0
B_local_plus_neighbours,GRU,1.0,91.59190439997474,1.79094506026904,6.220545604375984,2.494102163981256,32.11797319828098,508316.5162144725,0.6905256949401617,30.0,29.0,64.0,0.1,0.0005,128.0,robust,24.0
B_local_plus_neighbours,GRU,2.0,72.37758380000014,1.858524127821755,6.6930961035577745,2.5871018734401967,32.879115298318894,580240.7524536082,0.667016143424763,23.0,18.0,64.0,0.1,0.0005,128.0,robust,24.0
B_local_plus_neighbours,GRU,3.0,84.99006199999712,1.809593237065747,6.443646169259138,2.538433802418164,32.27907696680412,504991.8364686635,0.6794263643240337,28.0,23.0,64.0,0.1,0.0005,128.0,robust,24.0
B_local_plus_neighbours,GRU,4.0,93.34636169997975,1.8012331778905064,6.320675783354092,2.5140954204950323,32.204655657241645,558675.0277032622,0.6855441837471614,30.0,27.0,64.0,0.1,0.0005,128.0,robust,24.0
B_local_plus_neighbours,GRU,5.0,81.78715069999453,1.8003028307430158,6.383775881997925,2.5266135205048528,32.28455774301449,499793.86704263627,0.6824049319163783,26.0,21.0,64.0,0.1,0.0005,128.0,robust,24.0
B_local_plus_neighbours,GRU,6.0,90.54899380001007,1.805156297632127,6.46767955118444,2.5431632962089634,32.256956426830605,529452.5028851418,0.6782306952231852,29.0,24.0,64.0,0.1,0.0005,128.0,robust,24.0
B_local_plus_neighbours,GRU,7.0,77.61522570002126,1.819891484822398,6.448224602221928,2.5393354646879422,32.31047514732891,576316.286308184,0.679198585693422,24.0,19.0,64.0,0.1,0.0005,128.0,robust,24.0
B_local_plus_neighbours,GRU,8.0,91.38637080002809,1.7881144682466346,6.102471053312425,2.4703180065150367,32.196174741163034,490720.59399779176,0.6963999448789358,30.0,25.0,64.0,0.1,0.0005,128.0,robust,24.0
B_local_plus_neighbours,GRU,9.0,57.51971099997172,1.8928033678107838,6.98486029742585,2.6428886275107866,33.66209067395299,544202.1585018688,0.6525007734104113,18.0,13.0,64.0,0.1,0.0005,128.0,robust,24.0
B_local_plus_neighbours,GRU,10.0,87.55293640005402,1.8456658149368435,6.609952994284623,2.5709828848680853,32.589045915780325,524476.2491613613,0.6711525419980202,28.0,23.0,64.0,0.1,0.0005,128.0,robust,24.0
B_local_plus_neighbours,GRU,11.0,73.38414909999119,1.881809471238108,6.828164729044162,2.613075722026471,33.066879695403756,608203.2104215632,0.6602964323790981,24.0,19.0,64.0,0.1,0.0005,128.0,robust,24.0
B_local_plus_neighbours,GRU,12.0,76.07960659998935,1.8236028708096705,6.346620671102894,2.5192500215546083,32.629249664586666,503910.03318147134,0.6842534165674679,25.0,20.0,64.0,0.1,0.0005,128.0,robust,24.0
B_local_plus_neighbours,GRU,13.0,67.38772589998553,1.9312377998792596,7.428567225018063,2.725539804335659,33.99335189608774,499334.1114231008,0.6304261996028921,22.0,17.0,64.0,0.1,0.0005,128.0,robust,24.0
B_local_plus_neighbours,GRU,14.0,37.6802760999999,2.012715155140441,7.565748653252949,2.7505906008079335,35.141520874784064,694874.0911870576,0.6236013758864256,12.0,7.0,64.0,0.1,0.0005,128.0,robust,24.0
B_local_plus_neighbours,GRU,15.0,46.861710499972105,1.9718024956833597,7.453980393169014,2.7301978670361997,34.806864048801614,604421.3583825439,0.6291618856579302,15.0,10.0,64.0,0.1,0.0005,128.0,robust,24.0
B_local_plus_neighbours,GRU,16.0,93.20748779998394,1.8397709282258274,6.6241912019496985,2.573750415628854,32.56243410045428,524677.0800818227,0.6704441862198154,30.0,30.0,64.0,0.1,0.0005,128.0,robust,24.0
B_local_plus_neighbours,GRU,17.0,79.51852250000229,1.8254582625182865,6.476784655284422,2.544952780560854,32.351320569048426,531417.417038915,0.6777777131307692,26.0,21.0,64.0,0.1,0.0005,128.0,robust,24.0
B_local_plus_neighbours,GRU,18.0,74.55055250000441,1.8625879958675018,6.969963388062099,2.640068822599536,33.18054205726569,503023.0374613174,0.653241899826982,24.0,19.0,64.0,0.1,0.0005,128.0,robust,24.0
B_local_plus_neighbours,GRU,19.0,73.14912590000313,1.8446882860152762,6.56669392787924,2.562556131654337,32.56857888913427,544641.9082912578,0.6733046955814496,24.0,19.0,64.0,0.1,0.0005,128.0,robust,24.0
B_local_plus_neighbours,GRU,20.0,81.3845694999909,1.8281104361910478,6.592278074183096,2.567543198114317,32.51342278237496,504229.16493236745,0.6720318754139766,26.0,21.0,64.0,0.1,0.0005,128.0,robust,24.0
B_local_plus_neighbours,GRU,21.0,92.96783440001309,1.8313375996529553,6.4549611426819276,2.540661556107371,32.80255518001595,494782.70379794785,0.6788634404650196,30.0,28.0,64.0,0.1,0.0005,128.0,robust,24.0
B_local_plus_neighbours,GRU,22.0,92.47956539998995,1.799550426817642,6.155259059804743,2.4809794557401608,32.20699159211061,526680.2380103495,0.6937737232154837,30.0,26.0,64.0,0.1,0.0005,128.0,robust,24.0
B_local_plus_neighbours,GRU,23.0,81.83835199999157,1.814274408814592,6.627332023381831,2.574360507656577,32.41104601612402,547653.252650036,0.670287929262332,27.0,22.0,64.0,0.1,0.0005,128.0,robust,24.0
B_local_plus_neighbours,GRU,24.0,72.74131060001673,1.853063944916048,6.800360021948093,2.6077499922247327,32.71822532496523,556375.8914694778,0.6616797262174867,24.0,19.0,64.0,0.1,0.0005,128.0,robust,24.0
B_local_plus_neighbours,GRU,25.0,90.68263479997404,1.8116803655445628,6.273764815197938,2.504748453477502,32.3679738222458,499139.8739656348,0.6878780207114942,30.0,25.0,64.0,0.1,0.0005,128.0,robust,24.0
B_local_plus_neighbours,GRU,26.0,81.35972490004497,1.8213111636233428,6.40266117186309,2.5303480337422144,32.69499066763891,515681.93498165737,0.6814653821841548,26.0,21.0,64.0,0.1,0.0005,128.0,robust,24.0
B_local_plus_neighbours,GRU,27.0,92.80592100002104,1.8054706399163925,6.335417066808158,2.517025440238568,32.29913213363321,480230.9209136284,0.6848107997736677,30.0,29.0,64.0,0.1,0.0005,128.0,robust,24.0
B_local_plus_neighbours,GRU,28.0,73.4400746000465,1.8714143059241395,6.7182274528389785,2.5919543693589553,33.14468269028152,523645.79209796037,0.6657658500664849,23.0,18.0,64.0,0.1,0.0005,128.0,robust,24.0
B_local_plus_neighbours,GRU,29.0,89.5530256999773,1.7910435445084634,6.27143532934464,2.504283396372032,31.993104870432553,502599.1988655047,0.6879939134420433,30.0,30.0,64.0,0.1,0.0005,128.0,robust,24.0
B_local_plus_neighbours,GRU,30.0,90.42442559998017,1.8276782786565722,6.428701082870577,2.535488332229233,32.613187143651814,575791.2893361097,0.6801698875643272,30.0,26.0,64.0,0.1,0.0005,128.0,robust,24.0
C_neighbours_plus_traffic,LSTM,1.0,61.70225890004076,1.8974819806015315,7.209759501674769,2.6850995329176848,33.41253733011884,636842.9311773996,0.641311959860924,15.0,10.0,64.0,0.1,0.0005,64.0,robust,24.0
C_neighbours_plus_traffic,LSTM,2.0,72.6482406000141,1.8374063908671385,6.451971472842286,2.540073123522684,32.59019984554739,550816.7169684204,0.6790121775782609,18.0,13.0,64.0,0.1,0.0005,64.0,robust,24.0
C_neighbours_plus_traffic,LSTM,3.0,84.61167939996812,1.8469380174047287,6.677868018447853,2.584157119535856,32.85611038066668,616768.6868776504,0.6677737459497681,21.0,16.0,64.0,0.1,0.0005,64.0,robust,24.0
C_neighbours_plus_traffic,LSTM,4.0,117.04323050001403,1.8231973614478534,6.300909882003548,2.510161325891933,32.72428955541361,516044.2520039379,0.6865275442067389,29.0,24.0,64.0,0.1,0.0005,64.0,robust,24.0
C_neighbours_plus_traffic,LSTM,5.0,72.34032899996964,1.8514886940780833,6.560781341066796,2.5614022216486805,33.111583518782034,528541.9011965424,0.6735988488296147,18.0,13.0,64.0,0.1,0.0005,64.0,robust,24.0
C_neighbours_plus_traffic,LSTM,6.0,83.89483340003062,1.849604394814101,6.555217883014082,2.5603159732763614,32.901470733411664,535804.6695005249,0.6738756328006835,21.0,16.0,64.0,0.1,0.0005,64.0,robust,24.0
C_neighbours_plus_traffic,LSTM,7.0,53.44618600001559,1.915812021442173,6.960490324832815,2.6382741185920797,33.72274273584339,581216.1195793956,0.6537131880139231,13.0,8.0,64.0,0.1,0.0005,64.0,robust,24.0
C_neighbours_plus_traffic,LSTM,8.0,83.90342580003198,1.8460192179766852,6.680680576660102,2.584701254818456,32.73451414674924,562777.7594084047,0.6676338202015245,21.0,16.0,64.0,0.1,0.0005,64.0,robust,24.0
C_neighbours_plus_traffic,LSTM,9.0,48.389422100037336,1.9550504428303486,7.329713246129067,2.7073443161388,34.27229669992163,561837.1339556094,0.6353442193980611,12.0,7.0,64.0,0.1,0.0005,64.0,robust,24.0
C_neighbours_plus_traffic,LSTM,10.0,77.75626100000227,1.8484057721768945,6.501052478713423,2.5497161564992727,32.94409064122667,546547.539190084,0.6765703804836585,18.0,13.0,64.0,0.1,0.0005,64.0,robust,24.0
C_neighbours_plus_traffic,LSTM,11.0,60.898089699971024,1.8769889474140051,6.771204048284474,2.602153732638499,33.15582142621174,535644.5141243681,0.6631302460370896,15.0,10.0,64.0,0.1,0.0005,64.0,robust,24.0
C_neighbours_plus_traffic,LSTM,12.0,82.86800110002514,1.823063524463129,6.47286524020275,2.5441826271324843,32.41513589112977,564267.6116356777,0.6779727053928287,20.0,15.0,64.0,0.1,0.0005,64.0,robust,24.0
C_neighbours_plus_traffic,LSTM,13.0,100.87955840001814,1.8404737991242308,6.773378408929175,2.602571499292416,32.762301319668154,589113.0686130648,0.6630220708395643,25.0,20.0,64.0,0.1,0.0005,64.0,robust,24.0
C_neighbours_plus_traffic,LSTM,14.0,72.72029550001025,1.8231528962778736,6.318868094409592,2.513735883980175,32.66943161035931,556127.781246447,0.6856341169002067,18.0,13.0,64.0,0.1,0.0005,64.0,robust,24.0
C_neighbours_plus_traffic,LSTM,15.0,68.60364380001556,1.919715311050655,6.964699869567741,2.6390717818141556,34.137821433511775,599497.6597521474,0.6535037617008127,17.0,12.0,64.0,0.1,0.0005,64.0,robust,24.0
C_neighbours_plus_traffic,LSTM,16.0,120.90804060001392,1.8146027027698324,6.261333254531148,2.5022656242955397,32.538050457604776,547177.6486363403,0.68849649517384,30.0,29.0,64.0,0.1,0.0005,64.0,robust,24.0
C_neighbours_plus_traffic,LSTM,17.0,75.01938549999613,1.8877832382666209,6.75106091691283,2.5982803768863802,33.34238500295504,577145.9067664979,0.66413237382128,18.0,13.0,64.0,0.1,0.0005,64.0,robust,24.0
C_neighbours_plus_traffic,LSTM,18.0,83.06976439995924,1.8765331964880314,6.7187182903337215,2.5920490524551654,33.237240886589376,545868.3301127689,0.6657414307305869,20.0,15.0,64.0,0.1,0.0005,64.0,robust,24.0
C_neighbours_plus_traffic,LSTM,19.0,101.92319419997511,1.8390235400286872,6.7805460003654,2.603948156236103,32.834511805139485,504074.5598984151,0.662665480675332,25.0,20.0,64.0,0.1,0.0005,64.0,robust,24.0
C_neighbours_plus_traffic,LSTM,20.0,72.76343869999982,1.9021861244558702,7.293805178805082,2.700704570812047,33.51943818425258,540437.9019286694,0.6371306582231884,18.0,13.0,64.0,0.1,0.0005,64.0,robust,24.0
C_neighbours_plus_traffic,LSTM,21.0,96.58413360000122,1.8180382980882244,6.366674956007139,2.5232270916441784,32.54663182157994,490680.8656602524,0.683255708925899,24.0,19.0,64.0,0.1,0.0005,64.0,robust,24.0
C_neighbours_plus_traffic,LSTM,22.0,64.48597130004782,1.9139634529319645,7.007128397786809,2.6470981088329175,33.731845713213445,521510.7312830436,0.6513929276807116,16.0,11.0,64.0,0.1,0.0005,64.0,robust,24.0
C_neighbours_plus_traffic,LSTM,23.0,65.73411000001943,1.8174457993053283,6.33743664403108,2.5174265915873457,32.508217913364916,511930.8526166432,0.6847103251051532,16.0,11.0,64.0,0.1,0.0005,64.0,robust,24.0
C_neighbours_plus_traffic,LSTM,24.0,60.43374160001986,1.885545140348121,6.8760634514373535,2.622224904816014,33.39802706731036,595103.970824331,0.6579134542982913,15.0,10.0,64.0,0.1,0.0005,64.0,robust,24.0
C_neighbours_plus_traffic,LSTM,25.0,92.95860280003399,1.8605306237309904,6.6220303788428625,2.573330600378207,32.87751449147612,534442.1996458208,0.6705516879201284,23.0,18.0,64.0,0.1,0.0005,64.0,robust,24.0
C_neighbours_plus_traffic,LSTM,26.0,84.53272909997031,1.8474530572335754,6.679826862218034,2.584536101937451,32.79805193599067,560859.3184454873,0.6676762927916285,21.0,16.0,64.0,0.1,0.0005,64.0,robust,24.0
C_neighbours_plus_traffic,LSTM,27.0,93.6062421000097,1.8488400762884074,6.551643373810491,2.559617817919404,32.865112559694495,579172.8086019766,0.6740534658754758,23.0,18.0,64.0,0.1,0.0005,64.0,robust,24.0
C_neighbours_plus_traffic,LSTM,28.0,117.45142319996376,1.8052561740512922,6.306753985237287,2.511325145264405,32.45476487799833,479221.71324855863,0.6862367980404078,29.0,24.0,64.0,0.1,0.0005,64.0,robust,24.0
C_neighbours_plus_traffic,LSTM,29.0,77.10125080001308,1.8975815721121445,6.876400068072247,2.6222890893401223,33.386857827740016,567844.2693467509,0.6578967075037525,19.0,14.0,64.0,0.1,0.0005,64.0,robust,24.0
C_neighbours_plus_traffic,LSTM,30.0,69.54667230002815,1.8793933902060944,6.700295386648726,2.588492879389226,33.34176617668983,549482.8584146516,0.6666579765896973,17.0,12.0,64.0,0.1,0.0005,64.0,robust,24.0
C_neighbours_plus_traffic,GRU,1.0,85.05660630000057,1.7867082092113833,6.22572838436222,2.4951409548084094,31.90019389117083,508040.45708318683,0.6902678498351615,27.0,22.0,64.0,0.1,0.0005,128.0,robust,24.0
C_neighbours_plus_traffic,GRU,2.0,68.26199980004458,1.8716384297962503,6.87823286766696,2.6226385316446033,32.728696190218756,566106.512076981,0.6578055250871349,21.0,16.0,64.0,0.1,0.0005,128.0,robust,24.0
C_neighbours_plus_traffic,GRU,3.0,54.23140270001022,1.8949451021824801,6.994119297844646,2.6446397293099575,33.59701302051592,519946.21394827607,0.6520401349226651,17.0,12.0,64.0,0.1,0.0005,128.0,robust,24.0
C_neighbours_plus_traffic,GRU,4.0,89.25010810000822,1.826758844595403,6.626415221959186,2.574182437582695,32.584497843310714,496423.0499870045,0.6703335404516385,29.0,24.0,64.0,0.1,0.0005,128.0,robust,24.0
C_neighbours_plus_traffic,GRU,5.0,46.963001500000246,1.8852477100963547,6.938476071926557,2.6340987209910254,33.64775267628971,519275.69946225523,0.6548084047445557,15.0,10.0,64.0,0.1,0.0005,128.0,robust,24.0
C_neighbours_plus_traffic,GRU,6.0,76.72993739997037,1.7995386400797455,6.16005458561588,2.481945725759506,32.27998874930505,607778.421287756,0.6935351441402409,25.0,20.0,64.0,0.1,0.0005,128.0,robust,24.0
C_neighbours_plus_traffic,GRU,7.0,71.8939930999768,1.8468206468086181,6.491355583195921,2.5478138831547175,32.61231313277159,582553.4603064972,0.6770528044047057,23.0,18.0,64.0,0.1,0.0005,128.0,robust,24.0
C_neighbours_plus_traffic,GRU,8.0,72.13688669999829,1.812250619025212,6.316387844649956,2.5132424961889286,32.281145800921784,522379.0680482581,0.685757510187477,23.0,18.0,64.0,0.1,0.0005,128.0,robust,24.0
C_neighbours_plus_traffic,GRU,9.0,87.12636410002597,1.8283568405778112,6.539173511895089,2.557180774191588,32.66431301254432,503211.5154013749,0.6746738458382473,28.0,23.0,64.0,0.1,0.0005,128.0,robust,24.0
C_neighbours_plus_traffic,GRU,10.0,75.58525369997369,1.8376561928611235,6.5630366654052565,2.5618424357101386,32.55820028165684,513327.77648967115,0.6734866456601953,24.0,19.0,64.0,0.1,0.0005,128.0,robust,24.0
C_neighbours_plus_traffic,GRU,11.0,93.56920289999107,1.8188208796750347,6.417747618505131,2.5333273808383177,32.45934835630086,468883.06070391263,0.680714826222137,30.0,27.0,64.0,0.1,0.0005,128.0,robust,24.0
C_neighbours_plus_traffic,GRU,12.0,88.64879539998947,1.7974150751893483,6.186111264369415,2.487189430736914,32.16268433919597,532491.9632189777,0.6922388153192215,29.0,24.0,64.0,0.1,0.0005,128.0,robust,24.0
C_neighbours_plus_traffic,GRU,13.0,88.51510219997726,1.8397733744682343,6.4821991172439954,2.5460163230513655,33.15976671576307,548566.0284118118,0.6775083417671008,28.0,23.0,64.0,0.1,0.0005,128.0,robust,24.0
C_neighbours_plus_traffic,GRU,14.0,67.60491389996605,1.8319663021276247,6.55679464080702,2.5606238772625356,32.432770763519684,514648.96078046376,0.6737971885526622,22.0,17.0,64.0,0.1,0.0005,128.0,robust,24.0
C_neighbours_plus_traffic,GRU,15.0,73.64872280001873,1.8850909329492471,7.038643097881163,2.653044119098128,33.32269919792723,560347.4232018305,0.6498250604016728,24.0,19.0,64.0,0.1,0.0005,128.0,robust,24.0
C_neighbours_plus_traffic,GRU,16.0,88.8082172999857,1.8068358336983874,6.430989863128155,2.5359396410656454,32.2300922351666,509646.5891763093,0.6800560199513077,29.0,24.0,64.0,0.1,0.0005,128.0,robust,24.0
C_neighbours_plus_traffic,GRU,17.0,60.123051600006875,1.8688723560188802,6.896300260757812,2.6260807795568306,33.64717483225121,444995.90018880356,0.6569066660036003,19.0,14.0,64.0,0.1,0.0005,128.0,robust,24.0
C_neighbours_plus_traffic,GRU,18.0,69.26300879998598,1.9304337125706934,7.301600996044497,2.7021474785889272,33.61289735834968,557365.2389071416,0.636742813606979,22.0,17.0,64.0,0.1,0.0005,128.0,robust,24.0
C_neighbours_plus_traffic,GRU,19.0,76.98900369997136,1.8213996919600044,6.378452952182034,2.525559928447954,32.352276390699444,544605.7431952487,0.682669749524097,25.0,20.0,64.0,0.1,0.0005,128.0,robust,24.0
C_neighbours_plus_traffic,GRU,20.0,67.41307890001917,1.8494339898061807,6.66318988355225,2.58131553351237,32.76320576142373,513483.0551121229,0.6685039882605384,22.0,17.0,64.0,0.1,0.0005,128.0,robust,24.0
C_neighbours_plus_traffic,GRU,21.0,89.71019929996692,1.8282223350372775,6.2756503333081275,2.5051248139180866,33.0694043947861,534641.9775263985,0.6877842155304152,29.0,24.0,64.0,0.1,0.0005,128.0,robust,24.0
C_neighbours_plus_traffic,GRU,22.0,64.58234800002538,1.8666988237951818,6.784185547142124,2.604646914102202,32.99936853477766,582756.3600845707,0.6624844119586801,21.0,16.0,64.0,0.1,0.0005,128.0,robust,24.0
C_neighbours_plus_traffic,GRU,23.0,51.7704500000109,1.9364406517548056,7.319172070448247,2.7053968415831804,34.02324441617542,574248.2691427855,0.6358686465505669,16.0,11.0,64.0,0.1,0.0005,128.0,robust,24.0
C_neighbours_plus_traffic,GRU,24.0,93.66201790003106,1.7934901262022502,6.21337495898321,2.492664229089672,32.134405721588806,536678.267126545,0.6908824370397932,30.0,28.0,64.0,0.1,0.0005,128.0,robust,24.0
C_neighbours_plus_traffic,GRU,25.0,76.2163717999938,1.8157322077439826,6.402818446745358,2.5303791112687755,32.66081038050662,494818.28678193985,0.6814575577041191,24.0,19.0,64.0,0.1,0.0005,128.0,robust,24.0
C_neighbours_plus_traffic,GRU,26.0,49.803679500008,1.956523892834196,7.450166142356752,2.729499247546471,34.40619160491595,584163.8583660475,0.6293516459610486,16.0,11.0,64.0,0.1,0.0005,128.0,robust,24.0
C_neighbours_plus_traffic,GRU,27.0,70.72988860000623,1.8639090959494002,6.638180556642883,2.5764666806778003,32.85511465714085,528848.0865486774,0.6697482109634225,23.0,18.0,64.0,0.1,0.0005,128.0,robust,24.0
C_neighbours_plus_traffic,GRU,28.0,76.49322780000512,1.895591037440471,7.092842107630969,2.6632390256285614,33.19223950253607,504523.8891966272,0.6471286408359271,25.0,20.0,64.0,0.1,0.0005,128.0,robust,24.0
C_neighbours_plus_traffic,GRU,29.0,91.10564329999033,1.800591161887231,6.42002726606291,2.5337772723866063,32.2085862113444,496367.4035594876,0.6806014129641057,30.0,28.0,64.0,0.1,0.0005,128.0,robust,24.0
C_neighbours_plus_traffic,GRU,30.0,77.84746259998064,1.8749937536971706,6.75820206436964,2.599654220154988,33.15179205919292,598412.9684551654,0.6637770992542112,25.0,20.0,64.0,0.1,0.0005,128.0,robust,24.0
A_local_only,Hybrid_RF_ARIMA,1.0,33.84084849996725,1.7466247925745098,5.7942037977453555,2.4071152439684633,31.398652070112494,528329.1862040979,0.7122315237200924,,,,,,,,
B_local_plus_neighbours,Hybrid_RF_ARIMA,1.0,77.7205096000107,1.7364518686957655,5.779748889909352,2.4041108314529414,31.320943740419306,542961.3142897398,0.7129494250828907,,,,,,,,
C_neighbours_plus_traffic,Hybrid_RF_ARIMA,1.0,84.71012469998095,1.7376181130491068,5.781037480450138,2.404378813841558,31.313921725135618,548415.0928058723,0.7128854273794245,,,,,,,,
A_local_only,Hybrid_RF_ARIMA,2.0,33.20987039996544,1.749589107230758,5.8220233955091985,2.4128869421316033,31.410595323906975,518001.3802818551,0.7108498665435988,,,,,,,,
B_local_plus_neighbours,Hybrid_RF_ARIMA,2.0,74.27226060000248,1.7391468058096804,5.773670457847848,2.402846324226301,31.357709465946108,555286.9941828091,0.7132513097237435,,,,,,,,
C_neighbours_plus_traffic,Hybrid_RF_ARIMA,2.0,85.55111640004907,1.7410265368133362,5.800436646423968,2.4084095678318436,31.370524928447075,541965.6599391579,0.7119219699954157,,,,,,,,
A_local_only,Hybrid_RF_ARIMA,3.0,33.06228470004862,1.7491425131575733,5.809161615799054,2.4102202421768544,31.42277495165394,524191.75879909727,0.7114886453782121,,,,,,,,
B_local_plus_neighbours,Hybrid_RF_ARIMA,3.0,77.54235850000987,1.7390956882810373,5.7814646886075005,2.404467651811415,31.34014897446883,554513.9730398415,0.7128642101346072,,,,,,,,
C_neighbours_plus_traffic,Hybrid_RF_ARIMA,3.0,84.03438839997398,1.7406283852830815,5.808950220772101,2.4101763878961435,31.338196912425776,525542.4738385251,0.7114991442883165,,,,,,,,
A_local_only,Hybrid_RF_ARIMA,4.0,31.712288699985947,1.7506042851842594,5.831608306784348,2.414872316869848,31.417830998534114,531571.2722040454,0.7103738330091895,,,,,,,,
B_local_plus_neighbours,Hybrid_RF_ARIMA,4.0,75.47583489998942,1.7376417327528775,5.7836189454857525,2.4049155797004085,31.341038774967416,543796.9130114291,0.7127572192103993,,,,,,,,
C_neighbours_plus_traffic,Hybrid_RF_ARIMA,4.0,85.14673229999607,1.7429200586286795,5.8029155950824185,2.408924157187689,31.36821830498332,542363.3498142395,0.7117988532906674,,,,,,,,
A_local_only,Hybrid_RF_ARIMA,5.0,34.023660100006964,1.7482724006351658,5.803804331868955,2.409108617698454,31.387444295476158,512209.33217871573,0.7117547142786818,,,,,,,,
B_local_plus_neighbours,Hybrid_RF_ARIMA,5.0,74.73442749999231,1.7385017755683438,5.7991356553824955,2.4081394592885386,31.311635369726442,548645.3342761376,0.711986583568346,,,,,,,,
C_neighbours_plus_traffic,Hybrid_RF_ARIMA,5.0,86.99031860003015,1.7355462289271608,5.7756570046449625,2.403259662342994,31.296911957634954,525636.4318563283,0.7131526481017469,,,,,,,,
A_local_only,Hybrid_RF_ARIMA,6.0,32.0088090999634,1.7490602542649674,5.816971336809456,2.411839824036716,31.397219654874515,523276.53391619195,0.7111007764675243,,,,,,,,
B_local_plus_neighbours,Hybrid_RF_ARIMA,6.0,74.89703709998867,1.736718227136417,5.762708615566409,2.40056422858594,31.303915095937423,534645.3872199331,0.7137957283808467,,,,,,,,
C_neighbours_plus_traffic,Hybrid_RF_ARIMA,6.0,84.90782860002946,1.7398115314930054,5.824417143713638,2.4133829252138246,31.320466197660885,542978.2405972825,0.7107309813097626,,,,,,,,
A_local_only,Hybrid_RF_ARIMA,7.0,33.58847889996832,1.7478226400096273,5.801958643559783,2.408725522669568,31.40676662142446,521299.28503220354,0.7118463801798061,,,,,,,,
B_local_plus_neighbours,Hybrid_RF_ARIMA,7.0,73.72602349997032,1.7394581852483135,5.77289315839853,2.4026845732219053,31.339190948826097,537798.2194994444,0.7132899142129799,,,,,,,,
C_neighbours_plus_traffic,Hybrid_RF_ARIMA,7.0,85.30915340001229,1.73880042861797,5.793796914628509,2.4070307257342,31.324479606468085,542034.7211160294,0.7122517315240713,,,,,,,,
A_local_only,Hybrid_RF_ARIMA,8.0,32.907728800026234,1.7515066019676282,5.8010021591052485,2.408526968731147,31.451002386652206,527324.6567044463,0.7118938838720604,,,,,,,,
B_local_plus_neighbours,Hybrid_RF_ARIMA,8.0,74.6221601999714,1.7336882334330046,5.756581525270259,2.3992877120658664,31.284776970220623,551423.8052973788,0.7141000296274198,,,,,,,,
C_neighbours_plus_traffic,Hybrid_RF_ARIMA,8.0,88.8274686000077,1.7401199075277691,5.785700338368098,2.4053482779772453,31.351264335437286,530320.9633886609,0.7126538470683069,,,,,,,,
A_local_only,Hybrid_RF_ARIMA,9.0,33.350158100016415,1.7465113216943111,5.796156449374508,2.4075208097490055,31.406782483387826,515422.33100525494,0.712134545497779,,,,,,,,
B_local_plus_neighbours,Hybrid_RF_ARIMA,9.0,72.17827729997225,1.7402003606929757,5.771465025911374,2.4023873596719105,31.364060999332143,556808.3496132013,0.7133608422514301,,,,,,,,
C_neighbours_plus_traffic,Hybrid_RF_ARIMA,9.0,85.32508829998551,1.7362252590924363,5.765706136741174,2.401188484218008,31.299117204230427,546467.9878040707,0.713646856830727,,,,,,,,
A_local_only,Hybrid_RF_ARIMA,10.0,35.27043949998915,1.7491753810251365,5.804455148703999,2.409243688111271,31.424442389578395,519117.53003582306,0.7117223915341779,,,,,,,,
B_local_plus_neighbours,Hybrid_RF_ARIMA,10.0,76.98273709998466,1.738835690858203,5.778832239860116,2.4039201816741165,31.328423455221778,552923.0865973694,0.7129949504039113,,,,,,,,
C_neighbours_plus_traffic,Hybrid_RF_ARIMA,10.0,87.06985289999284,1.7378500057092379,5.781603155208073,2.4044964452475432,31.287663001786285,545669.2270837052,0.7128573332065506,,,,,,,,
A_local_only,Hybrid_RF_ARIMA,11.0,33.770524199993815,1.747718388288136,5.8026587273407655,2.4088708407344646,31.390937851523642,518478.5244182583,0.7118116105980044,,,,,,,,
B_local_plus_neighbours,Hybrid_RF_ARIMA,11.0,77.33172040001955,1.7361178634824912,5.769455169902922,2.401969019347028,31.305250456545767,566462.6467405718,0.7134606615227714,,,,,,,,
C_neighbours_plus_traffic,Hybrid_RF_ARIMA,11.0,85.20761769998353,1.7383671661271909,5.778111233874616,2.4037702123694387,31.338456229784324,548716.9303684905,0.7130307590846341,,,,,,,,
A_local_only,Hybrid_RF_ARIMA,12.0,32.38714649999747,1.748534374268141,5.792923597985734,2.406849309363952,31.40702491137537,517752.2764010085,0.712295104696361,,,,,,,,
B_local_plus_neighbours,Hybrid_RF_ARIMA,12.0,76.61130050005158,1.735400146608379,5.773331947395733,2.4027758837219366,31.276290423171922,537566.3646437385,0.7132681218070616,,,,,,,,
C_neighbours_plus_traffic,Hybrid_RF_ARIMA,12.0,87.95293720002519,1.7382807104493598,5.777066021074769,2.4035527914058323,31.316620719257752,523282.6404784318,0.7130826694601229,,,,,,,,
A_local_only,Hybrid_RF_ARIMA,13.0,32.27742499997839,1.7524304784038005,5.830730929362429,2.414690648791772,31.468385489073867,525701.8461239096,0.7104174078596162,,,,,,,,
B_local_plus_neighbours,Hybrid_RF_ARIMA,13.0,77.52931899996474,1.7375210720195409,5.76635406798393,2.4013233992913015,31.330732894287983,536408.8446001394,0.7136146773988379,,,,,,,,
C_neighbours_plus_traffic,Hybrid_RF_ARIMA,13.0,147.90219230001094,1.738404236783931,5.7877143802522975,2.4057669006477536,31.29338347328781,550070.0207887797,0.71255381990592,,,,,,,,
A_local_only,Hybrid_RF_ARIMA,14.0,62.18105130002368,1.7490895351129612,5.796156325149207,2.4075207839495816,31.435875125672446,519818.8539774228,0.7121345516674145,,,,,,,,
B_local_plus_neighbours,Hybrid_RF_ARIMA,14.0,148.04173940001056,1.7398033583462822,5.803640005104623,2.4090745121528774,31.34151916967369,557078.8149089796,0.7117628755488468,,,,,,,,
C_neighbours_plus_traffic,Hybrid_RF_ARIMA,14.0,119.01291210000636,1.7392146631585614,5.8059877660270525,2.409561737334624,31.318419012473875,538104.3365413807,0.7116462742681704,,,,,,,,
A_local_only,Hybrid_RF_ARIMA,15.0,33.421441500016954,1.7460052468217946,5.7749505139558215,2.4031126719227753,31.38657279217097,526351.3229378863,0.7131877358819176,,,,,,,,
B_local_plus_neighbours,Hybrid_RF_ARIMA,15.0,77.37292870000238,1.7387974862237046,5.781658207117941,2.4045078929206993,31.34657155725054,556687.0086174161,0.7128545990596735,,,,,,,,
C_neighbours_plus_traffic,Hybrid_RF_ARIMA,15.0,84.55704649997642,1.7399437087003005,5.80165480691543,2.4086624518423974,31.350999534586403,548548.3298714038,0.7118614701923834,,,,,,,,
A_local_only,Hybrid_RF_ARIMA,16.0,33.4162133000209,1.749151430217832,5.805777575360839,2.409518120986194,31.43021457900571,509313.8423814847,0.711656713363835,,,,,,,,
B_local_plus_neighbours,Hybrid_RF_ARIMA,16.0,78.15052839997225,1.7355509959126343,5.773124229569233,2.402732658780255,31.280838005915562,569335.5392621394,0.7132784380894215,,,,,,,,
C_neighbours_plus_traffic,Hybrid_RF_ARIMA,16.0,86.92428390000714,1.7374877400980375,5.775265040135469,2.403178112445157,31.3249482632394,528772.4622817279,0.713172114974779,,,,,,,,
A_local_only,Hybrid_RF_ARIMA,17.0,34.162047300022095,1.75241642142915,5.8042750884272385,2.4092063191904587,31.47266182227277,523495.0578778295,0.7117313342074582,,,,,,,,
B_local_plus_neighbours,Hybrid_RF_ARIMA,17.0,75.73361940000905,1.7412965357373908,5.788641421919293,2.405959563650082,31.359501620052864,527827.5807475657,0.7125077784863787,,,,,,,,
C_neighbours_plus_traffic,Hybrid_RF_ARIMA,17.0,87.98417509999126,1.73900510822476,5.77000348042327,2.4020831543523364,31.331406913024995,535926.1657269724,0.7134334297427933,,,,,,,,
A_local_only,Hybrid_RF_ARIMA,18.0,34.29972969996743,1.7491324300639297,5.804175320992698,2.4091856136447225,31.41320530683689,529235.7137986387,0.7117362891458108,,,,,,,,
B_local_plus_neighbours,Hybrid_RF_ARIMA,18.0,72.11741340003209,1.73900544131648,5.787815099849728,2.40578783350688,31.345608667691,563674.0715605617,0.7125488176785052,,,,,,,,
C_neighbours_plus_traffic,Hybrid_RF_ARIMA,18.0,82.38839169999119,1.7441686931384603,5.814526665620446,2.4113329644867476,31.365877063869934,551604.3926819307,0.7112221907856298,,,,,,,,
A_local_only,Hybrid_RF_ARIMA,19.0,33.83004869997967,1.7473584054791098,5.800223759683867,2.408365370886209,31.41845312898462,510583.78090088064,0.711932542991285,,,,,,,,
B_local_plus_neighbours,Hybrid_RF_ARIMA,19.0,77.77295299997786,1.7352736663376374,5.780228769094059,2.40421063326283,31.251686632855787,578683.2745826581,0.7129255919374575,,,,,,,,
C_neighbours_plus_traffic,Hybrid_RF_ARIMA,19.0,82.45042499998817,1.738602418809745,5.780061260064028,2.4041757964142363,31.325986608383293,542239.2408523414,0.7129339112544884,,,,,,,,
A_local_only,Hybrid_RF_ARIMA,20.0,35.4025215000147,1.7504879046544382,5.80794689725438,2.4099682357355627,31.446523097647884,514523.2268426653,0.7115489742373464,,,,,,,,
B_local_plus_neighbours,Hybrid_RF_ARIMA,20.0,79.41009399999166,1.741801419340705,5.778073868406742,2.4037624400940167,31.38990627635141,555972.413439324,0.7130326148363699,,,,,,,,
C_neighbours_plus_traffic,Hybrid_RF_ARIMA,20.0,82.60217170004034,1.7353522429943313,5.757120659493027,2.3994000624099825,31.28310738034747,552648.4692625387,0.714073253587223,,,,,,,,
A_local_only,Hybrid_RF_ARIMA,21.0,33.2686089000199,1.7485105538648145,5.8185964332961255,2.4121767002639185,31.38165545502308,518326.3652936572,0.7110200662343154,,,,,,,,
B_local_plus_neighbours,Hybrid_RF_ARIMA,21.0,78.46517149999272,1.7380046462562804,5.783068945641207,2.4048012278858324,31.33293904797922,531020.7013978913,0.7127845348904727,,,,,,,,
C_neighbours_plus_traffic,Hybrid_RF_ARIMA,21.0,86.28946209995775,1.7394530910369206,5.803313844385729,2.409006817006903,31.320971737535007,534366.6946959436,0.7117790742840613,,,,,,,,
A_local_only,Hybrid_RF_ARIMA,22.0,33.98549459996866,1.7475656996703124,5.801826350681939,2.408698061335613,31.38811998287297,520299.58214715525,0.7118529504906217,,,,,,,,
B_local_plus_neighbours,Hybrid_RF_ARIMA,22.0,74.49810089997482,1.7386055419478144,5.76631077348319,2.4013143845575886,31.3240095305589,562054.7118710697,0.7136168276153204,,,,,,,,
C_neighbours_plus_traffic,Hybrid_RF_ARIMA,22.0,87.58743050001794,1.7401950987940071,5.8028526334646555,2.408911088742101,31.340544710558515,523628.0329922916,0.7118019802722926,,,,,,,,
A_local_only,Hybrid_RF_ARIMA,23.0,34.33010830002604,1.7502988013208804,5.81821045093644,2.412096691871294,31.448172773176196,520180.8147707994,0.7110392360045539,,,,,,,,
B_local_plus_neighbours,Hybrid_RF_ARIMA,23.0,74.60144509997917,1.7386312355699456,5.791268375259969,2.406505428055372,31.316049519511637,562307.8037172155,0.7123773111458274,,,,,,,,
C_neighbours_plus_traffic,Hybrid_RF_ARIMA,23.0,87.24972690001596,1.7390214255581735,5.799927602165891,2.408303884929369,31.327936835406756,544256.8046670574,0.7119472516209193,,,,,,,,
A_local_only,Hybrid_RF_ARIMA,24.0,34.48481980001088,1.7487532796467198,5.828777085752177,2.414286040582635,31.410120490315823,523636.9007971883,0.7105144452815362,,,,,,,,
B_local_plus_neighbours,Hybrid_RF_ARIMA,24.0,76.38428210001439,1.7382694557411913,5.808403778572827,2.410063023776106,31.289807415820587,561399.5190564017,0.71152628327834,,,,,,,,
C_neighbours_plus_traffic,Hybrid_RF_ARIMA,24.0,85.87101050000638,1.7432693480055095,5.8356898578925955,2.4157172553700477,31.34488501666696,565662.2515542562,0.7101711232350294,,,,,,,,
A_local_only,Hybrid_RF_ARIMA,25.0,31.722466000006534,1.751714108197382,5.821774701134306,2.412835406971289,31.441486788799626,517441.4619705614,0.7108622179216,,,,,,,,
B_local_plus_neighbours,Hybrid_RF_ARIMA,25.0,78.71551569999428,1.7359556539479128,5.783810046716635,2.404955310752496,31.285638608354617,564140.1161035519,0.7127477281893814,,,,,,,,
C_neighbours_plus_traffic,Hybrid_RF_ARIMA,25.0,88.43753469997318,1.739769086752192,5.796907758002188,2.4076768383656035,31.333286482496863,533036.6808191387,0.7120972318397596,,,,,,,,
A_local_only,Hybrid_RF_ARIMA,26.0,33.81803930003662,1.7473597746767422,5.797894690970848,2.4078817850905487,31.39755443481031,515092.66413792863,0.712048215925495,,,,,,,,
B_local_plus_neighbours,Hybrid_RF_ARIMA,26.0,78.6025903999689,1.7393511213615178,5.782564713540265,2.4046963869770055,31.364148999617118,552414.770467537,0.7128095775207364,,,,,,,,
C_neighbours_plus_traffic,Hybrid_RF_ARIMA,26.0,86.47356630000286,1.739052701629228,5.794893673902782,2.4072585390652956,31.34314542424901,567790.3092336385,0.71219726109876,,,,,,,,
A_local_only,Hybrid_RF_ARIMA,27.0,34.1771595000173,1.7497910539809225,5.814303574066735,2.4112867050740223,31.427016843432288,526514.6258192613,0.7112332706024127,,,,,,,,
B_local_plus_neighbours,Hybrid_RF_ARIMA,27.0,76.10593229997903,1.738316278149207,5.786524976504158,2.405519689485862,31.305717048547336,548269.4420824688,0.7126128915085476,,,,,,,,
C_neighbours_plus_traffic,Hybrid_RF_ARIMA,27.0,89.61466850002762,1.7419751583691157,5.815808984062514,2.4115988439337324,31.35399039160846,551363.303786017,0.7111585045852371,,,,,,,,
A_local_only,Hybrid_RF_ARIMA,28.0,33.86473750002915,1.7480510832795737,5.823618947377227,2.4132175507768103,31.368951280819196,512916.53231542575,0.710770623640533,,,,,,,,
B_local_plus_neighbours,Hybrid_RF_ARIMA,28.0,77.37547849997645,1.7398671541819335,5.795947982461798,2.407477514424963,31.360227648562105,545629.9853211783,0.7121448989834207,,,,,,,,
C_neighbours_plus_traffic,Hybrid_RF_ARIMA,28.0,82.88431409996701,1.7399261903722487,5.805080655518638,2.409373498550741,31.341849677311235,541940.2753006201,0.7116913258089749,,,,,,,,
A_local_only,Hybrid_RF_ARIMA,29.0,31.348005799984094,1.7500428748905514,5.833462202352362,2.415256135972407,31.409260881316904,527946.5560509274,0.7102817594954831,,,,,,,,
B_local_plus_neighbours,Hybrid_RF_ARIMA,29.0,77.38131100003375,1.7394217025529037,5.8074279915405835,2.4098605751247484,31.331279791347367,559761.5257217959,0.7115747456309329,,,,,,,,
C_neighbours_plus_traffic,Hybrid_RF_ARIMA,29.0,84.95866370003205,1.7348648646154858,5.7851329853432345,2.4052303393528103,31.26781586032238,548591.626215748,0.7126820245921182,,,,,,,,
A_local_only,Hybrid_RF_ARIMA,30.0,33.64233780000359,1.7507794979395326,5.828648776433651,2.4142594675041975,31.425533380699765,528336.2152015211,0.7105208177493286,,,,,,,,
B_local_plus_neighbours,Hybrid_RF_ARIMA,30.0,81.20338660001289,1.739706536684299,5.788482093423164,2.405926452205712,31.347552651883753,539420.4950463828,0.7125156915181187,,,,,,,,
C_neighbours_plus_traffic,Hybrid_RF_ARIMA,30.0,84.45454390003579,1.7360289981284325,5.7725592331569855,2.402615082187945,31.290573920947466,547616.1191591064,0.7133064985723336,,,,,,,,
