order,seconds,MAE,MSE,RMSE,SMAPE,MAPE,R2
"(3, 1, 2)",9.526431300037075,3.6374203392027504,40.04380215720468,6.328017237429484,54.83950493804516,2368807.5882090717,0.0023095347678695477
"(2, 1, 1)",2.640638899989426,3.6373895244713843,40.043866941610965,6.328022356282488,54.839184709401515,2368770.717170508,0.002307920665787222
"(2, 1, 2)",3.5434428000007756,3.608075109892978,40.14306359346762,6.335855395561646,54.53513508821794,2311407.2452250887,-0.00016356177116549908
"(1, 1, 2)",2.254169500025455,3.5949344252077413,40.21291087581095,6.341365064070271,54.400510898087774,2282043.9814099944,-0.0019038053010564937
"(3, 1, 1)",4.2898377000237815,3.594164167349244,40.21655608651253,6.341652472858516,54.392863365531255,2280395.660306451,-0.0019946256468981183
"(2, 0, 0)",0.8808111000107601,3.973369572446764,40.89329460402511,6.394786517470705,58.234067994119975,2771586.321879244,-0.01885555118356419
"(2, 0, 2)",10.998689100029878,3.9850170594837744,40.9047828053191,6.395684701837568,58.29519525580703,2787998.3683904367,-0.019141779470496
"(1, 0, 2)",3.0683690999867395,3.9744959702189004,40.90945929281298,6.396050288483744,58.24388067803594,2771630.6167373895,-0.01925829405532742
"(2, 0, 1)",2.7475346000283025,3.974582916673925,40.91038415262775,6.3961225873671115,58.24464744537457,2771660.061227952,-0.01928133691762235
"(1, 0, 1)",1.737011799996253,3.9748436754738647,40.914490225779765,6.396443560743717,58.246769033078984,2771610.32791871,-0.019383639641455286
"(3, 0, 0)",1.2801817000145093,3.975368174600647,40.9212305742512,6.396970421555128,58.25155119161253,2771586.4021977303,-0.01955157527793383
"(3, 0, 2)",10.902728399960324,3.9864993960689348,40.92641969819529,6.397376001001918,58.326854626958415,2789852.5537756933,-0.01968086218884202
"(3, 0, 1)",8.63079490000382,3.976644514846863,40.93047990842959,6.3976933271632825,58.264164138961696,2772084.048170863,-0.01978202223907144
"(1, 0, 0)",0.48445129999890924,3.9789780300936637,40.964200255345986,6.400328136536906,58.28202801280471,2771585.256547554,-0.020622163953655237
"(3, 1, 0)",0.5565429999842308,13.988229077052837,220.48464503525628,14.848725367359188,110.43675757220765,7266648.289237774,-4.4933701654548805
"(2, 1, 0)",0.4661239000270143,15.262509083577067,257.73671081393735,16.05418047780507,114.26596514711196,7741762.83115608,-5.421504579157235
"(1, 1, 1)",0.9267927000182681,17.57345951648038,333.4162132929784,18.259688203607926,120.41205356295713,8595177.288207375,-7.307057747670875
"(1, 1, 0)",0.28332579997368157,18.602661116999663,370.50176188816647,19.248422322054513,122.86743167783263,8972828.945626287,-8.231043389345636
