scaler,scenario,model,best_epoch,epochs_ran,seconds,MAE,MSE,RMSE,SMAPE,MAPE,R2
standard,A,LSTM,27,30,76.85574099997757,1.7758987730217006,9.486662377020203,3.0800425933775983,33.13815767059922,1200898.9023667583,0.7627312895072734
standard,A,GRU,17,22,60.80679090000922,1.734366563153149,9.080749250417487,3.0134281558413645,32.77539281072839,1129319.0377259771,0.7728834884886974
standard,B,LSTM,14,19,54.87686499999836,1.8972826477427207,11.599154222652249,3.4057531065319826,34.54429106502354,1411637.6478560322,0.7098962463467142
standard,B,GRU,20,25,77.23245030001272,1.85750420648435,10.797329370306166,3.2859289965405774,33.66293735372364,1252032.925141375,0.7299505015943785
standard,C,LSTM,10,15,45.943474400031846,1.9426387380512617,13.340835983032848,3.6525109148410286,34.75503065991626,1411423.5652082958,0.6663354481491074
standard,C,GRU,14,19,57.90764639998088,1.8137006388437702,10.96436858951043,3.311248796075346,33.33679783834954,1177598.7123003658,0.725772722459083
robust,A,LSTM,13,18,43.47665430000052,1.7598924211195688,8.797419551478127,2.96604442843969,33.22679401622668,1408555.8120852439,0.7799697818171578
robust,A,GRU,13,18,51.87353490001988,1.7527548613543822,9.195596948567813,3.032424269222203,32.9623574355266,1284545.364423617,0.7700110593708241
robust,B,LSTM,11,16,45.5882161000045,1.8722164200151026,10.806509003524374,3.2873255092132836,34.08267023151228,1266503.306079652,0.7297209119189035
robust,B,GRU,6,11,33.45903550001094,1.9691033110247385,11.971578295219125,3.45999686346955,35.25456356960699,1331198.8837304835,0.7005816343216842
robust,C,LSTM,10,15,42.41163200000301,1.8583481524461483,11.45857460307478,3.3850516396466954,33.79766971439116,1356843.0791377928,0.7134122505780339
robust,C,GRU,11,16,47.996874500007834,1.8547658212895801,10.57727582580419,3.2522724095321704,34.075261684385474,1253499.1200761704,0.7354542097130328
