scenario,model,epoch,train_loss_mean,train_loss_std,validation_loss_mean,validation_loss_std,n_seeds
A_local_only,GRU,1,0.6868184447288513,0.03897870697662233,0.1703143129746119,0.007938883995261012,30
A_local_only,GRU,2,0.4798850317796071,0.024325434983757034,0.1327390645941098,0.005253445040473302,30
A_local_only,GRU,3,0.37237352331479384,0.022493172974614974,0.11380735834439593,0.004502811505764937,30
A_local_only,GRU,4,0.30655125180880227,0.01897179515724313,0.10245956157644585,0.0032302824368729984,30
A_local_only,GRU,5,0.26271302650372186,0.01669872591713165,0.09627530450622236,0.0033246989354778923,30
A_local_only,GRU,6,0.23457505156596498,0.013700956510380027,0.09154114648699756,0.0036377608991812853,30
A_local_only,GRU,7,0.21347694396972652,0.01047098784472558,0.09030975997447963,0.004018839068057612,30
A_local_only,GRU,8,0.2023001576463381,0.010928318356204541,0.0891188708444436,0.004053660682217044,30
A_local_only,GRU,9,0.18910528620084124,0.0101435836249477,0.08816338156660393,0.003570469502533402,30
A_local_only,GRU,10,0.18246929198503492,0.010589418288155933,0.08807213529944417,0.004128318257122088,30
A_local_only,GRU,11,0.17650347948074338,0.012085562100745921,0.08787552465995148,0.004875735333074068,30
A_local_only,GRU,12,0.17071336557467776,0.010572800720686282,0.08704982797304785,0.005154355277840262,30
A_local_only,GRU,13,0.1656238481402397,0.011548855037445424,0.08765214135249452,0.005418175624414021,30
A_local_only,GRU,14,0.1628277684961046,0.011438475859930566,0.08693172676222662,0.0051677914683516514,28
A_local_only,GRU,15,0.15806136222986072,0.01347525902959446,0.0843282293241757,0.0035663069734421797,26
A_local_only,GRU,16,0.14876773767173287,0.011399729444266798,0.08460496707508956,0.004259213929488267,24
A_local_only,GRU,17,0.14322090539194285,0.012103372962397767,0.08424769767693106,0.0029106999559767944,21
A_local_only,GRU,18,0.13979284837841982,0.012580328314752384,0.0850446123629808,0.0044574726433227385,20
A_local_only,GRU,19,0.13865960501134392,0.011872075913004232,0.08390993438661093,0.004597080349597859,20
A_local_only,GRU,20,0.13073358643386096,0.009643068065825098,0.08349923499756386,0.004070828247498127,18
A_local_only,GRU,21,0.12709553007568627,0.010231824669949267,0.08361606246658729,0.0054077354144146635,14
A_local_only,GRU,22,0.12255210085557054,0.006357460024348939,0.08226477010891983,0.004358938087501664,13
A_local_only,GRU,23,0.11922097951173778,0.010253323183025624,0.08393159632881476,0.0042135386040142876,12
A_local_only,GRU,24,0.12058223106644367,0.010099396615103682,0.08452185446565798,0.007834434399757721,11
A_local_only,GRU,25,0.11825550889427007,0.009909463477215052,0.08130841160362412,0.0037627333915779106,11
A_local_only,GRU,26,0.11738039470381205,0.009677380167699003,0.08504920866754316,0.005726081533127224,9
A_local_only,GRU,27,0.11337219285113467,0.009043506090071594,0.08051643946341103,0.0035763981577538865,7
A_local_only,GRU,28,0.10513646304607387,0.006564253395264221,0.08194111287593839,0.003392871265757706,5
A_local_only,GRU,29,0.10706359520554537,0.009775804973261274,0.0842412635684013,0.004350817141750675,4
A_local_only,GRU,30,0.10543981939554209,0.009019126228162746,0.08368571475148195,0.002988892732117712,4
A_local_only,LSTM,1,0.6149173577626547,0.025217724092321828,0.15595285197099043,0.006705993299675905,30
A_local_only,LSTM,2,0.41526090204715727,0.021954800695447356,0.12196191102266309,0.004801917928420492,30
A_local_only,LSTM,3,0.3192931522925695,0.0164985209359259,0.10586565484603243,0.0031303353076913734,30
A_local_only,LSTM,4,0.2655069510142008,0.011985976846153743,0.09858974466721213,0.003271756972562591,30
A_local_only,LSTM,5,0.2302142644921938,0.01066889292925824,0.09454021503527955,0.003605504322659742,30
A_local_only,LSTM,6,0.2081844796737035,0.011088270891367123,0.09223624169826503,0.003481875685722605,30
A_local_only,LSTM,7,0.19209698090950644,0.009695635694386648,0.09035934358835215,0.003573613963356046,30
A_local_only,LSTM,8,0.17638014654318487,0.00851416586851246,0.09133741309245424,0.0065202055819350525,30
A_local_only,LSTM,9,0.16681313564380007,0.008514120320656042,0.08831977893908816,0.004279265094772162,30
A_local_only,LSTM,10,0.16152626375357304,0.008138969156607025,0.08772989486654595,0.005195863847134218,30
A_local_only,LSTM,11,0.15787939925988512,0.009568470255433137,0.08721677636106805,0.005109680867358311,30
A_local_only,LSTM,12,0.15148034948727176,0.006962767678968078,0.08875315944696291,0.004554721640121305,29
A_local_only,LSTM,13,0.14735503814050127,0.007147690873523318,0.08770977067095889,0.005188491380437089,28
A_local_only,LSTM,14,0.14504950797116312,0.0152217348598999,0.08885665624229994,0.006603871117679117,27
A_local_only,LSTM,15,0.14184547215700147,0.012923445556330286,0.08599925379861482,0.0044161362817083044,22
A_local_only,LSTM,16,0.13562364797843127,0.016270797671218556,0.08670124411582943,0.007105372760721381,19
A_local_only,LSTM,17,0.13454591383536654,0.016213171186139,0.08782150099674856,0.0061834879128468846,15
A_local_only,LSTM,18,0.13465982079505914,0.016848104432212886,0.08664692242940263,0.004393852737593581,15
A_local_only,LSTM,19,0.12857035776743517,0.007926453082968745,0.08723367234835253,0.004347586547547901,13
A_local_only,LSTM,20,0.1232884661717848,0.007791556085346203,0.08713729544119399,0.0043919852289972215,11
A_local_only,LSTM,21,0.12964525632560248,0.013297283712137717,0.09013014938682311,0.007437842077177659,8
A_local_only,LSTM,22,0.12490709125995632,0.012866125326270803,0.0859067320823669,0.003598694090126299,5
A_local_only,LSTM,23,0.11612888425588604,0.005124627173603658,0.0818946535388628,0.0018532712867825986,3
A_local_only,LSTM,24,0.10676139220595354,0.00439840823210439,0.08221967890858645,0.003064028471537402,2
A_local_only,LSTM,25,0.1201288923621177,,0.0840208083391189,,1
B_local_plus_neighbours,GRU,1,0.7043569882710775,0.04011986985736531,0.19253872632980343,0.01177750946219893,30
B_local_plus_neighbours,GRU,2,0.4993309328953425,0.03118463136475272,0.15523404826720552,0.007141472689710504,30
B_local_plus_neighbours,GRU,3,0.39275900820891063,0.02374528317889588,0.13697433123985922,0.006748263800743038,30
B_local_plus_neighbours,GRU,4,0.32491116523742675,0.018481676631221213,0.12618354236086204,0.006305101827352963,30
B_local_plus_neighbours,GRU,5,0.28097890863815944,0.015688953538429907,0.11929652790228523,0.007006562951735119,30
B_local_plus_neighbours,GRU,6,0.2539184967676798,0.011339021362363911,0.11299479280908899,0.006378607020109105,30
B_local_plus_neighbours,GRU,7,0.23612151543299353,0.010522060854776484,0.11097684974471723,0.007320587349346679,30
B_local_plus_neighbours,GRU,8,0.22639818092187242,0.013919639250146332,0.10848245695233341,0.007157805176316946,30
B_local_plus_neighbours,GRU,9,0.22004573245843248,0.018204372046823698,0.10634658609827355,0.007303139564984495,30
B_local_plus_neighbours,GRU,10,0.22001080860694247,0.017608839234360695,0.10500598351160681,0.0063349433485689385,30
B_local_plus_neighbours,GRU,11,0.21578029940525686,0.013883916433122196,0.10409688626726464,0.008203774476778078,30
B_local_plus_neighbours,GRU,12,0.2043950056036313,0.012738673656146414,0.10104699904719984,0.007169246229347827,30
B_local_plus_neighbours,GRU,13,0.19792108700193206,0.017482855877349084,0.0995488292698202,0.00851923541272591,29
B_local_plus_neighbours,GRU,14,0.18808189548295118,0.012803662696604372,0.09686212138882994,0.006140559706193527,29
B_local_plus_neighbours,GRU,15,0.18540516804004534,0.01795981088665082,0.09747475950882348,0.006317493241861123,29
B_local_plus_neighbours,GRU,16,0.1709784993103572,0.01637534252267767,0.09400756497468263,0.004900342680608466,28
B_local_plus_neighbours,GRU,17,0.1652263168777738,0.012923483946091238,0.09238786862364833,0.00580479310227336,28
B_local_plus_neighbours,GRU,18,0.16099769834961206,0.012788326818408052,0.09200270420738624,0.004942242502589373,28
B_local_plus_neighbours,GRU,19,0.16001348694165543,0.012271021104907912,0.09063546331944285,0.006640019383081454,27
B_local_plus_neighbours,GRU,20,0.15341409875286946,0.01254844926651111,0.09110160089201394,0.005991430705316855,27
B_local_plus_neighbours,GRU,21,0.1495310349596871,0.009992280176677592,0.09137047992812258,0.007557050418442741,27
B_local_plus_neighbours,GRU,22,0.14657255013783768,0.008986075854663223,0.0919143590662214,0.0061458331382730725,27
B_local_plus_neighbours,GRU,23,0.1442015984883675,0.011892604640022782,0.09115885713925725,0.007996880838748647,26
B_local_plus_neighbours,GRU,24,0.13826431613415477,0.01006104667485281,0.09157135213414824,0.008062528300247191,24
B_local_plus_neighbours,GRU,25,0.13645302465087483,0.012166442389732244,0.09047030892811318,0.006923994118271041,19
B_local_plus_neighbours,GRU,26,0.13359391151203048,0.008282059056088226,0.09174609060088788,0.007370204539067862,18
B_local_plus_neighbours,GRU,27,0.12582117425543918,0.008151958292740387,0.09148799415145596,0.005386455231249339,14
B_local_plus_neighbours,GRU,28,0.12973597473823104,0.010400714145476312,0.08900938297693542,0.0037476544498231913,13
B_local_plus_neighbours,GRU,29,0.12844796411015766,0.012769134543035058,0.09231962534514336,0.006989813960897528,11
B_local_plus_neighbours,GRU,30,0.12798152267932889,0.012492187976215671,0.08932745084166523,0.006627525308923555,10
B_local_plus_neighbours,LSTM,1,0.6144656896591186,0.021415495431567497,0.16093528072039284,0.006243458814808519,30
B_local_plus_neighbours,LSTM,2,0.43635919292767844,0.01778770760086707,0.13484637215733525,0.005755720119876441,30
B_local_plus_neighbours,LSTM,3,0.34848007957140603,0.015000352642252536,0.12274256274104114,0.005801263476530633,30
B_local_plus_neighbours,LSTM,4,0.29966673751672107,0.010518386334504028,0.11685327763358748,0.005922129721084512,30
B_local_plus_neighbours,LSTM,5,0.26974820693333945,0.011517155423955329,0.11154241065184271,0.004471366309039786,30
B_local_plus_neighbours,LSTM,6,0.2417443106571833,0.01188720610689578,0.10748154670000072,0.005931325166288469,30
B_local_plus_neighbours,LSTM,7,0.22787424822648364,0.012106085358359536,0.10593055561184879,0.0053879812544345655,30
B_local_plus_neighbours,LSTM,8,0.2122744411230087,0.014375178378376053,0.10269528254866596,0.004996553135966544,30
B_local_plus_neighbours,LSTM,9,0.20047113547722495,0.010667554843841255,0.1014559924602508,0.007815536998805425,30
B_local_plus_neighbours,LSTM,10,0.19584609369436898,0.01376933075074866,0.10179780200123782,0.008265304020516801,30
B_local_plus_neighbours,LSTM,11,0.19226427674293514,0.014903015152313686,0.10111034462849294,0.007579351125314302,30
B_local_plus_neighbours,LSTM,12,0.18706796119610467,0.015324098491498699,0.1012566578884919,0.0071033177536328285,30
B_local_plus_neighbours,LSTM,13,0.18074364413817717,0.015125675154929042,0.09920336430271462,0.006759883739250958,30
B_local_plus_neighbours,LSTM,14,0.17516670695372988,0.011155902182349083,0.0966126681970698,0.0071195192956281265,28
B_local_plus_neighbours,LSTM,15,0.1783601625098122,0.01674217163256675,0.09559683032609793,0.007856042533076433,27
B_local_plus_neighbours,LSTM,16,0.17090983927249906,0.013652990782242939,0.09603935718536373,0.005529158805688661,25
B_local_plus_neighbours,LSTM,17,0.16968229996121445,0.021346035677971057,0.09662681494070133,0.0059893044911130296,23
B_local_plus_neighbours,LSTM,18,0.16618058085441587,0.015522531649804928,0.0947516560554504,0.0052923360371529594,22
B_local_plus_neighbours,LSTM,19,0.1664216190576553,0.018137869454670906,0.09741919375956053,0.008761498621583924,20
B_local_plus_neighbours,LSTM,20,0.15922092842428304,0.02045222101105815,0.09399409160802234,0.004829561960404488,19
B_local_plus_neighbours,LSTM,21,0.15550544993443918,0.020394208085071815,0.09352511099793688,0.004984043520916432,11
B_local_plus_neighbours,LSTM,22,0.1536305487155914,0.013696862578094982,0.09500544518232343,0.006862030988509502,10
B_local_plus_neighbours,LSTM,23,0.13531137164682147,0.010759187286504174,0.09461864549666639,0.005250303105257786,8
B_local_plus_neighbours,LSTM,24,0.14034744724631307,0.02219538935242886,0.09808807075023647,0.01063558405503208,6
B_local_plus_neighbours,LSTM,25,0.13594793714582917,0.017351163839240843,0.09309734404087062,0.010081097321680773,4
B_local_plus_neighbours,LSTM,26,0.129599650700887,0.020677744376450365,0.09235247472922004,0.009569291537025468,3
B_local_plus_neighbours,LSTM,27,0.14340585966904953,0.012554052434220803,0.09377599259217577,0.004937801805790829,3
B_local_plus_neighbours,LSTM,28,0.12534778937697405,0.021447756758852562,0.0895920321345329,0.001444772893529192,2
B_local_plus_neighbours,LSTM,29,0.12067862972617144,0.00031155477254859743,0.09687123075127599,0.011768269382992186,2
B_local_plus_neighbours,LSTM,30,0.13469853997230524,0.0004039775429768898,0.0898485407233238,0.0032097880787562796,2
C_neighbours_plus_traffic,GRU,1,0.7007647732893626,0.0394851524944236,0.19249413957198458,0.011767481272654817,30
C_neighbours_plus_traffic,GRU,2,0.49292823374271394,0.03156700905121628,0.15309286564588545,0.007201916484403112,30
C_neighbours_plus_traffic,GRU,3,0.38456603984038035,0.024848439758278953,0.13646270781755446,0.005587365850734251,30
C_neighbours_plus_traffic,GRU,4,0.3190695305665334,0.017612026946789542,0.12510782132546103,0.005109283856068723,30
C_neighbours_plus_traffic,GRU,5,0.27568520059188206,0.015104478285692528,0.11801045313477512,0.006802532949975051,30
C_neighbours_plus_traffic,GRU,6,0.2502375607689221,0.013018595261465994,0.11186353787779804,0.0073856855053185,30
C_neighbours_plus_traffic,GRU,7,0.2339967275659243,0.01262064105930017,0.10973362127939855,0.006206850611763706,30
C_neighbours_plus_traffic,GRU,8,0.22585047930479046,0.011664021782215449,0.10675078704953189,0.00675113117899141,30
C_neighbours_plus_traffic,GRU,9,0.22018422583738959,0.017852888493791973,0.1048622901240984,0.0070149286173460165,30
C_neighbours_plus_traffic,GRU,10,0.21917343338330583,0.016911169638600572,0.10371651252110796,0.008085712668348288,30
C_neighbours_plus_traffic,GRU,11,0.21195989996194836,0.016825383824540074,0.10134790639082586,0.006836098103120926,30
C_neighbours_plus_traffic,GRU,12,0.2057013854384422,0.017763414132403062,0.10148617699742313,0.006933354250954281,30
C_neighbours_plus_traffic,GRU,13,0.19998987466096876,0.016923349105742024,0.0981506856779257,0.005713839547250431,30
C_neighbours_plus_traffic,GRU,14,0.18844954023758567,0.0191675908175095,0.09742631937066709,0.006826069928750285,30
C_neighbours_plus_traffic,GRU,15,0.17996692409118015,0.016683919634364875,0.09675956095258392,0.007009832887769439,30
C_neighbours_plus_traffic,GRU,16,0.17368650025334847,0.018217614877311657,0.09576859761928687,0.009159238832856622,29
C_neighbours_plus_traffic,GRU,17,0.16786527909614418,0.013274448217857202,0.09338570551739794,0.00594410422170382,27
C_neighbours_plus_traffic,GRU,18,0.1642905215804393,0.013079932426250827,0.09300380773269208,0.0075067789546624936,26
C_neighbours_plus_traffic,GRU,19,0.15827799932314796,0.01369600804540227,0.09121972895585569,0.00533262319171064,26
C_neighbours_plus_traffic,GRU,20,0.15756258368492124,0.011777317061315245,0.09227568387985226,0.00782919318716309,25
C_neighbours_plus_traffic,GRU,21,0.15451942741870878,0.011841309912419728,0.09262861341238018,0.006925674779223629,25
C_neighbours_plus_traffic,GRU,22,0.1473219187363334,0.011589272573613255,0.09238299500683075,0.0075215970690192795,23
C_neighbours_plus_traffic,GRU,23,0.14668334499001498,0.012802961991502815,0.0921103190630674,0.008154158888028763,20
C_neighbours_plus_traffic,GRU,24,0.14386704301132872,0.010761200893094307,0.09068920770112203,0.008782490635135323,17
C_neighbours_plus_traffic,GRU,25,0.14009554098759375,0.015742181192120657,0.09195136438523015,0.006634133572949765,14
C_neighbours_plus_traffic,GRU,26,0.13724549040198322,0.011176207389595131,0.09371676817536348,0.005755622426672093,10
C_neighbours_plus_traffic,GRU,27,0.1367295280098915,0.016621083652511925,0.0930693075060844,0.008955136627370242,10
C_neighbours_plus_traffic,GRU,28,0.13447636614243186,0.010857580857607798,0.09262296143505305,0.006197814448754399,9
C_neighbours_plus_traffic,GRU,29,0.13479660451412198,0.011592755679626395,0.09193671068974898,0.005928889968986955,7
C_neighbours_plus_traffic,GRU,30,0.1293997690081596,0.017073014866952334,0.08783748497565584,0.006894424410785764,3
C_neighbours_plus_traffic,LSTM,1,0.6140895148118337,0.024020280924040713,0.16154208431641257,0.0072167489114808685,30
C_neighbours_plus_traffic,LSTM,2,0.43398307959238686,0.01877100229204804,0.13570234874884285,0.00488822413866315,30
C_neighbours_plus_traffic,LSTM,3,0.3461927572886149,0.013591781491214495,0.1245680063962936,0.004943916159772942,30
C_neighbours_plus_traffic,LSTM,4,0.29963721533616383,0.010537381611694333,0.11881627018253003,0.005138124181351747,30
C_neighbours_plus_traffic,LSTM,5,0.27318434913953143,0.009680028336554585,0.11474820400277769,0.006736229029564072,30
C_neighbours_plus_traffic,LSTM,6,0.2519404123226801,0.010041114222712868,0.11068613479534781,0.006487681991394235,30
C_neighbours_plus_traffic,LSTM,7,0.23161847889423368,0.011902716308287636,0.10552502820889151,0.004522617189237737,30
C_neighbours_plus_traffic,LSTM,8,0.21748601992925,0.014511354990330745,0.10498008131980892,0.004687294472585108,30
C_neighbours_plus_traffic,LSTM,9,0.20586782445510227,0.015138551349488365,0.10433236931761102,0.0055559969375610875,30
C_neighbours_plus_traffic,LSTM,10,0.19544746528069176,0.01307703187110819,0.10296835352977113,0.005697703682821577,30
C_neighbours_plus_traffic,LSTM,11,0.19096348285675047,0.012572298988291195,0.10289894963304198,0.007296232499014852,30
C_neighbours_plus_traffic,LSTM,12,0.18838288784027096,0.015190152696062298,0.10086833164095874,0.009208305677092434,30
C_neighbours_plus_traffic,LSTM,13,0.18442601890399535,0.01883050281316408,0.10053618457810627,0.0077874111063886125,29
C_neighbours_plus_traffic,LSTM,14,0.1774937755295208,0.014281675418295132,0.09980353846081662,0.005298180031717183,28
C_neighbours_plus_traffic,LSTM,15,0.1731295606919697,0.01972803607559428,0.09966700657137798,0.0065800183344153,28
C_neighbours_plus_traffic,LSTM,16,0.17503309011459348,0.0167319982306557,0.09995454281568522,0.009493334659952328,25
C_neighbours_plus_traffic,LSTM,17,0.16950888737388278,0.016349286479647875,0.09807450842598206,0.005947639941944854,23
C_neighbours_plus_traffic,LSTM,18,0.1617777049541473,0.015676212830981525,0.09750763149488535,0.007985833933972526,21
C_neighbours_plus_traffic,LSTM,19,0.15757769942283628,0.017978605229044854,0.09666186869144434,0.005136444984889145,15
C_neighbours_plus_traffic,LSTM,20,0.15771764410393577,0.017409353895499302,0.0946576329214232,0.008662047178672985,14
C_neighbours_plus_traffic,LSTM,21,0.1599018760025501,0.021072346017360025,0.09653080751498537,0.008177183282013426,12
C_neighbours_plus_traffic,LSTM,22,0.15254573523998258,0.014869880893191405,0.09832768794149156,0.012351028612265584,8
C_neighbours_plus_traffic,LSTM,23,0.13475487101823086,0.009241300329951817,0.09406516049057242,0.005555424106940365,8
C_neighbours_plus_traffic,LSTM,24,0.13984513903657592,0.011669714060640823,0.08919591829180712,0.0047154867771238215,6
C_neighbours_plus_traffic,LSTM,25,0.13771033883094783,0.01172235613725049,0.08992771655321116,0.004770236033689606,5
C_neighbours_plus_traffic,LSTM,26,0.1531042158603668,0.004866052553934751,0.09215631584326422,0.0032624169029788286,3
C_neighbours_plus_traffic,LSTM,27,0.12986138214667636,0.009367059789395763,0.08795429269472754,0.0071932016299319935,3
C_neighbours_plus_traffic,LSTM,28,0.1306984722614288,0.017451394144298554,0.08789139737685518,0.0009274361155837984,3
C_neighbours_plus_traffic,LSTM,29,0.10983732094367339,0.014091200177814229,0.0876337612668673,0.0040774841175424915,3
C_neighbours_plus_traffic,LSTM,30,0.1364169120788574,,0.1007246524095535,,1
