feature,station,variable,iqr_lower,iqr_upper,candidate_hours,candidate_pct
ROZELLE_CO,ROZELLE,CO,-0.05000000000000002,0.35000000000000003,3103,9.234294557033598
ST_MARYS_PM10,ST_MARYS,PM10,-12.200000000000003,42.2,2083,6.198851293039312
RICHMOND_PM10,RICHMOND,PM10,-9.950000000000001,36.85,1795,5.341784959676219
LIVERPOOL_PM25,LIVERPOOL,PM25,-7.450000000000002,22.550000000000004,1774,5.279290539535161
ROZELLE_PM25,ROZELLE,PM25,-5.55,18.049999999999997,1656,4.9281314168377826
BRINGELLY_PM10,BRINGELLY,PM10,-12.950000000000003,43.45,1558,4.636490789512841
LIVERPOOL_PM10,LIVERPOOL,PM10,-11.049999999999999,46.15,1548,4.606731541826623
BRINGELLY_PM25,BRINGELLY,PM25,-7.049999999999999,21.349999999999998,1543,4.591851917983513
RICHMOND_PM25,RICHMOND,PM25,-7.8500000000000005,22.950000000000003,1450,4.315090914501681
RANDWICK_PM10,RANDWICK,PM10,-7.85,41.349999999999994,1393,4.145463202690236
ROZELLE_PM10,ROZELLE,PM10,-7.9125,38.787499999999994,1368,4.071065083474689
ST_MARYS_PM25,ST_MARYS,PM25,-6.65,19.35,1319,3.9252447698122195
LIVERPOOL_CO,LIVERPOOL,CO,-0.30000000000000004,0.5,1264,3.7615689075380176
RANDWICK_PM25,RANDWICK,PM25,-7.799999999999999,22.599999999999998,1252,3.7258578103145554
ST_MARYS_NO2,ST_MARYS,NO2,-0.65,1.35,1158,3.4461208820641014
ST_MARYS_WSP,ST_MARYS,WSP,-1.85,4.15,1041,3.097937684135345
BRINGELLY_WSP,BRINGELLY,WSP,-1.85,4.15,1020,3.0354432639942863
RICHMOND_WSP,RICHMOND,WSP,-1.9000000000000004,4.5,975,2.901526649406303
LIVERPOOL_WSP,LIVERPOOL,WSP,-2.0,5.2,907,2.699163765140017
RICHMOND_NO2,RICHMOND,NO2,-0.5000000000000001,1.1,842,2.505728655179597
BRINGELLY_NO2,BRINGELLY,NO2,-0.65,1.35,776,2.309317620450555
ROZELLE_NO2,ROZELLE,NO2,-1.3,2.7,451,1.3421420706484541
RICHMOND_TEMP,RICHMOND,TEMP,-0.40000000000000213,34.0,437,1.3004791238877482
RANDWICK_WSP,RANDWICK,WSP,-2.55,7.45,422,1.2558402523584205
BRINGELLY_O3,BRINGELLY,O3,-2.4,5.6,412,1.226081004672202
RICHMOND_O3,RICHMOND,O3,-1.8000000000000003,5.4,409,1.2171532303663364
LIVERPOOL_NO2,LIVERPOOL,NO2,-1.25,3.1500000000000004,373,1.1100199386959497
LIVERPOOL_O3,LIVERPOOL,O3,-2.8500000000000005,5.550000000000001,362,1.0772847662411096
ST_MARYS_TEMP,ST_MARYS,TEMP,-1.150000000000004,34.45,352,1.0475255185548908
ST_MARYS_O3,ST_MARYS,O3,-2.6500000000000004,5.75,351,1.0445495937862692
ROZELLE_WSP,ROZELLE,WSP,-2.2499999999999996,5.35,345,1.0266940451745379
RANDWICK_O3,RANDWICK,O3,-0.8,4.800000000000001,296,0.8808737315120673
LIVERPOOL_TEMP,LIVERPOOL,TEMP,1.400000000000004,33.39999999999999,259,0.770764515073059
BRINGELLY_TEMP,BRINGELLY,TEMP,-1.849999999999996,34.55,235,0.6993423206261346
ROZELLE_O3,ROZELLE,O3,-1.5000000000000004,4.9,229,0.6814867720144036
RANDWICK_NO2,RANDWICK,NO2,-1.4,2.6,196,0.5832812546498825
ROZELLE_TEMP,ROZELLE,TEMP,3.6999999999999993,31.7,176,0.5237627592774454
RANDWICK_HUMID,RANDWICK,HUMID,21.5,121.5,166,0.494003511591227
RANDWICK_TEMP,RANDWICK,TEMP,4.500000000000002,30.9,131,0.38984614468946227
ROZELLE_HUMID,ROZELLE,HUMID,15.950000000000003,125.95,42,0.12498884028211765
ST_MARYS_HUMID,ST_MARYS,HUMID,-4.250000000000007,152.15,0,0.0
BRINGELLY_HUMID,BRINGELLY,HUMID,-5.149999999999999,152.04999999999998,0,0.0
LIVERPOOL_HUMID,LIVERPOOL,HUMID,5.000000000000007,130.6,0,0.0
RICHMOND_HUMID,RICHMOND,HUMID,-3.5500000000000043,149.65,0,0.0
