feature,group
ROZELLE_HUMID,Rozelle current
ROZELLE_SOLAR,Rozelle current
ROZELLE_O3,Rozelle current
ROZELLE_PM25,Rozelle current
ROZELLE_PM10,Rozelle current
ROZELLE_RAIN,Rozelle current
ROZELLE_WSP,Rozelle current
ROZELLE_CO,Rozelle current
ROZELLE_NO2,Rozelle current
HOUR,Time
DAY_OF_WEEK,Time
MONTH,Time
IS_WEEKEND,Time
HOUR_SIN,Time
HOUR_COS,Time
DOW_SIN,Time
DOW_COS,Time
MONTH_SIN,Time
MONTH_COS,Time
ROZELLE_WDR_SIN,Rozelle current
ROZELLE_WDR_COS,Rozelle current
ROZELLE_PM25_ROLL_MEAN_3,Rozelle history
ROZELLE_PM25_ROLL_STD_3,Rozelle history
ROZELLE_PM25_ROLL_MEAN_6,Rozelle history
ROZELLE_PM25_ROLL_STD_6,Rozelle history
ROZELLE_PM25_ROLL_MEAN_12,Rozelle history
ROZELLE_PM25_ROLL_STD_12,Rozelle history
ROZELLE_PM25_ROLL_MEAN_24,Rozelle history
ROZELLE_PM25_ROLL_STD_24,Rozelle history
ROZELLE_PM10_ROLL_MEAN_3,Rozelle history
ROZELLE_PM10_ROLL_STD_3,Rozelle history
ROZELLE_PM10_ROLL_MEAN_6,Rozelle history
ROZELLE_PM10_ROLL_STD_6,Rozelle history
ROZELLE_PM10_ROLL_MEAN_12,Rozelle history
ROZELLE_PM10_ROLL_STD_12,Rozelle history
ROZELLE_PM10_ROLL_MEAN_24,Rozelle history
ROZELLE_PM10_ROLL_STD_24,Rozelle history
ROZELLE_NO2_ROLL_MEAN_3,Rozelle history
ROZELLE_NO2_ROLL_STD_3,Rozelle history
ROZELLE_NO2_ROLL_MEAN_6,Rozelle history
ROZELLE_NO2_ROLL_STD_6,Rozelle history
ROZELLE_NO2_ROLL_MEAN_12,Rozelle history
ROZELLE_NO2_ROLL_STD_12,Rozelle history
ROZELLE_NO2_ROLL_MEAN_24,Rozelle history
ROZELLE_NO2_ROLL_STD_24,Rozelle history
ROZELLE_O3_ROLL_STD_3,Rozelle history
ROZELLE_O3_ROLL_MEAN_6,Rozelle history
ROZELLE_O3_ROLL_STD_6,Rozelle history
ROZELLE_O3_ROLL_MEAN_12,Rozelle history
ROZELLE_O3_ROLL_STD_12,Rozelle history
ROZELLE_O3_ROLL_MEAN_24,Rozelle history
ROZELLE_O3_ROLL_STD_24,Rozelle history
ROZELLE_CO_ROLL_MEAN_3,Rozelle history
ROZELLE_CO_ROLL_STD_3,Rozelle history
ROZELLE_CO_ROLL_MEAN_6,Rozelle history
ROZELLE_CO_ROLL_STD_6,Rozelle history
ROZELLE_CO_ROLL_MEAN_12,Rozelle history
ROZELLE_CO_ROLL_STD_12,Rozelle history
ROZELLE_CO_ROLL_MEAN_24,Rozelle history
ROZELLE_CO_ROLL_STD_24,Rozelle history
ROZELLE_TEMP_ROLL_MEAN_3,Rozelle history
ROZELLE_TEMP_ROLL_STD_3,Rozelle history
ROZELLE_TEMP_ROLL_MEAN_6,Rozelle history
ROZELLE_TEMP_ROLL_STD_6,Rozelle history
ROZELLE_TEMP_ROLL_MEAN_12,Rozelle history
ROZELLE_TEMP_ROLL_STD_12,Rozelle history
ROZELLE_TEMP_ROLL_MEAN_24,Rozelle history
ROZELLE_TEMP_ROLL_STD_24,Rozelle history
ROZELLE_HUMID_ROLL_STD_3,Rozelle history
ROZELLE_HUMID_ROLL_MEAN_6,Rozelle history
ROZELLE_HUMID_ROLL_STD_6,Rozelle history
ROZELLE_HUMID_ROLL_MEAN_12,Rozelle history
ROZELLE_HUMID_ROLL_STD_12,Rozelle history
ROZELLE_HUMID_ROLL_MEAN_24,Rozelle history
ROZELLE_HUMID_ROLL_STD_24,Rozelle history
ROZELLE_WSP_ROLL_MEAN_3,Rozelle history
ROZELLE_WSP_ROLL_STD_3,Rozelle history
ROZELLE_WSP_ROLL_MEAN_6,Rozelle history
ROZELLE_WSP_ROLL_STD_6,Rozelle history
ROZELLE_WSP_ROLL_MEAN_12,Rozelle history
ROZELLE_WSP_ROLL_STD_12,Rozelle history
ROZELLE_WSP_ROLL_MEAN_24,Rozelle history
ROZELLE_WSP_ROLL_STD_24,Rozelle history
ROZELLE_PM25_LAG_1,Rozelle history
ROZELLE_PM25_LAG_3,Rozelle history
ROZELLE_PM25_LAG_6,Rozelle history
ROZELLE_PM25_LAG_12,Rozelle history
ROZELLE_PM25_LAG_24,Rozelle history
ROZELLE_PM10_LAG_1,Rozelle history
ROZELLE_PM10_LAG_3,Rozelle history
ROZELLE_PM10_LAG_6,Rozelle history
ROZELLE_PM10_LAG_12,Rozelle history
ROZELLE_PM10_LAG_24,Rozelle history
ROZELLE_NO2_LAG_1,Rozelle history
ROZELLE_NO2_LAG_3,Rozelle history
ROZELLE_NO2_LAG_6,Rozelle history
ROZELLE_NO2_LAG_12,Rozelle history
ROZELLE_NO2_LAG_24,Rozelle history
ROZELLE_O3_LAG_1,Rozelle history
ROZELLE_O3_LAG_3,Rozelle history
ROZELLE_O3_LAG_6,Rozelle history
ROZELLE_O3_LAG_12,Rozelle history
ROZELLE_O3_LAG_24,Rozelle history
ROZELLE_CO_LAG_1,Rozelle history
ROZELLE_CO_LAG_3,Rozelle history
ROZELLE_CO_LAG_6,Rozelle history
ROZELLE_CO_LAG_12,Rozelle history
ROZELLE_CO_LAG_24,Rozelle history
ROZELLE_TEMP_LAG_6,Rozelle history
ROZELLE_TEMP_LAG_12,Rozelle history
ROZELLE_TEMP_LAG_24,Rozelle history
ROZELLE_HUMID_LAG_1,Rozelle history
ROZELLE_HUMID_LAG_3,Rozelle history
ROZELLE_HUMID_LAG_6,Rozelle history
ROZELLE_HUMID_LAG_12,Rozelle history
ROZELLE_HUMID_LAG_24,Rozelle history
ROZELLE_WSP_LAG_1,Rozelle history
ROZELLE_WSP_LAG_3,Rozelle history
ROZELLE_WSP_LAG_6,Rozelle history
ROZELLE_WSP_LAG_12,Rozelle history
ROZELLE_WSP_LAG_24,Rozelle history
ROZELLE_WDR_SIN_LAG_1,Rozelle history
ROZELLE_WDR_SIN_LAG_3,Rozelle history
ROZELLE_WDR_SIN_LAG_6,Rozelle history
ROZELLE_WDR_SIN_LAG_12,Rozelle history
ROZELLE_WDR_SIN_LAG_24,Rozelle history
ROZELLE_WDR_COS_LAG_1,Rozelle history
ROZELLE_WDR_COS_LAG_3,Rozelle history
ROZELLE_WDR_COS_LAG_6,Rozelle history
ROZELLE_WDR_COS_LAG_12,Rozelle history
ROZELLE_WDR_COS_LAG_24,Rozelle history
