candidate,model,units,dropout,learning_rate,batch_size,mean_validation_RMSE,mean_validation_MAE,mean_best_epoch,seconds_total,A_RMSE,A_best_epoch,B_RMSE,B_best_epoch,C_RMSE,C_best_epoch
12,GRU,64,0.1,0.0005,128,3.0126794582155303,1.7311389102007035,23.0,240.15185289998772,2.973165740158747,19,3.0358846831861355,25,3.028987951301709,25
8,GRU,64,0.2,0.0005,64,3.045524394417902,1.7196734379017766,18.333333333333332,267.2051668000058,3.021760304178239,15,3.0309747605206923,21,3.0838381185547754,19
4,GRU,64,0.1,0.0005,64,3.059277395917576,1.7361414613247066,16.666666666666668,248.24990259995684,2.984104699255851,16,3.081917301328917,14,3.1118101871679604,20
15,GRU,32,0.2,0.0005,128,3.073825562853706,1.7709229164694034,19.333333333333332,141.97778449999169,2.955995128017925,20,3.12131506412171,21,3.1441664964214833,17
16,GRU,64,0.2,0.0005,128,3.1023202391525087,1.7554820930018105,19.0,202.87399170000572,3.053336561149503,17,3.1547628040754065,23,3.0988613522326163,17
11,GRU,32,0.1,0.0005,128,3.1047842887275494,1.7799701043345155,19.333333333333332,141.62244410003768,2.9788825308067644,21,3.2133116906684713,18,3.1221586447074134,19
7,GRU,32,0.2,0.0005,64,3.1358139381198793,1.819322601892593,13.0,155.96965360001195,2.9783520622152997,12,3.2739355503799166,13,3.155154201764421,14
3,GRU,32,0.1,0.0005,64,3.17260190284728,1.8095618085538179,14.333333333333334,167.96989690006012,2.945951023388957,15,3.339581760744281,10,3.2322729244086013,18
10,GRU,64,0.1,0.001,128,3.188550551956062,1.8473323356135856,9.333333333333334,124.89227910002228,3.108812512816788,5,3.336845420651767,10,3.119993722399631,13
2,GRU,64,0.1,0.001,64,3.207532371440068,1.8247240885940303,5.666666666666667,123.96791409997968,3.113349760919351,4,3.262148880262996,5,3.2470984731378576,8
14,GRU,64,0.2,0.001,128,3.221950946082695,1.8262727277144233,8.666666666666666,120.44177729991497,3.093832344747022,6,3.183641503454819,12,3.3883789900462444,8
6,GRU,64,0.2,0.001,64,3.2225589983717486,1.804495178756989,11.0,188.3981726000784,3.0645918843261235,8,3.252513749618629,14,3.350571361170493,11
13,GRU,32,0.2,0.001,128,3.227895361961513,1.8496727468005252,13.0,108.30281219992321,3.007001182552925,15,3.341186120538262,8,3.335498782793352,16
5,GRU,32,0.2,0.001,64,3.2482311807413082,1.8588746645562335,10.0,136.90054419997614,3.032424269222203,13,3.45999686346955,6,3.2522724095321704,11
1,GRU,32,0.1,0.001,64,3.329338051838285,1.9262050517852174,8.0,118.26390409993473,3.243176485695743,3,3.5994318667032457,9,3.1454058031158674,12
9,GRU,32,0.1,0.001,128,3.337958362918281,1.9110002419009102,9.666666666666666,86.2141426000162,2.991807512883422,12,3.464309204389327,8,3.5577583714820937,9
