scenario,model,RMSE_mean,MAE_mean,SMAPE_mean,R2_mean,n_runs,high_hours
A_local_only,XGBoost,6.268001544277067,4.669706208160124,24.164085632557672,-0.3799866086014777,30,166
B_local_plus_neighbours,XGBoost,6.3204808897922335,4.764455669012415,24.86151602956174,-0.4031967097294688,30,166
C_neighbours_plus_traffic,XGBoost,6.333964418512326,4.760026070966299,24.838157185253184,-0.40917962919993467,30,166
A_local_only,RandomForest,6.410640941662206,4.887001612257747,25.265227699263903,-0.44348389101862346,30,166
A_local_only,Hybrid_RF_ARIMA,6.428192876796419,4.899338759427363,25.356761295742334,-0.4513985711828609,30,166
C_neighbours_plus_traffic,RandomForest,6.562820714357485,4.998435432219721,26.19142020299425,-0.5128430472974331,30,166
B_local_plus_neighbours,RandomForest,6.565475094085026,5.013936989114685,26.322309921896156,-0.5140568335639134,30,166
C_neighbours_plus_traffic,Hybrid_RF_ARIMA,6.569642438954434,5.0005438656875265,26.211557135385952,-0.5159886534163033,30,166
B_local_plus_neighbours,Hybrid_RF_ARIMA,6.573837793091739,5.01735053758914,26.35162906008713,-0.517915141404655,30,166
A_local_only,LSTM,6.690409733351436,5.150539092343263,27.219533540781814,-0.5689723767074993,30,165
A_local_only,GRU,6.720696617260865,5.151171940023248,26.997879300725472,-0.5861895389337753,30,165
B_local_plus_neighbours,LSTM,7.079511834271826,5.397598338416128,28.469627210212117,-0.7577146770246102,30,165
C_neighbours_plus_traffic,LSTM,7.120222960633955,5.420678851291386,28.491505091130776,-0.7789099853072915,30,165
B_local_plus_neighbours,GRU,7.141234802891825,5.322339245285651,27.51614610880254,-0.7886058952365634,30,165
C_neighbours_plus_traffic,GRU,7.233308672013184,5.435648551998716,28.143116631713223,-0.8361748566582868,30,165
COMMON_BASELINE,Persistence,7.398567103211466,5.346987951807229,27.49105575199688,-0.9226340488376212,1,166
COMMON_BASELINE,"ARIMA(3, 1, 2)",17.74441333054407,16.925176255030035,116.78588522310729,-10.05922478249361,1,166
