scenario,model,seed,train_p95_threshold,n_high_test_hours,MAE,MSE,RMSE,SMAPE,MAPE,R2
COMMON_BASELINE,Persistence,,18.6,166,5.346987951807229,54.738795180722896,7.398567103211466,27.49105575199688,23.112140655130432,-0.9226340488376212
COMMON_BASELINE,"ARIMA(3, 1, 2)",,18.6,166,16.925176255030035,314.8642044451901,17.74441333054407,116.78588522310729,73.58900053746655,-10.05922478249361
A_local_only,RandomForest,1.0,18.6,166,4.866784588019504,41.067762027959745,6.408413378361273,25.169600784693575,21.206083019646844,-0.44245552580818437
A_local_only,XGBoost,1.0,18.6,166,4.68016152841499,39.354240965824935,6.273295861492979,24.244349368590203,20.484397300771978,-0.3822701686664367
B_local_plus_neighbours,RandomForest,1.0,18.6,166,4.995895474604476,42.936784698676796,6.552616629917914,26.195465966291465,21.70570109649416,-0.5081026890843596
B_local_plus_neighbours,XGBoost,1.0,18.6,166,4.82529924116939,41.216113047357354,6.419977651624447,25.051784549889106,21.059530055564913,-0.4476661761363827
C_neighbours_plus_traffic,RandomForest,1.0,18.6,166,5.0064203158676595,43.245244936738096,6.576111688280401,26.25499964738218,21.73513984821035,-0.5189369822844787
C_neighbours_plus_traffic,XGBoost,1.0,18.6,166,4.778577077819641,40.46011326350566,6.360826460728642,24.890212355866062,20.88022139451223,-0.4211125970788183
A_local_only,RandomForest,2.0,18.6,166,4.898700635934417,41.6062246445292,6.450288725671836,25.369060111449244,21.34222890471006,-0.46136837467934866
A_local_only,XGBoost,2.0,18.6,166,4.620167339278992,38.36432785804712,6.193894401589933,23.89796864366483,20.221468173402126,-0.34750066670497315
B_local_plus_neighbours,RandomForest,2.0,18.6,166,5.012552379186055,42.908465058586664,6.550455332157198,26.325165380485142,21.811552235298855,-0.5071079959401581
B_local_plus_neighbours,XGBoost,2.0,18.6,166,4.728331089019775,39.910475643540586,6.317473834021047,24.734605223090075,20.684415181662,-0.401807239714302
C_neighbours_plus_traffic,RandomForest,2.0,18.6,166,5.0020715536975375,42.69800463421501,6.53437102055087,26.225467121438527,21.783852521827615,-0.4997158277988276
C_neighbours_plus_traffic,XGBoost,2.0,18.6,166,4.768000763582896,40.219364377100355,6.3418738853039605,24.893729782152647,20.834806947850133,-0.412656583301124
A_local_only,RandomForest,3.0,18.6,166,4.915637121811054,41.27227119544981,6.424349865585607,25.436638393833704,21.44874910734306,-0.4496386632414744
A_local_only,XGBoost,3.0,18.6,166,4.641654196704727,38.923539308795945,6.238873240321199,24.104523025314478,20.34153795506122,-0.36714229330928316
B_local_plus_neighbours,RandomForest,3.0,18.6,166,5.006170352013595,43.08469415798259,6.563893216528022,26.333392011357187,21.84665087858022,-0.5132978301477973
B_local_plus_neighbours,XGBoost,3.0,18.6,166,4.785588565504695,40.12540429720737,6.334461642255588,25.018347924722974,20.934170609218196,-0.40935634901139717
C_neighbours_plus_traffic,RandomForest,3.0,18.6,166,4.991075862204791,42.94789995384244,6.55346472896913,26.101632965551985,21.689961953822685,-0.5084930989933178
C_neighbours_plus_traffic,XGBoost,3.0,18.6,166,4.737666049061052,39.73324903651381,6.303431528660703,24.796852153849123,20.71637913493715,-0.39558236925625345
A_local_only,RandomForest,4.0,18.6,166,4.855803308329471,40.768993084501965,6.385060147289293,25.211742590534808,21.21116386096751,-0.43196162762261636
A_local_only,XGBoost,4.0,18.6,166,4.695741627015264,39.10543064687609,6.2534335086315656,24.387619696937097,20.63939804645279,-0.37353100680995377
B_local_plus_neighbours,RandomForest,4.0,18.6,166,5.00108413990116,43.45101320532718,6.591738253702674,26.33390507557734,21.725030298863395,-0.5261643441227066
B_local_plus_neighbours,XGBoost,4.0,18.6,166,4.731637957009925,39.85776508907263,6.313300649349168,24.655472921708675,20.643582705450257,-0.3999558451701106
C_neighbours_plus_traffic,RandomForest,4.0,18.6,166,4.990704982709402,43.033667192118784,6.560005121348518,26.139744683031264,21.73087522941352,-0.5115055696193234
C_neighbours_plus_traffic,XGBoost,4.0,18.6,166,4.758817816929645,40.04556495098042,6.328156520739703,24.800427341996716,20.75344534666897,-0.40655208843192914
A_local_only,RandomForest,5.0,18.6,166,4.884928263513391,41.10240591231788,6.411115808680878,25.2365746732604,21.302435739217916,-0.4436723503917548
A_local_only,XGBoost,5.0,18.6,166,4.66931102189673,39.22635909408277,6.263095009185376,24.10981564492298,20.395122436681135,-0.3777784724201303
B_local_plus_neighbours,RandomForest,5.0,18.6,166,5.0489453351351035,43.280123870527916,6.578763095789961,26.457121246947157,21.9494100417637,-0.5201620626953656
B_local_plus_neighbours,XGBoost,5.0,18.6,166,4.798299695784787,40.3446038923765,6.351740225511155,25.063137991594825,20.972464779729723,-0.417055469968886
C_neighbours_plus_traffic,RandomForest,5.0,18.6,166,4.996218381264093,42.709000604587494,6.535212361093364,26.18574705044124,21.76975993165175,-0.5001020479735381
C_neighbours_plus_traffic,XGBoost,5.0,18.6,166,4.799702010671777,40.57311289739816,6.369702732262955,24.983639902913193,21.02201021185997,-0.4250815727004158
A_local_only,RandomForest,6.0,18.6,166,4.903076905141633,41.21088546688414,6.419570504861221,25.27844243581988,21.350747989650422,-0.44748256368788697
A_local_only,XGBoost,6.0,18.6,166,4.663633653342006,39.54306400035011,6.288327599636497,24.070700944986733,20.374876744077916,-0.3889023496303097
B_local_plus_neighbours,RandomForest,6.0,18.6,166,5.002477311796355,42.67279932859175,6.5324420646946235,26.26882021220317,21.767114252790474,-0.4988305218902369
B_local_plus_neighbours,XGBoost,6.0,18.6,166,4.7628568189689915,40.40494873882225,6.356488711452436,24.742310246574963,20.77753324180475,-0.4191750097955378
C_neighbours_plus_traffic,RandomForest,6.0,18.6,166,5.045382750818168,43.650756394381425,6.6068719069149076,26.40838299826701,21.91210309562983,-0.5331800823213864
C_neighbours_plus_traffic,XGBoost,6.0,18.6,166,4.757582074475575,40.43148701280993,6.358575863572749,24.787222375702196,20.759108632696385,-0.4201071346075227
A_local_only,RandomForest,7.0,18.6,166,4.9152852840518815,41.21184477990792,6.419645222277312,25.446482595587742,21.43656223802298,-0.4475162583988672
A_local_only,XGBoost,7.0,18.6,166,4.7151146394660675,39.79255825404893,6.308134292645404,24.331985765994254,20.5404919660717,-0.3976655338685995
B_local_plus_neighbours,RandomForest,7.0,18.6,166,5.015834368101607,42.80261839805983,6.542371007368798,26.33643866242748,21.839994882293364,-0.5033902598662681
B_local_plus_neighbours,XGBoost,7.0,18.6,166,4.691503105393375,38.92205418724236,6.238754217569591,24.379434764024634,20.454468766064494,-0.36709013020894177
C_neighbours_plus_traffic,RandomForest,7.0,18.6,166,5.049725351666567,43.648729733341035,6.606718529901288,26.47553896130322,21.934322821075668,-0.5331088983008241
C_neighbours_plus_traffic,XGBoost,7.0,18.6,166,4.680209979666285,39.54664807745562,6.288612571740735,24.540052519103785,20.45128429644633,-0.38902823600858993
A_local_only,RandomForest,8.0,18.6,166,4.90572175013091,40.68460449960085,6.378448439832437,25.35456813883716,21.38778121153679,-0.4289975805308155
A_local_only,XGBoost,8.0,18.6,166,4.724604525049049,40.18555160904462,6.3392074906130516,24.416463393884406,20.637520568796095,-0.41146895067357403
B_local_plus_neighbours,RandomForest,8.0,18.6,166,4.991029217537715,43.10018689532597,6.565073258945857,26.344720296207853,21.780803584907428,-0.5138419938296566
B_local_plus_neighbours,XGBoost,8.0,18.6,166,4.8229250534471255,40.39187477061249,6.3554602327929395,25.22159789212716,21.051411028509484,-0.4187158024572959
C_neighbours_plus_traffic,RandomForest,8.0,18.6,166,5.030249381589371,43.025010742417074,6.559345298306614,26.3401646829174,21.888595281380006,-0.5112015222817154
C_neighbours_plus_traffic,XGBoost,8.0,18.6,166,4.700067877482219,39.85562462776812,6.3131311270848895,24.627762947431638,20.582508270531196,-0.39988066405275724
A_local_only,RandomForest,9.0,18.6,166,4.81197596895855,40.524941226468215,6.365920296898809,24.937092099838345,20.970945114559427,-0.42338960095691025
A_local_only,XGBoost,9.0,18.6,166,4.672573003424219,39.26831744328566,6.266443763673752,24.19430255666524,20.41801394141795,-0.37925220874450805
B_local_plus_neighbours,RandomForest,9.0,18.6,166,4.987417022356826,42.48261999047685,6.517869283015489,26.18460471569711,21.726516560546287,-0.49215070240137293
B_local_plus_neighbours,XGBoost,9.0,18.6,166,4.79779846122466,40.06599572254492,6.3297705900407575,25.044574746407815,21.00240977251315,-0.4072696945999905
C_neighbours_plus_traffic,RandomForest,9.0,18.6,166,4.9772935011136346,42.8363308745658,6.544946972632078,26.118811829884724,21.626255865036132,-0.5045743698742984
C_neighbours_plus_traffic,XGBoost,9.0,18.6,166,4.815114627401512,40.688130165734634,6.378724807180086,25.228880887925897,21.093726798650653,-0.42912141529428194
A_local_only,RandomForest,10.0,18.6,166,4.873844616787179,40.95482148092777,6.399595415409303,25.142361373507942,21.221870724849428,-0.43848862554117796
A_local_only,XGBoost,10.0,18.6,166,4.663889736152557,39.4205335247837,6.27857734879357,24.0856647896142,20.351782572680342,-0.3845986147094651
B_local_plus_neighbours,RandomForest,10.0,18.6,166,5.033664821714322,43.17764857788348,6.570970139780235,26.413780214379123,21.919663549237654,-0.5165627418452756
B_local_plus_neighbours,XGBoost,10.0,18.6,166,4.7605499807610565,40.141421306863535,6.335725791640886,24.859091013884704,20.785372814339713,-0.4099189271248509
C_neighbours_plus_traffic,RandomForest,10.0,18.6,166,4.989018270161611,42.80381303132545,6.5424623064504885,26.114400222995137,21.71135889344333,-0.503432219916444
C_neighbours_plus_traffic,XGBoost,10.0,18.6,166,4.810727037866431,40.387532050982536,6.35511857096172,25.056719151205115,21.058596585981608,-0.41856326967688795
A_local_only,RandomForest,11.0,18.6,166,4.888890725103916,41.325288189078556,6.428474794932197,25.250785275936842,21.29725297146153,-0.45150082109096834
A_local_only,XGBoost,11.0,18.6,166,4.669036152851151,39.713728479760405,6.301882931296043,24.018269098457136,20.375189971623055,-0.39489673328376895
B_local_plus_neighbours,RandomForest,11.0,18.6,166,4.994409110407516,43.10422193339734,6.565380562724246,26.281361870927366,21.751894962641273,-0.5139837196670405
B_local_plus_neighbours,XGBoost,11.0,18.6,166,4.7355073647326735,38.929854518158976,6.239379337575091,24.886028954410264,20.80832602229331,-0.36736410740853076
C_neighbours_plus_traffic,RandomForest,11.0,18.6,166,4.93353645739967,42.30046472305647,6.503880743299071,25.901878407277472,21.4697443746167,-0.4857527187014892
C_neighbours_plus_traffic,XGBoost,11.0,18.6,166,4.759109420661467,40.53853371169236,6.366987805209961,24.84284619958671,20.73792711036581,-0.42386702057884373
A_local_only,RandomForest,12.0,18.6,166,4.905100288997668,41.0053475802587,6.4035417996807595,25.395024123252707,21.406682654940592,-0.44026329373779927
A_local_only,XGBoost,12.0,18.6,166,4.669082608854914,39.44213304230152,6.280297209710821,24.17631866263407,20.424640353791062,-0.3853572716671332
B_local_plus_neighbours,RandomForest,12.0,18.6,166,5.024121106209643,43.17605285432839,6.570848716439025,26.3682771538294,21.89705053843973,-0.5165066939832532
B_local_plus_neighbours,XGBoost,12.0,18.6,166,4.784736986045378,39.93169522782872,6.319153046716681,24.988409963244553,20.91512159586569,-0.40255255197628803
C_neighbours_plus_traffic,RandomForest,12.0,18.6,166,5.005672943774865,43.07092016451889,6.562843908285408,26.264261174324027,21.753919975291975,-0.5128140352682362
C_neighbours_plus_traffic,XGBoost,12.0,18.6,166,4.8082730023257705,40.46219974367762,6.360990468761734,25.09114653192701,21.002826792493543,-0.4211858821741077
A_local_only,RandomForest,13.0,18.6,166,4.852298979629096,40.72472977045262,6.381593043312353,25.081969077444743,21.182260683305245,-0.4304069321927171
A_local_only,XGBoost,13.0,18.6,166,4.6851392516170645,39.37178560080495,6.274694064319387,24.29017868876186,20.477530663969343,-0.38288640277381214
B_local_plus_neighbours,RandomForest,13.0,18.6,166,5.03998296294773,43.23068190971812,6.575004327733794,26.43189654729021,21.96921139362852,-0.5184254735545131
B_local_plus_neighbours,XGBoost,13.0,18.6,166,4.796379960875914,40.42296048186611,6.357905353327157,25.00472820087899,20.953078897806872,-0.419807650509326
C_neighbours_plus_traffic,RandomForest,13.0,18.6,166,5.0029438354961595,42.90232429045565,6.54998658704395,26.24399109625027,21.796723040383107,-0.5068923088784367
C_neighbours_plus_traffic,XGBoost,13.0,18.6,166,4.7400611504014725,40.14830616389618,6.336269104441207,24.699173591662525,20.67383488823405,-0.41016074941028213
A_local_only,RandomForest,14.0,18.6,166,4.876941650619485,40.85278300913776,6.391618183929462,25.179348903604836,21.23101775610772,-0.43490464749586066
A_local_only,XGBoost,14.0,18.6,166,4.669978201532939,39.17539998286646,6.259025481883459,24.214734976737745,20.514734891509338,-0.3759885952041724
B_local_plus_neighbours,RandomForest,14.0,18.6,166,5.056974374803321,43.72962899741387,6.612838195314767,26.580431252802462,21.968604244297556,-0.5359503872141043
B_local_plus_neighbours,XGBoost,14.0,18.6,166,4.777029171909194,39.84340087901254,6.312162931912685,24.91334071026914,20.96807684946332,-0.39945131964566305
C_neighbours_plus_traffic,RandomForest,14.0,18.6,166,5.018442126099986,43.558545033605746,6.599889774352731,26.320722701360964,21.806826304959785,-0.5299412696779651
C_neighbours_plus_traffic,XGBoost,14.0,18.6,166,4.7558403198977555,39.899000879139834,6.316565592087193,24.75034612965713,20.752953622996838,-0.4014042024777966
A_local_only,RandomForest,15.0,18.6,166,4.843909608361848,40.559154797265954,6.368606974626865,25.088997739224723,21.102976491444092,-0.42459131129654915
A_local_only,XGBoost,15.0,18.6,166,4.637547951434032,38.76959176330012,6.226523248434885,24.04097914610695,20.314322125727376,-0.3617350717632475
B_local_plus_neighbours,RandomForest,15.0,18.6,166,5.007973917583288,43.1353200643498,6.567748477549197,26.428006092361585,21.85057809456763,-0.5150760039459876
B_local_plus_neighbours,XGBoost,15.0,18.6,166,4.808095633265483,40.66399025583537,6.376832305763997,25.103144038441354,20.963818067202446,-0.428273530123354
C_neighbours_plus_traffic,RandomForest,15.0,18.6,166,4.998975226685737,43.56950123960959,6.600719751633878,26.209074243560433,21.711095330576384,-0.530326093177268
C_neighbours_plus_traffic,XGBoost,15.0,18.6,166,4.776425238115242,40.12972665028422,6.334802810686709,24.940555222654854,20.87486564450901,-0.409508166441233
A_local_only,RandomForest,16.0,18.6,166,4.867174429205413,40.80666724250203,6.388009646400202,25.130303844487795,21.194856275576658,-0.4332848869068786
A_local_only,XGBoost,16.0,18.6,166,4.6791259122182085,39.54677974943203,6.288623040812037,24.152840448948876,20.46331461911389,-0.3890328608276836
B_local_plus_neighbours,RandomForest,16.0,18.6,166,4.972361042050261,42.71677857382809,6.5358074156012345,26.111876500644442,21.60842947015724,-0.5003752397462728
B_local_plus_neighbours,XGBoost,16.0,18.6,166,4.744365431888994,39.86806804259437,6.314116568657438,24.81388909582129,20.709225194028427,-0.40031772396519716
C_neighbours_plus_traffic,RandomForest,16.0,18.6,166,4.914596887334576,42.46720298737863,6.516686503690248,25.766805743442607,21.36435646854932,-0.4916091987933777
C_neighbours_plus_traffic,XGBoost,16.0,18.6,166,4.758498666372644,40.24569262489347,6.3439492924276655,24.82235747115967,20.801386226378522,-0.4135813311967649
A_local_only,RandomForest,17.0,18.6,166,4.846741236465461,40.7021470476616,6.379823433893888,25.016321056846174,21.046245262766224,-0.4296137413376728
A_local_only,XGBoost,17.0,18.6,166,4.617402057762606,38.48161716312895,6.203355314918609,24.061435080901628,20.282928513963377,-0.3516203118445915
B_local_plus_neighbours,RandomForest,17.0,18.6,166,5.073723551642049,43.73401583561158,6.613169878024576,26.563778094889816,22.00185662918258,-0.5361044696059034
B_local_plus_neighbours,XGBoost,17.0,18.6,166,4.716444874384317,39.48810246636519,6.283955956749314,24.65184413928904,20.58580505836778,-0.38697189215007355
C_neighbours_plus_traffic,RandomForest,17.0,18.6,166,4.952908856572936,42.19198114075668,6.4955354775997245,25.96219967380293,21.556377928010285,-0.48194236393608314
C_neighbours_plus_traffic,XGBoost,17.0,18.6,166,4.774318404944546,40.22830124175661,6.3425784379664245,24.858665914707846,20.829394218702465,-0.41297047987523117
A_local_only,RandomForest,18.0,18.6,166,4.913630747153015,41.447832592314604,6.437999114034935,25.39392074950025,21.39216906479506,-0.4558050452043827
A_local_only,XGBoost,18.0,18.6,166,4.6785003070371705,38.736529227753515,6.223867706479108,24.245733004194896,20.487729855118072,-0.36057379014619806
B_local_plus_neighbours,RandomForest,18.0,18.6,166,5.043562573963199,43.30426471446994,6.580597595543275,26.434492035527708,21.940972857918524,-0.521009980673417
B_local_plus_neighbours,XGBoost,18.0,18.6,166,4.683788745949068,39.12617207228877,6.255091691757105,24.44060900377761,20.455459877894906,-0.37425952431912046
C_neighbours_plus_traffic,RandomForest,18.0,18.6,166,4.991696637657234,42.66782082097099,6.532060993359675,26.20287465588045,21.744128836783297,-0.4986556578247696
C_neighbours_plus_traffic,XGBoost,18.0,18.6,166,4.721297977056848,39.49673736451231,6.284642978285427,24.65607316813777,20.637319752948173,-0.38727518251536375
A_local_only,RandomForest,19.0,18.6,166,4.867900070803848,40.98683848314839,6.402096413140651,25.132458534966258,21.2047208384076,-0.43961318406329797
A_local_only,XGBoost,19.0,18.6,166,4.637008743975536,39.05297607859709,6.249238039841105,24.075183448348593,20.338512868297066,-0.37168860347138355
B_local_plus_neighbours,RandomForest,19.0,18.6,166,5.0349487547145415,43.71148974284431,6.611466534956092,26.3881986289918,21.87572452451153,-0.5353132678120269
B_local_plus_neighbours,XGBoost,19.0,18.6,166,4.749962366058165,39.50323415063689,6.285159834931558,24.722957255193016,20.737512941664964,-0.38750337427899106
C_neighbours_plus_traffic,RandomForest,19.0,18.6,166,4.97140938287699,42.99638857133211,6.557163149665571,25.97030893292623,21.551343041878166,-0.510196203101819
C_neighbours_plus_traffic,XGBoost,19.0,18.6,166,4.758706882775548,39.65035375712072,6.296852686630101,24.81675910062704,20.736457870534114,-0.39267077271630657
A_local_only,RandomForest,20.0,18.6,166,4.8760954828841605,40.83388727933309,6.390139848182752,25.30684219538412,21.28663691328866,-0.434240957815075
A_local_only,XGBoost,20.0,18.6,166,4.644667848908758,38.896529649010425,6.2367082382463925,24.059656893424716,20.347941499850535,-0.36619361164064745
B_local_plus_neighbours,RandomForest,20.0,18.6,166,5.015106118872434,42.63461675025366,6.529518875863188,26.243562661858576,21.82437250877851,-0.49748940495584226
B_local_plus_neighbours,XGBoost,20.0,18.6,166,4.7830640149403765,39.59996760133691,6.292850514777616,24.963191309392034,20.881551009409502,-0.390901019867707
C_neighbours_plus_traffic,RandomForest,20.0,18.6,166,4.959101675511987,42.56418077236626,6.524122988752301,26.000526962526305,21.57724780007939,-0.49501542632875717
C_neighbours_plus_traffic,XGBoost,20.0,18.6,166,4.7576794072806114,40.12972965097128,6.334803047528098,24.85518655068846,20.8064131950724,-0.40950827183674066
A_local_only,RandomForest,21.0,18.6,166,4.916525929983084,41.57982693924914,6.448242158856097,25.38307279970659,21.422515969227224,-0.4604411871733931
A_local_only,XGBoost,21.0,18.6,166,4.631190230472979,38.808143150051066,6.229618218643183,24.03431432178175,20.306328735406193,-0.3630891426475731
B_local_plus_neighbours,RandomForest,21.0,18.6,166,5.0267235861733015,43.566034170470544,6.60045711829647,26.320416098512915,21.795599237914065,-0.5302043165624486
B_local_plus_neighbours,XGBoost,21.0,18.6,166,4.741011822941792,39.640865284749225,6.296099211793698,24.719260164956715,20.69648446603947,-0.3923375015876185
C_neighbours_plus_traffic,RandomForest,21.0,18.6,166,5.016592655990485,43.26160907656501,6.577355781510151,26.26130582383066,21.80767481526054,-0.5195117529257995
C_neighbours_plus_traffic,XGBoost,21.0,18.6,166,4.762086726958493,40.36572206308034,6.353402400531572,24.89262574516983,20.79549138558168,-0.4177972202012452
A_local_only,RandomForest,22.0,18.6,166,4.874483605284365,41.062658189641375,6.408015152107661,25.219879266689667,21.253486321778443,-0.44227625965338024
A_local_only,XGBoost,22.0,18.6,166,4.640204029198153,39.009183644896034,6.245733235169113,24.02065854352545,20.317665362552244,-0.3701504471448305
B_local_plus_neighbours,RandomForest,22.0,18.6,166,5.036107817714292,43.21071608345647,6.573485839602643,26.412027891180728,21.906142611833882,-0.5177241980284972
B_local_plus_neighbours,XGBoost,22.0,18.6,166,4.777851720028613,40.093527302741286,6.331944985763955,24.924682041990636,20.86666317181716,-0.4082367080925069
C_neighbours_plus_traffic,RandomForest,22.0,18.6,166,5.042746937106325,43.72706129392827,6.612644047121263,26.379674471397465,21.915876603749133,-0.5358601997313064
C_neighbours_plus_traffic,XGBoost,22.0,18.6,166,4.846581259118506,41.2358492859153,6.421514563240926,25.13562505685299,21.127515829906155,-0.44835938767167893
A_local_only,RandomForest,23.0,18.6,166,4.892588317749475,41.04584507153402,6.406703135898683,25.28868007565211,21.31629919101094,-0.4416857191923853
A_local_only,XGBoost,23.0,18.6,166,4.674526193917516,40.08438574561955,6.331223084493197,24.135542921967083,20.36386252374182,-0.4079156219428459
B_local_plus_neighbours,RandomForest,23.0,18.6,166,4.991795778340628,43.07193822220101,6.562921470062019,26.2523567756691,21.724683577834668,-0.5128497933143692
B_local_plus_neighbours,XGBoost,23.0,18.6,166,4.779833447215069,39.589969855449496,6.292056091251054,24.861730926055962,20.864857062209946,-0.39054986112204393
C_neighbours_plus_traffic,RandomForest,23.0,18.6,166,4.995863648561946,43.228059872675715,6.574804930389624,26.130927752688436,21.683768246897674,-0.5183333776711747
C_neighbours_plus_traffic,XGBoost,23.0,18.6,166,4.769791719712407,39.739286057178646,6.30391037826353,24.823543002426028,20.812402331508753,-0.3957944123135664
A_local_only,RandomForest,24.0,18.6,166,4.9381414477754895,42.03821142128604,6.4836881033317795,25.436764657547705,21.4386903919197,-0.4765413883143439
A_local_only,XGBoost,24.0,18.6,166,4.649166006065277,38.73496024721214,6.223741659742324,24.171202374676323,20.35601736665873,-0.3605186816002235
B_local_plus_neighbours,RandomForest,24.0,18.6,166,5.018345232199025,43.754859444213174,6.614745606915898,26.342189464769238,21.812843363966127,-0.5368365761761296
B_local_plus_neighbours,XGBoost,24.0,18.6,166,4.762241461765336,39.931167313386155,6.319111275597713,24.860297918728076,20.84566763989016,-0.4025340096192851
C_neighbours_plus_traffic,RandomForest,24.0,18.6,166,5.115027493562793,44.165096308448994,6.645682531422111,26.681890581250777,22.169751571132046,-0.5512456504106666
C_neighbours_plus_traffic,XGBoost,24.0,18.6,166,4.700569580261966,39.653106836447755,6.297071290405386,24.579634615428475,20.55894785008463,-0.3927674713015754
A_local_only,RandomForest,25.0,18.6,166,4.94273211038131,41.34842021226446,6.430273727631231,25.622608471288455,21.60536043339045,-0.45231330545875315
A_local_only,XGBoost,25.0,18.6,166,4.752844741545528,40.25470333748607,6.344659434318446,24.559483762599566,20.766161537445775,-0.41389782159041744
B_local_plus_neighbours,RandomForest,25.0,18.6,166,5.026171188761149,43.21793256496402,6.574034724958792,26.253819761844998,21.835889523726156,-0.5179776682229622
B_local_plus_neighbours,XGBoost,25.0,18.6,166,4.772539413406188,39.833435353247616,6.311373491819955,24.883087000550628,20.817822472313786,-0.3991012925928761
C_neighbours_plus_traffic,RandomForest,25.0,18.6,166,5.008578393625509,43.05580545562154,6.5616922707196155,26.25346200676863,21.79273050689414,-0.5122831493788342
C_neighbours_plus_traffic,XGBoost,25.0,18.6,166,4.82204026658851,40.623225888250154,6.37363521769564,25.16892166698139,21.07587788907514,-0.4268417309608057
A_local_only,RandomForest,26.0,18.6,166,4.919298929496935,41.1521236155358,6.414992097854509,25.49017694466836,21.48515330280859,-0.445418624651559
A_local_only,XGBoost,26.0,18.6,166,4.680923094232399,39.30688620926679,6.269520413019388,24.23294044683501,20.44681482162215,-0.3806068900532975
B_local_plus_neighbours,RandomForest,26.0,18.6,166,4.959665584472132,42.47374325012042,6.5171882932841845,26.062151376162905,21.569362788580452,-0.49183891762065923
B_local_plus_neighbours,XGBoost,26.0,18.6,166,4.781612522056304,40.34594986106414,6.3518461773774195,24.94217085804569,20.91032458744039,-0.4171027454929268
C_neighbours_plus_traffic,RandomForest,26.0,18.6,166,4.957642377879057,42.92318370185522,6.551578718282733,25.984189051169455,21.54961398678517,-0.5076249705028497
C_neighbours_plus_traffic,XGBoost,26.0,18.6,166,4.710258353474629,39.6037519214222,6.293151191686261,24.634499675837375,20.57205736236664,-0.3910339395387312
A_local_only,RandomForest,27.0,18.6,166,4.88191965071588,40.754311089660895,6.38391032907425,25.141540128097155,21.281097538077102,-0.43144594029166394
A_local_only,XGBoost,27.0,18.6,166,4.685345912841429,39.36204303819411,6.273917678627455,24.040207888478534,20.455668748074984,-0.38254420703244274
B_local_plus_neighbours,RandomForest,27.0,18.6,166,5.022358178951782,43.06794730790181,6.5626174128850305,26.35720271912078,21.842653971239017,-0.5127096172711754
B_local_plus_neighbours,XGBoost,27.0,18.6,166,4.726972158845649,39.488013833027765,6.28394890439346,24.74905406590124,20.683829220065544,-0.38696877901117754
C_neighbours_plus_traffic,RandomForest,27.0,18.6,166,5.012085610446548,43.55025635787262,6.5992618040105535,26.353707921085963,21.801709783603158,-0.5296501399566829
C_neighbours_plus_traffic,XGBoost,27.0,18.6,166,4.708888312994715,39.5892391317271,6.2919980238178,24.67002053208463,20.654801497094148,-0.3905241953341081
A_local_only,RandomForest,28.0,18.6,166,4.8964506009141795,41.4019262065685,6.434432858191038,25.265564454419938,21.299288863476374,-0.4541926388661881
A_local_only,XGBoost,28.0,18.6,166,4.6579501479505065,39.235061335963245,6.263789694423276,24.1968465161838,20.432843092512215,-0.3780841281526941
B_local_plus_neighbours,RandomForest,28.0,18.6,166,4.9661953612928444,42.273357248481965,6.501796463169388,26.08463554476729,21.636384077224065,-0.4848006014065638
B_local_plus_neighbours,XGBoost,28.0,18.6,166,4.807914581069028,40.576317397761386,6.369954269675834,25.031718025435563,21.020817003431,-0.42519412690420344
C_neighbours_plus_traffic,RandomForest,28.0,18.6,166,5.020925585448524,43.24381408290439,6.576002895597324,26.293847017120054,21.830971402878614,-0.5188867252722351
C_neighbours_plus_traffic,XGBoost,28.0,18.6,166,4.770186508132751,39.515635142875446,6.286146287104321,24.859711766094723,20.83829621818156,-0.38793894414929064
A_local_only,RandomForest,29.0,18.6,166,4.88574795955995,41.392150316106175,6.4336731589432,25.29561613754212,21.323684616201817,-0.45384927252429996
A_local_only,XGBoost,29.0,18.6,166,4.679464934820152,39.80253574857513,6.308925086619363,24.138658800047377,20.499493189932515,-0.3980159813096664
B_local_plus_neighbours,RandomForest,29.0,18.6,166,4.97531526732995,42.84802017142394,6.5458399133666525,26.116679894027754,21.63370671757341,-0.5049849423041852
B_local_plus_neighbours,XGBoost,29.0,18.6,166,4.737529320314707,39.944985521610505,6.320204547450225,24.80660746819037,20.742068426263742,-0.4030193574888967
C_neighbours_plus_traffic,RandomForest,29.0,18.6,166,5.004098449484632,43.270389146384275,6.578023194424316,26.22252364419412,21.75592296821141,-0.5198201422706865
C_neighbours_plus_traffic,XGBoost,29.0,18.6,166,4.7884841746594535,40.88233065841703,6.3939292034254676,24.874705723076683,20.927365972303512,-0.43594247297922917
A_local_only,RandomForest,30.0,18.6,166,4.891718153969858,41.486306719291846,6.440986470975688,25.254393344293714,21.306288371716814,-0.4571564024324972
A_local_only,XGBoost,30.0,18.6,166,4.705230646822826,39.70789440369903,6.301420030731092,24.213990121544455,20.549014218810893,-0.39469181841046796
B_local_plus_neighbours,RandomForest,30.0,18.6,166,5.037197742664263,43.33053216187414,6.582593118359522,26.442523510132677,21.90680835381068,-0.5219325930288521
B_local_plus_neighbours,XGBoost,30.0,18.6,166,4.7619991043964065,40.29871196719588,6.348126650217044,24.80837247225511,20.70566187621917,-0.41544357154058376
C_neighbours_plus_traffic,RandomForest,30.0,18.6,166,4.952057433982848,42.83932160735763,6.545175445116627,25.973544065757565,21.549368641690677,-0.5046794157504011
C_neighbours_plus_traffic,XGBoost,30.0,18.6,166,4.705219442298613,39.53363342078653,6.287577706938223,24.566818474688038,20.58745542361825,-0.3885711119165578
A_local_only,LSTM,1.0,18.6,165,5.292930669495553,48.75823917503906,6.982710016536492,27.337064881513705,23.015934527313362,-0.7066347493760365
A_local_only,LSTM,2.0,18.6,165,5.042776584625244,42.23213518661371,6.498625638287969,27.19798087558072,22.3292847481004,-0.4782082099207319
A_local_only,LSTM,3.0,18.6,165,4.968668642911044,41.7443467713736,6.4609865168852965,26.348188986007155,22.142823427216605,-0.4611346511975938
A_local_only,LSTM,4.0,18.6,165,5.081523898153594,43.99836061348185,6.633126006151387,26.987502377901297,22.525620797815765,-0.5400295910806119
A_local_only,LSTM,5.0,18.6,165,5.046129394300056,43.57281819956385,6.600971004296554,26.6492109477977,22.269113908623126,-0.5251347654426588
A_local_only,LSTM,6.0,18.6,165,4.962531919190378,41.48237881417883,6.440681548887418,26.32220619362854,22.12009134355749,-0.4519652548753301
A_local_only,LSTM,7.0,18.6,165,6.176218769767067,55.9410765911512,7.479376751518218,33.150838070397455,27.14662929065955,-0.9580482569362292
A_local_only,LSTM,8.0,18.6,165,5.231906908208674,48.33287808086763,6.952185129933439,27.877889386410505,23.25727452393276,-0.6917462702876203
A_local_only,LSTM,9.0,18.6,165,5.301672816999031,49.48925071760674,7.034859680022533,28.136274108063873,23.520137282066063,-0.7322215983240119
A_local_only,LSTM,10.0,18.6,165,4.95279531767874,42.33996407560069,6.506916633521647,26.306913818409594,21.947675396379893,-0.4819824341758603
A_local_only,LSTM,11.0,18.6,165,5.095042292277018,48.418097974273174,6.958311431250629,25.73927546493285,22.04705404946385,-0.6947291350071993
A_local_only,LSTM,12.0,18.6,165,5.452575822310014,48.670776989780116,6.976444437518306,29.087562037627553,24.00124825324445,-0.7035734000093496
A_local_only,LSTM,13.0,18.6,165,5.120748886917577,44.23458623587385,6.650908677457077,26.777867558547076,22.684621100788167,-0.5482979548010467
A_local_only,LSTM,14.0,18.6,165,4.880784621383205,41.10007732471998,6.410934200623181,25.70747922959933,21.52945198545485,-0.4385839470658657
A_local_only,LSTM,15.0,18.6,165,5.040540102756385,45.14951718365615,6.719339043660184,26.395125013994747,22.198950641763986,-0.5803223464768681
A_local_only,LSTM,16.0,18.6,165,5.2341179443128185,46.629518358851016,6.828580991600745,27.68161061646776,22.932349431151593,-0.6321253130613951
A_local_only,LSTM,17.0,18.6,165,5.173486978357489,43.5176484814059,6.596790771383151,27.90040680229903,22.920502798902337,-0.5232037162555947
A_local_only,LSTM,18.0,18.6,165,5.395886019504432,45.996243993467104,6.782053080997457,28.200571025383358,23.768188667008484,-0.6099594585075965
A_local_only,LSTM,19.0,18.6,165,5.326401392618815,46.580818265207135,6.825014158608547,27.55120621560338,23.30561193069715,-0.6304207135205431
A_local_only,LSTM,20.0,18.6,165,4.919666122667717,44.06707015145434,6.638303258473082,26.088428996322943,21.782721864250547,-0.5424345607247465
A_local_only,LSTM,21.0,18.6,165,5.16693933949326,44.06124007781014,6.637864120167732,27.367024285740726,22.747449462960788,-0.5422304966231515
A_local_only,LSTM,22.0,18.6,165,5.160580565712669,42.46069507857289,6.516187158037504,27.99954508979841,23.06117485380043,-0.4862082579235081
A_local_only,LSTM,23.0,18.6,165,5.201049709320069,48.161462294627825,6.939845984935676,27.01105548776242,23.018917794871165,-0.685746378939242
A_local_only,LSTM,24.0,18.6,165,5.455118000146115,48.13057003389267,6.93761991131632,29.76592266450606,24.294538257693315,-0.6846650887501493
A_local_only,LSTM,25.0,18.6,165,4.888555122144295,40.89086364914915,6.394596441461271,26.051678011905437,21.677818012956546,-0.4312610548774898
A_local_only,LSTM,26.0,18.6,165,4.892604931918058,40.29055744354967,6.347484339764035,25.767943745912312,21.581841549625498,-0.4102491510828461
A_local_only,LSTM,27.0,18.6,165,4.994310746048436,41.55625888678606,6.44641442096194,25.907093047271324,21.92372361029702,-0.45455120345204736
A_local_only,LSTM,28.0,18.6,165,4.997275976701216,42.6638764767621,6.531759064506444,26.079775497076273,21.944644439369224,-0.4933200084797922
A_local_only,LSTM,29.0,18.6,165,4.9180123126868045,41.74993823735198,6.461419212321081,25.921995395126203,21.74931270394327,-0.46133036355923984
A_local_only,LSTM,30.0,18.6,165,5.145320961692116,42.536254027518325,6.521982369457795,27.270370391866678,22.804451676409414,-0.4888529704906228
A_local_only,GRU,1.0,18.6,165,4.920895877028957,43.067914792937096,6.562614935598241,25.471193529786962,21.631873591361515,-0.5074621481905435
A_local_only,GRU,2.0,18.6,165,4.700993263360226,37.16738157444292,6.096505685590961,24.43451424971211,20.768496922475848,-0.3009318222208359
A_local_only,GRU,3.0,18.6,165,4.860720195192279,40.099599690770674,6.332424471777825,25.73097170700775,21.39119877172692,-0.4035652522778572
A_local_only,GRU,4.0,18.6,165,5.002106548078133,43.00432749636921,6.557768484505168,25.900558240589405,21.943213125533752,-0.5052364671204777
A_local_only,GRU,5.0,18.6,165,4.6535351464242645,39.91037602664593,6.317465949781283,24.110548941101186,20.56805644604728,-0.3969420500034635
A_local_only,GRU,6.0,18.6,165,5.135790790211071,45.186872099766475,6.722118125990235,26.508663121843025,22.561286748369504,-0.581629842378536
A_local_only,GRU,7.0,18.6,165,5.676743354219379,53.62056654107525,7.322606540097266,28.751052219281643,24.484041838957484,-0.8768258183342352
A_local_only,GRU,8.0,18.6,165,4.852187994754676,41.736385170866924,6.460370358645619,25.6030130375643,21.41424419370579,-0.4608559794425173
A_local_only,GRU,9.0,18.6,165,5.077105264952689,44.545095538643736,6.674211229699262,26.446189029228584,21.98830446474279,-0.559166394167965
A_local_only,GRU,10.0,18.6,165,5.29759497498021,46.84194629234836,6.844117641621041,28.773532793216976,23.479792198910836,-0.6395607106306802
A_local_only,GRU,11.0,18.6,165,5.069913971062863,44.54098392241179,6.673903199958161,26.831248202856013,22.34259159819986,-0.5590224794725973
A_local_only,GRU,12.0,18.6,165,4.561891971934926,35.88463786403464,5.990378774671485,23.727932309350113,20.281140802618943,-0.2560332568139243
A_local_only,GRU,13.0,18.6,165,5.244389742070978,50.27501728483319,7.090487803024076,26.9116304751246,23.066589454026957,-0.759724981366874
A_local_only,GRU,14.0,18.6,165,5.505231077020818,46.02642134873192,6.784277511182154,28.564459552789035,24.17810539009145,-0.6110157255921054
A_local_only,GRU,15.0,18.6,165,5.8687133153279625,58.71925404081896,7.66284895067226,31.12680319066916,25.591755638912712,-1.0552899591747944
A_local_only,GRU,16.0,18.6,165,5.409634312716397,46.63039269968454,6.82864501198331,28.53118805454829,23.698101586319957,-0.6321559167188391
A_local_only,GRU,17.0,18.6,165,5.249248724272757,47.80501483285889,6.914117068206098,28.175953097237173,23.04926824989482,-0.6732700132034348
A_local_only,GRU,18.0,18.6,165,5.149318683508671,46.036564922673534,6.785025049524396,27.572770865300033,22.79223004227388,-0.6113707707304146
A_local_only,GRU,19.0,18.6,165,5.454817589846525,46.9778110667288,6.854036115073279,28.881102830171084,24.23389093961573,-0.6443162462918715
A_local_only,GRU,20.0,18.6,165,4.989175467057661,43.5655385423108,6.600419573202206,25.779771278465592,21.926025142347385,-0.5248799630494263
A_local_only,GRU,21.0,18.6,165,5.416073391654274,47.938174800732455,6.92373994317612,29.093639615522626,23.89017091814139,-0.6779308752904145
A_local_only,GRU,22.0,18.6,165,4.921577991138805,42.87964753344753,6.548255304540861,24.797739142921138,21.440406914413078,-0.5008724219688638
A_local_only,GRU,23.0,18.6,165,5.236239037369237,43.11425893660672,6.566144906762774,27.497405355382874,23.172217701401664,-0.5090842848253945
A_local_only,GRU,24.0,18.6,165,6.3297879074559065,60.749272048596765,7.794181935815764,34.86980457354143,28.149775738662296,-1.1263446020936123
A_local_only,GRU,25.0,18.6,165,4.865648862087365,43.09396148669261,6.564599110889606,25.368551789510175,21.470589923357277,-0.5083738339573316
A_local_only,GRU,26.0,18.6,165,4.81797882715861,40.74322081395698,6.38304165848516,25.5178388204265,21.15413993744639,-0.4260932638067172
A_local_only,GRU,27.0,18.6,165,5.13159517808394,44.057238128885714,6.637562664780327,26.541218178321223,22.630595322632914,-0.5420904205003214
A_local_only,GRU,28.0,18.6,165,5.024447871699477,41.16136218711331,6.415712134059111,26.48108513771409,22.22944848469954,-0.4407290383887028
A_local_only,GRU,29.0,18.6,165,4.795125663641727,43.888716793314146,6.624855982835713,24.666980777420232,20.857986091484054,-0.5361918406466641
A_local_only,GRU,30.0,18.6,165,5.316675206386682,50.24629913491503,7.088462395676162,27.269018905160898,23.191538111833207,-0.7587197893538447
B_local_plus_neighbours,LSTM,1.0,18.6,165,5.372734858772971,53.26503703862065,7.298290007845718,28.012491978959936,23.62643139692268,-0.864381582988919
B_local_plus_neighbours,LSTM,2.0,18.6,165,5.268567917563699,46.63838091993581,6.8292298921573735,28.079900314909516,22.968403338052056,-0.6324355202175944
B_local_plus_neighbours,LSTM,3.0,18.6,165,6.420775133190733,63.36228128846774,7.960042794386707,34.42937771748544,28.06063093672957,-1.2178050905086124
B_local_plus_neighbours,LSTM,4.0,18.6,165,5.357657539483273,46.75499962153502,6.837762764350268,28.68742274766064,23.553954706118713,-0.636517405288584
B_local_plus_neighbours,LSTM,5.0,18.6,165,5.352695635593299,53.608113058237215,7.321756145777952,27.451083032290192,23.230670864067992,-0.8763899218186566
B_local_plus_neighbours,LSTM,6.0,18.6,165,5.395098908742269,48.238737158844536,6.945411230362428,28.535551277088494,23.382029953811998,-0.6884511519326251
B_local_plus_neighbours,LSTM,7.0,18.6,165,5.393835007060658,47.582124007987176,6.897979704811197,29.1878512815396,23.767184521078715,-0.6654683937545132
B_local_plus_neighbours,LSTM,8.0,18.6,165,5.414803132143888,49.947882725072056,7.067381603187425,28.027966523423075,23.795686228987996,-0.7482746251428538
B_local_plus_neighbours,LSTM,9.0,18.6,165,5.338093066937995,49.11440413518451,7.00816695971097,28.06555767394367,23.443335544645773,-0.7191012269966133
B_local_plus_neighbours,LSTM,10.0,18.6,165,4.965067253690777,42.67611434629199,6.532695794715378,26.096642884032356,21.718352394913147,-0.49374835810339257
B_local_plus_neighbours,LSTM,11.0,18.6,165,5.614955673795758,50.381504376582974,7.097992982286118,29.808060568182725,24.392262293093882,-0.7634522400664296
B_local_plus_neighbours,LSTM,12.0,18.6,165,5.1265311385646015,51.352224209178665,7.16604662343043,26.953378932369404,22.63914471591095,-0.7974293529861347
B_local_plus_neighbours,LSTM,13.0,18.6,165,5.490530583352753,50.445938005467134,7.102530394547223,28.6075791256638,23.844050972900828,-0.7657075444404728
B_local_plus_neighbours,LSTM,14.0,18.6,165,5.237252304770729,57.85417092220459,7.60619293222336,27.180451296098006,23.08286523400978,-1.0250103400518444
B_local_plus_neighbours,LSTM,15.0,18.6,165,5.67802341634577,51.556079466451465,7.180256225682442,30.20558147801568,25.015696650797842,-0.804564689942332
B_local_plus_neighbours,LSTM,16.0,18.6,165,5.304636333927964,50.615055918380456,7.114425902234168,27.454317816971617,23.17947750830103,-0.7716270056803196
B_local_plus_neighbours,LSTM,17.0,18.6,165,5.002411229682691,42.99877723114695,6.557345288388202,26.24642194623337,21.9530362352342,-0.5050421968667356
B_local_plus_neighbours,LSTM,18.0,18.6,165,5.556044793851448,52.01494675893734,7.2121388477300785,29.890968818951176,24.232844896196163,-0.8206259522019708
B_local_plus_neighbours,LSTM,19.0,18.6,165,5.6324474623709015,55.70929511296496,7.463865962955455,29.366900511924175,24.503855035289046,-0.9499354470475387
B_local_plus_neighbours,LSTM,20.0,18.6,165,5.4127131924484715,51.88754072968766,7.203300682998569,28.548790114454032,23.258106933870916,-0.8161664893403824
B_local_plus_neighbours,LSTM,21.0,18.6,165,5.310921261527321,50.361057564868624,7.096552512654903,28.26484896330392,23.411541942402877,-0.7627365612401211
B_local_plus_neighbours,LSTM,22.0,18.6,165,4.947683054028135,43.808769613182584,6.618819351907301,26.165476123688634,21.640723415189,-0.533393531314013
B_local_plus_neighbours,LSTM,23.0,18.6,165,5.3836723327636715,51.57101480158363,7.181296178377802,27.74686133532351,23.493425672567472,-0.8050874561939725
B_local_plus_neighbours,LSTM,24.0,18.6,165,5.7925368453517105,54.62813350490977,7.391084731276578,30.65103807172576,25.60632245550871,-0.9120926536813903
B_local_plus_neighbours,LSTM,25.0,18.6,165,5.137035936297792,45.8394758286213,6.7704856420068795,27.03769609417433,22.650611864655048,-0.6044722628613124
B_local_plus_neighbours,LSTM,26.0,18.6,165,4.889409992911599,43.697420070872774,6.610402413686535,25.88916514085751,21.434149179291907,-0.529496077233466
B_local_plus_neighbours,LSTM,27.0,18.6,165,5.21822424512921,48.24033949682068,6.9455265816797995,26.723170224902308,22.899614772075353,-0.6885072369290606
B_local_plus_neighbours,LSTM,28.0,18.6,165,5.7833110838225394,53.05441654391437,7.283846274044667,31.67386605748061,25.780423759512992,-0.8570094493500056
B_local_plus_neighbours,LSTM,29.0,18.6,165,5.163032349673185,45.98491669471857,6.781217935940311,26.381566345456363,22.846913259545545,-0.6095629806612284
B_local_plus_neighbours,LSTM,30.0,18.6,165,5.96724846868804,53.33834669577326,7.303310666798535,32.71883190925366,26.519042094240632,-0.8669475658972099
B_local_plus_neighbours,GRU,1.0,18.6,165,5.429740330667206,50.81991232880517,7.128808619173695,28.08439802460918,23.422763372475625,-0.7787973849757688
B_local_plus_neighbours,GRU,2.0,18.6,165,5.146301515174635,48.000308655481476,6.9282255055303645,27.107881038520464,22.4436680437354,-0.6801056830238663
B_local_plus_neighbours,GRU,3.0,18.6,165,5.28608705925219,49.949588104296375,7.067502253575613,27.291756467954226,23.33651035941046,-0.7483343167866525
B_local_plus_neighbours,GRU,4.0,18.6,165,5.330170986869119,51.67030509497368,7.188205971935813,27.25130990454634,22.848978645466612,-0.808562812725345
B_local_plus_neighbours,GRU,5.0,18.6,165,5.432179393190326,55.03507441540197,7.418562826815041,27.842983819326022,23.311631049557967,-0.9263363899306734
B_local_plus_neighbours,GRU,6.0,18.6,165,5.097912054350882,50.71533103757073,7.12146972454217,26.135529736159786,22.17921050810869,-0.7751368330613615
B_local_plus_neighbours,GRU,7.0,18.6,165,5.45239565300219,50.69585562993132,7.1201022204692626,28.056245137533253,23.32805404390122,-0.7744551552978076
B_local_plus_neighbours,GRU,8.0,18.6,165,4.803286069812197,43.54408898539387,6.5987945100142245,25.149335966641768,20.87935760731537,-0.5241291861589457
B_local_plus_neighbours,GRU,9.0,18.6,165,5.279049408074581,51.90588385074939,7.204573814650621,26.58089046234059,22.693419422691257,-0.8168085348355771
B_local_plus_neighbours,GRU,10.0,18.6,165,5.24342297929706,51.957950421405656,7.2081863475777075,26.879109693381054,22.58427541942136,-0.8186309677262282
B_local_plus_neighbours,GRU,11.0,18.6,165,5.234408052039869,48.622548698565794,6.972987071446913,27.004138550097174,23.211251891344357,-0.7018853144861232
B_local_plus_neighbours,GRU,12.0,18.6,165,4.896948698795203,42.54668314052745,6.522781855966628,26.29407006391022,21.50494492820178,-0.48921801006070753
B_local_plus_neighbours,GRU,13.0,18.6,165,5.909174878669508,61.666725579918264,7.852816410684658,30.416382555341887,25.826966639695158,-1.1584572891795846
B_local_plus_neighbours,GRU,14.0,18.6,165,6.093326675530636,57.266938519709065,7.567492221318042,32.42889591604473,26.608551785273775,-1.0044560452082463
B_local_plus_neighbours,GRU,15.0,18.6,165,5.47257038752238,53.174528116827204,7.292086677819128,28.554565205556205,23.77643366555909,-0.8612135918211756
B_local_plus_neighbours,GRU,16.0,18.6,165,5.216189497167414,49.28672407904858,7.02045041853075,26.509919292921282,22.65019178767641,-0.7251327656490492
B_local_plus_neighbours,GRU,17.0,18.6,165,5.244010092995383,52.15336893508954,7.221728943617971,26.830984813445824,22.73433081726017,-0.8254710019802762
B_local_plus_neighbours,GRU,18.0,18.6,165,5.622792532949736,59.98460410035695,7.744972827606108,28.977830134768983,24.573921765102995,-1.0995797124199869
B_local_plus_neighbours,GRU,19.0,18.6,165,5.309697142514316,49.4975417982099,7.035448940772003,27.352299118537676,22.99775882044508,-0.7325118025337343
B_local_plus_neighbours,GRU,20.0,18.6,165,5.293695238864783,53.51832997898158,7.315622323424138,26.82180426684412,22.3277657391972,-0.8732473365744773
B_local_plus_neighbours,GRU,21.0,18.6,165,5.326101126815334,48.14758766348439,6.9388462775510735,28.27075186094225,23.402588638533377,-0.6852607394238535
B_local_plus_neighbours,GRU,22.0,18.6,165,5.2906133825128725,45.680322827277195,6.7587219818007895,27.22790032124643,22.829312442853517,-0.5989015932235868
B_local_plus_neighbours,GRU,23.0,18.6,165,5.524004699244644,60.46211870307646,7.775739109761622,28.285722807044422,23.549300716337555,-1.1162936673971147
B_local_plus_neighbours,GRU,24.0,18.6,165,5.501351683067553,56.73370702603407,7.53217810636698,27.81601146921294,24.0992414303739,-0.9857918889145687
B_local_plus_neighbours,GRU,25.0,18.6,165,5.379373403029009,45.63249657162459,6.755182941388382,28.477833915772262,23.766915941508763,-0.5972275797397066
B_local_plus_neighbours,GRU,26.0,18.6,165,5.291745162732673,46.72267133844823,6.835398403783661,27.669324748945286,22.84479770337855,-0.6353858514786623
B_local_plus_neighbours,GRU,27.0,18.6,165,5.31561459050034,52.339181277343066,7.234582315333973,27.462731269957107,22.666571885591903,-0.8319748012461685
B_local_plus_neighbours,GRU,28.0,18.6,165,4.999946484421239,47.456480831944994,6.888866440274843,25.941984345772617,21.944160845208877,-0.6610706342397412
B_local_plus_neighbours,GRU,29.0,18.6,165,5.090824864127419,48.3390440058622,6.9526285680929485,26.229165812669876,22.08884661217423,-0.6919620898503407
B_local_plus_neighbours,GRU,30.0,18.6,165,5.157243315378825,49.47828787455894,7.0340804569296,26.532626544032194,22.611272485145953,-0.7318378771475731
C_neighbours_plus_traffic,LSTM,1.0,18.6,165,5.766049723191695,62.457463287960856,7.903003434641849,30.011313968005084,25.263011504867666,-1.186134671977245
C_neighbours_plus_traffic,LSTM,2.0,18.6,165,4.790095245476925,41.92144470342687,6.4746771891289585,24.624767674181715,20.97648991011273,-0.46733342888108886
C_neighbours_plus_traffic,LSTM,3.0,18.6,165,5.372198203115753,46.99156286648413,6.855039231578775,28.436190096024365,23.57360759842393,-0.6447975864658808
C_neighbours_plus_traffic,LSTM,4.0,18.6,165,5.084298781192664,44.94173814813553,6.7038599439528515,26.558343084063523,22.106154165928213,-0.5730496695260385
C_neighbours_plus_traffic,LSTM,5.0,18.6,165,5.279058366833311,46.957286591954606,6.852538696859333,27.65349939949615,22.86864446492994,-0.6435978491049552
C_neighbours_plus_traffic,LSTM,6.0,18.6,165,5.61449766737042,51.90567684412447,7.204559448302476,29.71813159405443,24.34446645724248,-0.816801289194524
C_neighbours_plus_traffic,LSTM,7.0,18.6,165,5.784802835637873,52.203138114485355,7.225173915864265,31.544987626564236,25.588449199553565,-0.8272130216356601
C_neighbours_plus_traffic,LSTM,8.0,18.6,165,5.4954923571962295,55.17459895467753,7.427960618815741,28.355740780615967,23.861189407217132,-0.9312200245972886
C_neighbours_plus_traffic,LSTM,9.0,18.6,165,6.264418604879668,62.118508163841284,7.881529557379157,33.59247997259743,27.296854598136676,-1.174270572635494
C_neighbours_plus_traffic,LSTM,10.0,18.6,165,5.488449593746301,48.79107406196106,6.985060777256062,29.041378490016196,24.052309029141576,-0.7077840353215721
C_neighbours_plus_traffic,LSTM,11.0,18.6,165,5.653461456298828,53.135321198717826,7.289397862561614,29.70096778689473,24.680415414808042,-0.8598412721887707
C_neighbours_plus_traffic,LSTM,12.0,18.6,165,5.313455523866596,50.65253438903172,7.117059391984285,27.644339762314395,22.8975712381928,-0.7729388262351453
C_neighbours_plus_traffic,LSTM,13.0,18.6,165,5.296149956096302,46.781865333189,6.839726992591809,27.10139943990323,22.808315090027808,-0.6374577583007344
C_neighbours_plus_traffic,LSTM,14.0,18.6,165,5.424475545594187,50.37452302582341,7.0975011818120475,28.299802164009545,23.560060638055326,-0.7632078789901184
C_neighbours_plus_traffic,LSTM,15.0,18.6,165,5.683344661828244,50.965663611407614,7.139023995715914,30.318072275392776,24.971777834864987,-0.7838989679669528
C_neighbours_plus_traffic,LSTM,16.0,18.6,165,4.9789196534590285,44.18291657539837,6.647023136367014,26.09875658740661,21.674937737588696,-0.546489414551278
C_neighbours_plus_traffic,LSTM,17.0,18.6,165,5.175498263041178,45.383331149498645,6.7367151601873925,27.654428830841283,22.872930909171487,-0.5885062974510553
C_neighbours_plus_traffic,LSTM,18.0,18.6,165,5.7216948162425645,52.357557267493064,7.235852214320927,30.721394890705483,25.175252810955527,-0.8326179972244234
C_neighbours_plus_traffic,LSTM,19.0,18.6,165,5.823632350112453,60.207546621695414,7.759352203740685,30.07179651503899,25.51426275646515,-1.107383141347431
C_neighbours_plus_traffic,LSTM,20.0,18.6,165,5.667883722709887,61.448277829467536,7.838895191892001,28.930436154401658,24.63409570062863,-1.1508111861178256
C_neighbours_plus_traffic,LSTM,21.0,18.6,165,5.348282490354595,50.201668186290576,7.085313555961414,28.041028697709603,23.58415745266011,-0.7571576179319714
C_neighbours_plus_traffic,LSTM,22.0,18.6,165,5.293135301994555,50.27414260498157,7.0904261229478704,28.06596686844412,23.162075165818703,-0.7596943658431263
C_neighbours_plus_traffic,LSTM,23.0,18.6,165,5.134055322589297,45.10718359823021,6.716188174718618,27.308188459162846,22.39846227405756,-0.5788405873080387
C_neighbours_plus_traffic,LSTM,24.0,18.6,165,5.523488801898378,53.61744975200206,7.3223937173578735,28.78875361562268,23.621880405390332,-0.8767167245558549
C_neighbours_plus_traffic,LSTM,25.0,18.6,165,5.339010172179251,47.81269588206391,6.914672507217093,28.388933297998687,23.402818966622576,-0.6735388651084002
C_neighbours_plus_traffic,LSTM,26.0,18.6,165,5.025756231943766,48.39294221266657,6.956503591076955,26.016401427034875,22.03179327969933,-0.6938486336266894
C_neighbours_plus_traffic,LSTM,27.0,18.6,165,5.292587601054798,51.07770961371782,7.146867118795328,27.382287745409478,22.86303870044787,-0.7878207995241753
C_neighbours_plus_traffic,LSTM,28.0,18.6,165,5.358641991470799,49.960094767980955,7.068245522615988,28.24392340462878,23.256597854411336,-0.7487020707836691
C_neighbours_plus_traffic,LSTM,29.0,18.6,165,5.232505072969379,50.273083500996364,7.090351437058417,27.148594085797672,22.679716116448404,-0.7596572951101606
C_neighbours_plus_traffic,LSTM,30.0,18.6,165,5.395025224396677,49.024880125890256,7.001776926315937,29.282848039586767,23.72433231055758,-0.7159677097131745
C_neighbours_plus_traffic,GRU,1.0,18.6,165,5.1402177406079845,51.504042549744035,7.176631699463477,25.96677284915807,22.24051016876912,-0.8027432949985056
C_neighbours_plus_traffic,GRU,2.0,18.6,165,5.468953017032508,50.75803457922408,7.124467318980702,27.849672209629883,23.819255790853568,-0.7766315414294265
C_neighbours_plus_traffic,GRU,3.0,18.6,165,5.616871570818352,54.140103861957364,7.3579959134235295,29.75701080361597,24.192112719666568,-0.8950106515114977
C_neighbours_plus_traffic,GRU,4.0,18.6,165,5.513905077269583,57.68919566954443,7.595340391947186,27.58227953504472,24.137100912027133,-1.0192358801094712
C_neighbours_plus_traffic,GRU,5.0,18.6,165,6.096001731988156,56.00264467170928,7.483491476023025,32.78581129565061,26.679808846694186,-0.9602032614546572
C_neighbours_plus_traffic,GRU,6.0,18.6,165,5.196572569644812,47.47108117569326,6.889926064602816,27.09223496610582,22.380756084505038,-0.6615816751307826
C_neighbours_plus_traffic,GRU,7.0,18.6,165,4.888759523449522,42.660133213020956,6.531472514909709,24.802317379468917,21.110164168370382,-0.4931889868497088
C_neighbours_plus_traffic,GRU,8.0,18.6,165,5.154747543912945,50.032956219490224,7.0733977846216325,26.06447163813131,22.605140690556194,-0.7512523656084944
C_neighbours_plus_traffic,GRU,9.0,18.6,165,5.081712662089955,51.41013272580486,7.170085963627274,25.945546186686492,21.835387906642275,-0.7994562655332489
C_neighbours_plus_traffic,GRU,10.0,18.6,165,5.517905801715273,51.1567044233392,7.152391517760979,28.8396284138645,23.77945684322956,-0.7905857740064612
C_neighbours_plus_traffic,GRU,11.0,18.6,165,5.390515957456646,49.656821397554516,7.04675963812833,28.333349127041018,23.667660695991636,-0.7380869033517179
C_neighbours_plus_traffic,GRU,12.0,18.6,165,5.364801802779689,48.24073495024914,6.945555049832169,27.558468714264382,23.607681850628428,-0.6885210785807319
C_neighbours_plus_traffic,GRU,13.0,18.6,165,5.097560116738984,43.76412409510386,6.615445872736308,26.946308848492095,22.347694630000074,-0.5318308499324413
C_neighbours_plus_traffic,GRU,14.0,18.6,165,5.379550139109294,50.48611437649997,7.105358145547624,27.549662967447265,23.26459317831982,-0.7671137968414736
C_neighbours_plus_traffic,GRU,15.0,18.6,165,5.144062409256444,57.321489145006645,7.5710956370268265,25.84753672075876,22.268822233414948,-1.006365424921464
C_neighbours_plus_traffic,GRU,16.0,18.6,165,5.226194006023985,49.79616349076779,7.056639674148581,26.88465596685316,22.932865753383275,-0.7429641520455204
C_neighbours_plus_traffic,GRU,17.0,18.6,165,5.4349860480337435,56.93101677949248,7.545264526807028,28.102441831123386,24.104175600885142,-0.992698120299055
C_neighbours_plus_traffic,GRU,18.0,18.6,165,5.417765654939593,56.149590245345486,7.493303026392666,27.55132670695113,23.49599353756576,-0.9653466469927248
C_neighbours_plus_traffic,GRU,19.0,18.6,165,5.180140527089437,48.76605941950481,6.983269966105049,26.698546670206795,22.2146642112096,-0.7069084733902686
C_neighbours_plus_traffic,GRU,20.0,18.6,165,5.439201118006851,51.17711626827888,7.1538182999206015,27.551994524730805,23.503599546267488,-0.791300228926539
C_neighbours_plus_traffic,GRU,21.0,18.6,165,4.799343811381947,40.19566445648646,6.340005083317084,25.70734389351408,21.291366298016356,-0.40692770896487307
C_neighbours_plus_traffic,GRU,22.0,18.6,165,5.721603098782626,53.10156433783292,7.2870820180531055,29.73389130156448,24.680257783225073,-0.8586597153321087
C_neighbours_plus_traffic,GRU,23.0,18.6,165,5.863103089188084,58.74935303333846,7.664812654810191,30.831152775852377,25.63830567145789,-1.056343483408321
C_neighbours_plus_traffic,GRU,24.0,18.6,165,5.658741468371767,53.42976922398579,7.3095669655586155,29.91239856070491,24.48106086516984,-0.8701475350955066
C_neighbours_plus_traffic,GRU,25.0,18.6,165,5.46597123001561,50.81098063758369,7.128182141162197,28.248253190284657,23.88298331087719,-0.7784847581281389
C_neighbours_plus_traffic,GRU,26.0,18.6,165,6.422038381749934,64.05086577847776,8.003178479734022,34.19609919314851,27.66786962076851,-1.2419069087533958
C_neighbours_plus_traffic,GRU,27.0,18.6,165,5.634445389834317,54.607589755945455,7.389694835102831,29.14999278169447,24.65516620008196,-0.9113735818597215
C_neighbours_plus_traffic,GRU,28.0,18.6,165,5.62814054778128,59.609906062610015,7.720745175344801,28.987576978412065,24.50619180450509,-1.0864645404498456
C_neighbours_plus_traffic,GRU,29.0,18.6,165,5.765519613208193,63.24956404454511,7.9529594519615845,29.802861575132834,25.076344877638917,-1.213859764168142
C_neighbours_plus_traffic,GRU,30.0,18.6,165,5.360124911683979,50.8557659239017,7.131322873345569,28.0138913458633,23.3333743171836,-0.7800523316743591
A_local_only,Hybrid_RF_ARIMA,1.0,18.6,166,4.876389153756813,41.268986349081544,6.42409420456157,25.24313566149292,21.2470805231987,-0.4495232869813288
B_local_plus_neighbours,Hybrid_RF_ARIMA,1.0,18.6,166,4.997275528801024,43.01623381980825,6.558676224651454,26.210662382693794,21.710081535239095,-0.5108932434787932
C_neighbours_plus_traffic,Hybrid_RF_ARIMA,1.0,18.6,166,5.009140255961422,43.34467501056155,6.583667291909697,26.279460647626934,21.745517365638626,-0.5224293435025191
A_local_only,Hybrid_RF_ARIMA,2.0,18.6,166,4.9114170848156125,41.84519178047925,6.468785958777678,25.464031961536225,21.397548424040405,-0.4697618066248983
B_local_plus_neighbours,Hybrid_RF_ARIMA,2.0,18.6,166,5.0148403033401925,43.01013250966698,6.55821107541279,26.347676074771016,21.819774829088285,-0.5106789423312907
C_neighbours_plus_traffic,Hybrid_RF_ARIMA,2.0,18.6,166,5.006112835829413,42.82005094868776,6.543703152549614,26.259613266921633,21.800079922009385,-0.5040025571461897
A_local_only,Hybrid_RF_ARIMA,3.0,18.6,166,4.925119972919611,41.46263865052475,6.439148907311024,25.508726890440347,21.489624034774177,-0.45632509011128874
B_local_plus_neighbours,Hybrid_RF_ARIMA,3.0,18.6,166,5.007604163844045,43.15963637386886,6.569599407412057,26.34836121361167,21.85141567268787,-0.5159300849404462
C_neighbours_plus_traffic,Hybrid_RF_ARIMA,3.0,18.6,166,4.991020942321029,43.00920450669129,6.558140323803029,26.10719618234225,21.687902769624507,-0.510646347347923
A_local_only,Hybrid_RF_ARIMA,4.0,18.6,166,4.866320923652729,40.967863463617036,6.400614303613134,25.290458443593884,21.256872778567917,-0.4389467094266555
B_local_plus_neighbours,Hybrid_RF_ARIMA,4.0,18.6,166,5.002994853543426,43.534354495874304,6.598056872737177,26.352407678456498,21.731916412237783,-0.5290916062655973
C_neighbours_plus_traffic,Hybrid_RF_ARIMA,4.0,18.6,166,4.9902399128389225,43.085558902782296,6.5639590875311145,26.14214741005329,21.727083853630305,-0.5133282032641582
A_local_only,Hybrid_RF_ARIMA,5.0,18.6,166,4.899513047953201,41.34906501721321,6.430323865655074,25.342380711363997,21.366670803829884,-0.4523359534535665
B_local_plus_neighbours,Hybrid_RF_ARIMA,5.0,18.6,166,5.051915694417521,43.38130890816566,6.586448884502609,26.482952889928928,21.960932947394166,-0.5237160648971486
C_neighbours_plus_traffic,Hybrid_RF_ARIMA,5.0,18.6,166,5.001950374301073,42.84464538456854,6.545582127249534,26.230113127087957,21.793816686865384,-0.5048664069930893
A_local_only,Hybrid_RF_ARIMA,6.0,18.6,166,4.915485779601109,41.441673141688526,6.437520729418161,25.371243504528724,21.40480639803122,-0.45558870194259304
B_local_plus_neighbours,Hybrid_RF_ARIMA,6.0,18.6,166,5.005188211064892,42.77711699009627,6.540421774633213,26.29341124666194,21.777247692808192,-0.502494553720706
C_neighbours_plus_traffic,Hybrid_RF_ARIMA,6.0,18.6,166,5.049039825232042,43.772342401866965,6.616066988919245,26.44043385549577,21.926486628856072,-0.537450643941936
A_local_only,Hybrid_RF_ARIMA,7.0,18.6,166,4.928639859804252,41.45677729718065,6.438693757058232,25.545996086746186,21.49470137094016,-0.45611921715638637
B_local_plus_neighbours,Hybrid_RF_ARIMA,7.0,18.6,166,5.0178709115777815,42.881470173876004,6.548394472989238,26.355219181448224,21.84764365307091,-0.5061598332281765
C_neighbours_plus_traffic,Hybrid_RF_ARIMA,7.0,18.6,166,5.053719635954601,43.76543546635158,6.615544986344782,26.508476899035173,21.950390791050662,-0.5372080461764728
A_local_only,Hybrid_RF_ARIMA,8.0,18.6,166,4.917629894923359,40.89692869309161,6.395070655832632,25.441915138935705,21.439752079274964,-0.4364552113107689
B_local_plus_neighbours,Hybrid_RF_ARIMA,8.0,18.6,166,4.999049015701295,43.28237539906569,6.578934214526369,26.40674634937098,21.814850780429378,-0.5202411449151034
C_neighbours_plus_traffic,Hybrid_RF_ARIMA,8.0,18.6,166,5.033529456429389,43.10971297290678,6.565798730764352,26.366313958085264,21.902160838148028,-0.5141765857958893
A_local_only,Hybrid_RF_ARIMA,9.0,18.6,166,4.821689864884728,40.718744575611204,6.38112408401617,25.01097464538835,21.013135843232806,-0.4301967094548391
B_local_plus_neighbours,Hybrid_RF_ARIMA,9.0,18.6,166,4.991487967785638,42.600154994759976,6.526879422416196,26.218136346024483,21.742984663968475,-0.49627897742859894
C_neighbours_plus_traffic,Hybrid_RF_ARIMA,9.0,18.6,166,4.977353037561274,42.89715034123804,6.549591616371058,26.124718256605522,21.624600681565017,-0.5067105801630001
A_local_only,Hybrid_RF_ARIMA,10.0,18.6,166,4.888570643382271,41.19252900983789,6.418140619356816,25.247929411898497,21.28696964019485,-0.44683781531122624
B_local_plus_neighbours,Hybrid_RF_ARIMA,10.0,18.6,166,5.037151130422498,43.29122381521518,6.579606661132197,26.443626042676527,21.933361176398222,-0.520551934842268
C_neighbours_plus_traffic,Hybrid_RF_ARIMA,10.0,18.6,166,4.9911388962449434,42.88008685040173,6.548288849035428,26.1334615302716,21.71950698370231,-0.5061112456623851
A_local_only,Hybrid_RF_ARIMA,11.0,18.6,166,4.901752760131413,41.56084615522132,6.44677021113839,25.34633257884022,21.35341776632432,-0.4597745100657762
B_local_plus_neighbours,Hybrid_RF_ARIMA,11.0,18.6,166,4.996779413881557,43.20654319137058,6.573168428647677,26.304233592595118,21.760474485951665,-0.5175776302353996
C_neighbours_plus_traffic,Hybrid_RF_ARIMA,11.0,18.6,166,4.937485548633051,42.41736482322536,6.512861492710049,25.934738627510324,21.485661092322648,-0.489858693488753
A_local_only,Hybrid_RF_ARIMA,12.0,18.6,166,4.918125403106731,41.2432473920467,6.4220905780008035,25.491687447269552,21.463483066034666,-0.4486192372116291
B_local_plus_neighbours,Hybrid_RF_ARIMA,12.0,18.6,166,5.030344392437373,43.32995673568875,6.582549410045377,26.41706033817095,21.923028704817497,-0.521912381879283
C_neighbours_plus_traffic,Hybrid_RF_ARIMA,12.0,18.6,166,5.0056973302385215,43.136193815539045,6.5678149955323075,26.270427028394217,21.75202452429207,-0.5151066934009001
A_local_only,Hybrid_RF_ARIMA,13.0,18.6,166,4.866969130029996,40.98151748184688,6.401680832550689,25.18966790083706,21.246500321791867,-0.4394262903210735
B_local_plus_neighbours,Hybrid_RF_ARIMA,13.0,18.6,166,5.0396567228140645,43.294269482342315,6.579838104569315,26.43614472722227,21.96562023610555,-0.5206589102205297
C_neighbours_plus_traffic,Hybrid_RF_ARIMA,13.0,18.6,166,5.003325169358449,42.96476543087906,6.554751363009817,26.251793910106624,21.79665242864984,-0.5090854784984467
A_local_only,Hybrid_RF_ARIMA,14.0,18.6,166,4.8896993604680645,41.07874045783463,6.409269884927192,25.272858331549514,21.286757395115856,-0.4428411298941082
B_local_plus_neighbours,Hybrid_RF_ARIMA,14.0,18.6,166,5.060840117339381,43.86053736297518,6.622728845647781,26.614437107506074,21.983706468123206,-0.5405483853993929
C_neighbours_plus_traffic,Hybrid_RF_ARIMA,14.0,18.6,166,5.018734414410517,43.61693615318516,6.604311936393159,26.327826323633435,21.806463344019374,-0.5319921872088036
A_local_only,Hybrid_RF_ARIMA,15.0,18.6,166,4.856198082070063,40.79136108580967,6.386811496029115,25.180581962798065,21.156307614702698,-0.43274727664497137
B_local_plus_neighbours,Hybrid_RF_ARIMA,15.0,18.6,166,5.011384898951317,43.23906863570545,6.575642070224432,26.456852125324183,21.864253616957612,-0.518720047172516
C_neighbours_plus_traffic,Hybrid_RF_ARIMA,15.0,18.6,166,5.000006597246721,43.62631168867654,6.605021702362267,26.220187100111136,21.71445704151269,-0.5323214915660206
A_local_only,Hybrid_RF_ARIMA,16.0,18.6,166,4.881666310964137,41.08246833553393,6.40956069754659,25.239282912742418,21.257806447882093,-0.44297206709451453
B_local_plus_neighbours,Hybrid_RF_ARIMA,16.0,18.6,166,4.97599389752736,42.82891371671384,6.544380315714685,26.14265609929979,21.622940654051295,-0.5043138511656806
C_neighbours_plus_traffic,Hybrid_RF_ARIMA,16.0,18.6,166,4.922133926713615,42.6364850037136,6.529661936403262,25.82459758142595,21.396421830942224,-0.4975550251015193
A_local_only,Hybrid_RF_ARIMA,17.0,18.6,166,4.857553720999795,40.901407683526955,6.395420837093283,25.09648036214236,21.09340584283549,-0.43661253043858284
B_local_plus_neighbours,Hybrid_RF_ARIMA,17.0,18.6,166,5.0746325508692465,43.81519657530128,6.619304840789649,26.576496214125893,22.003844689973562,-0.5389558450101652
C_neighbours_plus_traffic,Hybrid_RF_ARIMA,17.0,18.6,166,4.95290491895639,42.25331086145565,6.500254676661188,25.96775406308981,21.554476668536946,-0.4840964962810177
A_local_only,Hybrid_RF_ARIMA,18.0,18.6,166,4.925713740546728,41.677978150122044,6.455848367962343,25.484448045209025,21.444607504349623,-0.4638886298753355
B_local_plus_neighbours,Hybrid_RF_ARIMA,18.0,18.6,166,5.047624583383096,43.41970045792936,6.589362674639283,26.467897387771128,21.957454321070465,-0.525064521700402
C_neighbours_plus_traffic,Hybrid_RF_ARIMA,18.0,18.6,166,4.990277478089448,42.71719521902449,6.535839289565227,26.19955937972992,21.735751420454868,-0.5003898739054327
A_local_only,Hybrid_RF_ARIMA,19.0,18.6,166,4.882078960275144,41.24179726420548,6.421977675467697,25.237567102556426,21.266469921169627,-0.4485683032231573
B_local_plus_neighbours,Hybrid_RF_ARIMA,19.0,18.6,166,5.033709554415472,43.75524677605427,6.614774884760196,26.385714386897035,21.868349415317738,-0.5368501807390986
C_neighbours_plus_traffic,Hybrid_RF_ARIMA,19.0,18.6,166,4.969144957982543,43.01803434487786,6.558813486056595,25.959749358274685,21.539572394483116,-0.5109564847465848
A_local_only,Hybrid_RF_ARIMA,20.0,18.6,166,4.888054166940216,41.04610306490835,6.406723270511093,25.394507788300114,21.338896738678155,-0.4416947808979679
B_local_plus_neighbours,Hybrid_RF_ARIMA,20.0,18.6,166,5.0203012983090884,42.76271816944768,6.5393209257114515,26.2846375257736,21.846059206976452,-0.5019888125411516
C_neighbours_plus_traffic,Hybrid_RF_ARIMA,20.0,18.6,166,4.965444947771322,42.71792554473192,6.535895160169869,26.05020996249014,21.603867665492224,-0.5004155257135734
A_local_only,Hybrid_RF_ARIMA,21.0,18.6,166,4.9291390546651614,41.79826620090883,6.465157863572151,25.475342154186727,21.47796450523868,-0.4681136023349488
B_local_plus_neighbours,Hybrid_RF_ARIMA,21.0,18.6,166,5.03177071745982,43.69473222701738,6.610199106457943,26.360343009218894,21.816528511727096,-0.5347246803139569
C_neighbours_plus_traffic,Hybrid_RF_ARIMA,21.0,18.6,166,5.015063383535605,43.30083628446616,6.580337095048107,26.2565929260749,21.79900627021305,-0.5208895612115425
A_local_only,Hybrid_RF_ARIMA,22.0,18.6,166,4.886478576492212,41.28038867999743,6.424981609312001,25.308832260841953,21.305948954291555,-0.44992378007918776
B_local_plus_neighbours,Hybrid_RF_ARIMA,22.0,18.6,166,5.037889907893775,43.297203145859925,6.580061029037643,26.430234605637203,21.912320498638795,-0.5207619516073223
C_neighbours_plus_traffic,Hybrid_RF_ARIMA,22.0,18.6,166,5.044959901668534,43.82093899433645,6.619738589577118,26.400946017077132,21.923946575036695,-0.5391575405411551
A_local_only,Hybrid_RF_ARIMA,23.0,18.6,166,4.905221448021586,41.26974555488281,6.424153294783898,25.38189083409859,21.371907788515855,-0.4495499531678746
B_local_plus_neighbours,Hybrid_RF_ARIMA,23.0,18.6,166,4.997238065386944,43.207137763088035,6.573213655670112,26.295546868802706,21.747435400657338,-0.5175985138486519
C_neighbours_plus_traffic,Hybrid_RF_ARIMA,23.0,18.6,166,4.998881938827195,43.3439041282532,6.583608746595837,26.158734630002066,21.695141873465296,-0.5224022671927686
A_local_only,Hybrid_RF_ARIMA,24.0,18.6,166,4.948535171759088,42.233520318779036,6.498732208575688,25.514153562592014,21.483950379940527,-0.4834013773791601
B_local_plus_neighbours,Hybrid_RF_ARIMA,24.0,18.6,166,5.022443565958906,43.877431743209684,6.624004207668476,26.376755024481696,21.82937666888807,-0.5411417800944283
C_neighbours_plus_traffic,Hybrid_RF_ARIMA,24.0,18.6,166,5.116494031874805,44.243413297624244,6.651572242532155,26.697211018493178,22.17455512990724,-0.5539964400379074
A_local_only,Hybrid_RF_ARIMA,25.0,18.6,166,4.953610877180952,41.550245393912924,6.445947982563381,25.70434505350263,21.652810520894878,-0.4594021711319758
B_local_plus_neighbours,Hybrid_RF_ARIMA,25.0,18.6,166,5.030776799715153,43.334813744650035,6.582918330394965,26.29024964003549,21.855019716955265,-0.522082978451123
C_neighbours_plus_traffic,Hybrid_RF_ARIMA,25.0,18.6,166,5.010864143042061,43.15214099804554,6.569028923520245,26.275387675485334,21.80109121761414,-0.5156668189200824
A_local_only,Hybrid_RF_ARIMA,26.0,18.6,166,4.934756518980858,41.42958396778522,6.43658169899095,25.605130973607572,21.552616182526222,-0.4551640843146003
B_local_plus_neighbours,Hybrid_RF_ARIMA,26.0,18.6,166,4.965187226145586,42.611257284875684,6.527729872235499,26.105702953945244,21.59244534508388,-0.4966689319558417
C_neighbours_plus_traffic,Hybrid_RF_ARIMA,26.0,18.6,166,4.959563861906137,43.01176140327714,6.558335261579507,26.00314397024814,21.556367263111582,-0.5107361552514234
A_local_only,Hybrid_RF_ARIMA,27.0,18.6,166,4.894021983812562,40.97183715622875,6.400924711026427,25.231155167218944,21.33391223361595,-0.43908628057888266
B_local_plus_neighbours,Hybrid_RF_ARIMA,27.0,18.6,166,5.028320549625944,43.21030983197603,6.573454938765157,26.40366719241658,21.867668523517235,-0.5177099289360536
C_neighbours_plus_traffic,Hybrid_RF_ARIMA,27.0,18.6,166,5.011962672399278,43.61252406266708,6.603977896894195,26.359026535146796,21.79922464559932,-0.5318372178597597
A_local_only,Hybrid_RF_ARIMA,28.0,18.6,166,4.9091343035467085,41.6321251677276,6.452296115936373,25.35977095588534,21.35471732132056,-0.46227809926534924
B_local_plus_neighbours,Hybrid_RF_ARIMA,28.0,18.6,166,4.971941699837422,42.418221148151495,6.51292723344515,26.130233594660705,21.66033282957467,-0.4898887708672268
C_neighbours_plus_traffic,Hybrid_RF_ARIMA,28.0,18.6,166,5.0237505706710675,43.344372129843826,6.583644289437562,26.319012383521155,21.841833610696735,-0.5224187051832299
A_local_only,Hybrid_RF_ARIMA,29.0,18.6,166,4.898150579774306,41.60621261632993,6.450287793294957,25.386050778756523,21.37820988805706,-0.4613679522033809
B_local_plus_neighbours,Hybrid_RF_ARIMA,29.0,18.6,166,4.978144303732759,42.95593241734302,6.554077541297709,26.14257801026771,21.644366088802474,-0.508775229569471
C_neighbours_plus_traffic,Hybrid_RF_ARIMA,29.0,18.6,166,5.009957263098815,43.40711471320776,6.5884076007186865,26.268056711370804,21.780679669902476,-0.5246224626223417
A_local_only,Hybrid_RF_ARIMA,30.0,18.6,166,4.902526407361475,41.693521680176254,6.457052089009059,25.33596024341013,21.353353635576653,-0.464434577589798
B_local_plus_neighbours,Hybrid_RF_ARIMA,30.0,18.6,166,5.040158081491627,43.43137353368967,6.590248366616366,26.468231992817586,21.91828771051121,-0.525474524383825
C_neighbours_plus_traffic,Hybrid_RF_ARIMA,30.0,18.6,166,4.956417741527606,42.968724151120995,6.555053329388022,26.009823725867502,21.566902355804007,-0.5092245237642736
