scenario,seed,lag,lb_stat,lb_pvalue
A_local_only,1,1,208.98918364930964,2.282442040359465e-47
A_local_only,1,6,310.65547283188744,4.2567783975274584e-64
A_local_only,1,24,596.9452727484285,1.0328224349457984e-110
B_local_plus_neighbours,1,1,256.1579143906097,1.1803821513084488e-57
B_local_plus_neighbours,1,6,431.7433336801373,4.164004257572388e-90
B_local_plus_neighbours,1,24,696.8910174092147,1.1175210455482915e-131
C_neighbours_plus_traffic,1,1,241.74474183114677,1.6378704590065836e-54
C_neighbours_plus_traffic,1,6,428.3083414192654,2.282991574063193e-89
C_neighbours_plus_traffic,1,24,700.5456679202023,1.903585854420547e-132
A_local_only,2,1,208.15142960388758,3.476800515281848e-47
A_local_only,2,6,322.1251448474125,1.4783101243096988e-66
A_local_only,2,24,622.9567194732516,3.704931793843191e-116
B_local_plus_neighbours,2,1,234.99486968695604,4.853940396148578e-53
B_local_plus_neighbours,2,6,422.40391740476724,4.252391034317067e-88
B_local_plus_neighbours,2,24,690.8073517936008,2.1259046075673634e-130
C_neighbours_plus_traffic,2,1,236.2658130919728,2.564195124839603e-53
C_neighbours_plus_traffic,2,6,452.69840035856174,1.2887142976616532e-94
C_neighbours_plus_traffic,2,24,734.3850745204686,1.4327006403791499e-139
A_local_only,3,1,222.74758388128888,2.275526979917498e-50
A_local_only,3,6,307.7697146114283,1.768730444518719e-63
A_local_only,3,24,603.8820414134757,3.65367203582839e-112
B_local_plus_neighbours,3,1,232.3919575192157,1.7935273672363676e-52
B_local_plus_neighbours,3,6,425.05510386449924,1.143784784176762e-88
B_local_plus_neighbours,3,24,701.6706788441262,1.1038820153481183e-132
C_neighbours_plus_traffic,3,1,248.97159458283136,4.351541670355523e-56
C_neighbours_plus_traffic,3,6,429.78130868159707,1.1005799952702007e-89
C_neighbours_plus_traffic,3,24,713.3192364893648,3.9075006072770713e-135
A_local_only,4,1,203.39327917086214,3.796406842214121e-46
A_local_only,4,6,294.8018738271435,1.0627949466947091e-60
A_local_only,4,24,584.7483047502599,3.66679700504188e-108
B_local_plus_neighbours,4,1,244.97116967123557,3.2420063850115497e-55
B_local_plus_neighbours,4,6,451.97452025930505,1.8448512040427064e-94
B_local_plus_neighbours,4,24,732.5516274470809,3.486383502476382e-139
C_neighbours_plus_traffic,4,1,224.46280460518096,9.615578680069245e-51
C_neighbours_plus_traffic,4,6,444.51823064521324,7.424885810328829e-93
C_neighbours_plus_traffic,4,24,730.3081138467617,1.0349891299411615e-138
A_local_only,5,1,180.07439243475636,4.668500921640459e-41
A_local_only,5,6,286.5421913408385,6.244580426296354e-59
A_local_only,5,24,584.0241158601923,5.1956906842907554e-108
B_local_plus_neighbours,5,1,220.63034972694467,6.590056179280731e-50
B_local_plus_neighbours,5,6,431.4541779661922,4.80530881865129e-90
B_local_plus_neighbours,5,24,725.8642446695341,8.929638821296634e-138
C_neighbours_plus_traffic,5,1,226.55824424472945,3.357038003548405e-51
C_neighbours_plus_traffic,5,6,440.31067228795547,5.972086374052581e-92
C_neighbours_plus_traffic,5,24,722.6364244421003,4.2708598652598643e-137
A_local_only,6,1,201.77471809650072,8.561641197659364e-46
A_local_only,6,6,306.6219322773796,3.116558002521542e-63
A_local_only,6,24,607.3649748612138,6.820254895938476e-113
B_local_plus_neighbours,6,1,259.1848213226127,2.5834893678311614e-58
B_local_plus_neighbours,6,6,444.79464793637607,6.474467422401491e-93
B_local_plus_neighbours,6,24,721.0351662407819,9.282325874721848e-137
C_neighbours_plus_traffic,6,1,218.3627455497448,2.0583369508978788e-49
C_neighbours_plus_traffic,6,6,434.08127374865455,1.3076848121701962e-90
C_neighbours_plus_traffic,6,24,724.4150274310003,1.8030465196001827e-137
A_local_only,7,1,176.73559369215968,2.50154325377769e-40
A_local_only,7,6,280.4142149655501,1.2809488700851864e-57
A_local_only,7,24,570.9174244549907,2.842368727718092e-105
B_local_plus_neighbours,7,1,255.80654092315206,1.408050382912464e-57
B_local_plus_neighbours,7,6,430.01773142706287,9.789455240186413e-90
B_local_plus_neighbours,7,24,703.6336774532473,4.26550173027413e-133
C_neighbours_plus_traffic,7,1,203.3094034962326,3.9598143468843464e-46
C_neighbours_plus_traffic,7,6,375.34125879951233,5.5727817834443555e-78
C_neighbours_plus_traffic,7,24,641.2807858324312,5.343214928301687e-120
A_local_only,8,1,202.41935861103912,6.1928299903951266e-46
A_local_only,8,6,302.4578770891236,2.4327062400738742e-62
A_local_only,8,24,600.3837406974535,1.9711324376855118e-111
B_local_plus_neighbours,8,1,241.50564247960392,1.8467684600741286e-54
B_local_plus_neighbours,8,6,445.51499605300125,4.530870792326982e-93
B_local_plus_neighbours,8,24,725.0631602174781,1.3168213935456867e-137
C_neighbours_plus_traffic,8,1,232.7873575728516,1.4705572516453744e-52
C_neighbours_plus_traffic,8,6,438.8792745284947,1.213765369394513e-91
C_neighbours_plus_traffic,8,24,709.1826254339514,2.9003374952789526e-134
A_local_only,9,1,209.76040936659888,1.5493082351200198e-47
A_local_only,9,6,297.83081070909003,2.3853001669153864e-61
A_local_only,9,24,585.9281160596131,2.0782088853355354e-108
B_local_plus_neighbours,9,1,240.17187382510988,3.6076916784838064e-54
B_local_plus_neighbours,9,6,440.09284832226524,6.652702523492597e-92
B_local_plus_neighbours,9,24,718.044552015278,3.956046877409095e-136
C_neighbours_plus_traffic,9,1,233.59828660254271,9.786832292905673e-53
C_neighbours_plus_traffic,9,6,437.25445900094076,2.714888564797093e-91
C_neighbours_plus_traffic,9,24,715.307954631994,1.4904468912547726e-135
A_local_only,10,1,205.70795044809105,1.18662770984562e-46
A_local_only,10,6,315.7684322290581,3.4111819175860266e-65
A_local_only,10,24,614.193431064691,2.536586499636071e-114
B_local_plus_neighbours,10,1,252.03478758023925,9.350712065610312e-57
B_local_plus_neighbours,10,6,444.46922087116377,7.607409185116216e-93
B_local_plus_neighbours,10,24,715.0375666022805,1.6991415184884525e-135
C_neighbours_plus_traffic,10,1,272.1725355178477,3.814358428020276e-61
C_neighbours_plus_traffic,10,6,498.39013527229855,1.8684936993709563e-104
C_neighbours_plus_traffic,10,24,778.7972681333976,6.1932211547766845e-149
A_local_only,11,1,188.3043249391879,7.455363057284566e-43
A_local_only,11,6,293.03899393135856,2.535594392019366e-60
A_local_only,11,24,593.1804410327286,6.330362347612336e-110
B_local_plus_neighbours,11,1,221.37064886912933,4.543748103825991e-50
B_local_plus_neighbours,11,6,406.259512722632,1.2608422783224885e-84
B_local_plus_neighbours,11,24,676.0277853976139,2.7156880965527016e-127
C_neighbours_plus_traffic,11,1,212.54552179987235,3.824024264251824e-48
C_neighbours_plus_traffic,11,6,448.67821554793363,9.449636800178286e-94
C_neighbours_plus_traffic,11,24,731.0603470888125,7.186124612848233e-139
A_local_only,12,1,196.22725186194856,1.390491537921749e-44
A_local_only,12,6,297.8075535930905,2.412825328968893e-61
A_local_only,12,24,589.3544573138696,3.994159917946912e-109
B_local_plus_neighbours,12,1,266.2564716073409,7.427039021547305e-60
B_local_plus_neighbours,12,6,470.7584685742216,1.668375541081933e-98
B_local_plus_neighbours,12,24,742.9431962696051,2.2541291312924752e-141
C_neighbours_plus_traffic,12,1,247.9181874861617,7.384158849928165e-56
C_neighbours_plus_traffic,12,6,419.9177647582726,1.4567712134207182e-87
C_neighbours_plus_traffic,12,24,700.01317457677,2.463655374739306e-132
A_local_only,13,1,198.23532183091294,5.069119259901769e-45
A_local_only,13,6,300.98811451747275,5.02390587464001e-62
A_local_only,13,24,597.0399092996067,9.868025886261648e-111
B_local_plus_neighbours,13,1,234.94877102344498,4.967603029631769e-53
B_local_plus_neighbours,13,6,426.1763487893755,6.563666989334972e-89
B_local_plus_neighbours,13,24,709.0950215700052,3.026098240636017e-134
C_neighbours_plus_traffic,13,1,233.9795618314781,8.081614192242133e-53
C_neighbours_plus_traffic,13,6,444.44993475884735,7.680459125053339e-93
C_neighbours_plus_traffic,13,24,720.6816733134314,1.10174436543833e-136
A_local_only,14,1,182.01885077967765,1.7564531057547749e-41
A_local_only,14,6,295.44339389432,7.744982877162429e-61
A_local_only,14,24,591.6482738698431,1.3237989188050152e-109
B_local_plus_neighbours,14,1,231.12992078475216,3.380090075179752e-52
B_local_plus_neighbours,14,6,453.78245166020685,7.530541484271483e-95
B_local_plus_neighbours,14,24,742.2211531680546,3.199898276506851e-141
C_neighbours_plus_traffic,14,1,246.93108381200724,1.2120131105850567e-55
C_neighbours_plus_traffic,14,6,461.45353482539196,1.6810033693129758e-96
C_neighbours_plus_traffic,14,24,742.2708531232731,3.123654270599369e-141
A_local_only,15,1,186.22714514628237,2.1179038949597492e-42
A_local_only,15,6,287.44470953790636,4.001624907120097e-59
A_local_only,15,24,586.0236366562009,1.984829312278692e-108
B_local_plus_neighbours,15,1,234.95460900481268,4.953062762152274e-53
B_local_plus_neighbours,15,6,474.0736213446758,3.2246830257310666e-99
B_local_plus_neighbours,15,24,749.7387018101145,8.331661291822266e-143
C_neighbours_plus_traffic,15,1,246.6286949046928,1.4106984837662778e-55
C_neighbours_plus_traffic,15,6,454.5298919703064,5.1992992494882075e-95
C_neighbours_plus_traffic,15,24,726.4237780242936,6.80774839418954e-138
A_local_only,16,1,195.9782062699312,1.5758720093638135e-44
A_local_only,16,6,315.28888632664234,4.322402647941112e-65
A_local_only,16,24,614.0446816947695,2.7251910263322395e-114
B_local_plus_neighbours,16,1,206.8778798749892,6.592463113910375e-47
B_local_plus_neighbours,16,6,376.71149422523297,2.829290181633982e-78
B_local_plus_neighbours,16,24,652.1686875240687,2.777780302606375e-122
C_neighbours_plus_traffic,16,1,258.9002541555263,2.9801381038721454e-58
C_neighbours_plus_traffic,16,6,503.978116237208,1.168753232908272e-105
C_neighbours_plus_traffic,16,24,786.9273705025057,1.1911600611862791e-150
A_local_only,17,1,196.4022632861481,1.2734252084848857e-44
A_local_only,17,6,283.77241302574976,2.4466696877632267e-58
A_local_only,17,24,580.2340766187041,3.218452090573025e-107
B_local_plus_neighbours,17,1,266.1820955183884,7.70950487089552e-60
B_local_plus_neighbours,17,6,467.11247015121506,1.0169222619350727e-97
B_local_plus_neighbours,17,24,740.936065632928,5.969442116303568e-141
C_neighbours_plus_traffic,17,1,235.71550391274369,3.380269720014873e-53
C_neighbours_plus_traffic,17,6,432.3351364105375,3.105897444112706e-90
C_neighbours_plus_traffic,17,24,705.5470810956441,1.688166266915758e-133
A_local_only,18,1,199.3913760144432,2.835621505419124e-45
A_local_only,18,6,310.58795233730194,4.401040241557669e-64
A_local_only,18,24,614.9186484498796,1.7880896540492375e-114
B_local_plus_neighbours,18,1,251.13605909477656,1.468151099667592e-56
B_local_plus_neighbours,18,6,464.2255567064524,4.2541357016454256e-97
B_local_plus_neighbours,18,24,742.7764295350144,2.4441183429478803e-141
C_neighbours_plus_traffic,18,1,230.35745289408388,4.9818233941567e-52
C_neighbours_plus_traffic,18,6,423.4354388109646,2.5512303901526574e-88
C_neighbours_plus_traffic,18,24,697.3046653421518,9.146598212935183e-132
A_local_only,19,1,198.3827118174715,4.707251221992775e-45
A_local_only,19,6,314.12011988179546,7.696872854765491e-65
A_local_only,19,24,605.2342663696593,1.9043490330423227e-112
B_local_plus_neighbours,19,1,238.17115169817743,9.851045326317383e-54
B_local_plus_neighbours,19,6,435.89137774600005,5.333862649315032e-91
B_local_plus_neighbours,19,24,706.7154560785588,9.584894453459163e-134
C_neighbours_plus_traffic,19,1,232.99949558900903,1.3219670188913575e-52
C_neighbours_plus_traffic,19,6,435.46749617767745,6.580294821017545e-91
C_neighbours_plus_traffic,19,24,710.4985763595597,1.5329366263804489e-134
A_local_only,20,1,215.98444895458996,6.796943088191355e-49
A_local_only,20,6,305.0863154500785,6.649633495530995e-63
A_local_only,20,24,612.5892582136313,5.497176141113746e-114
B_local_plus_neighbours,20,1,234.25177567890813,7.049158179731636e-53
B_local_plus_neighbours,20,6,451.821892029004,1.989812140213698e-94
B_local_plus_neighbours,20,24,742.4965598271858,2.7996244963603524e-141
C_neighbours_plus_traffic,20,1,241.11235394371218,2.2499092672377133e-54
C_neighbours_plus_traffic,20,6,480.69503965929056,1.2096550405013744e-100
C_neighbours_plus_traffic,20,24,761.2461783628498,3.12237209756702e-145
A_local_only,21,1,192.19556562163385,1.054631158230339e-43
A_local_only,21,6,306.45260547569006,3.38818718753445e-63
A_local_only,21,24,593.6572563749085,5.031698770613042e-110
B_local_plus_neighbours,21,1,245.11071971021957,3.0226529405753146e-55
B_local_plus_neighbours,21,6,493.03308663259844,2.6632448478991765e-103
B_local_plus_neighbours,21,24,778.9807243951129,5.665024876554817e-149
C_neighbours_plus_traffic,21,1,210.47597208909295,1.0814905636064217e-47
C_neighbours_plus_traffic,21,6,409.5654910110006,2.4534759899113638e-85
C_neighbours_plus_traffic,21,24,680.5536674197293,3.0400219311480494e-128
A_local_only,22,1,196.34875815846038,1.308128809920237e-44
A_local_only,22,6,297.07163629877226,3.468915341255479e-61
A_local_only,22,24,597.1693036307506,9.27180577464993e-111
B_local_plus_neighbours,22,1,240.61547505163685,2.8873883128293315e-54
B_local_plus_neighbours,22,6,422.15747225985996,4.8044487483561397e-88
B_local_plus_neighbours,22,24,704.9708677884205,2.231755359290657e-133
C_neighbours_plus_traffic,22,1,238.59497537407378,7.962826997371782e-54
C_neighbours_plus_traffic,22,6,420.9155531227299,8.887426157915202e-88
C_neighbours_plus_traffic,22,24,700.6839856310744,1.78023582019273e-132
A_local_only,23,1,210.54239463380398,1.0459992690620592e-47
A_local_only,23,6,304.7213221369727,7.96199777550026e-63
A_local_only,23,24,603.0249029931862,5.52194964695659e-112
B_local_plus_neighbours,23,1,236.44485183457078,2.3437440138085758e-53
B_local_plus_neighbours,23,6,453.91777751580736,7.042038865903255e-95
B_local_plus_neighbours,23,24,738.4974665176806,1.9487829659605597e-140
C_neighbours_plus_traffic,23,1,224.25410978440843,1.0678079643102323e-50
C_neighbours_plus_traffic,23,6,424.9898757634828,1.1813422651064172e-88
C_neighbours_plus_traffic,23,24,708.3377883450239,4.3674166864723326e-134
A_local_only,24,1,188.9697747079178,5.335929775785246e-43
A_local_only,24,6,286.7733919131696,5.571785134873156e-59
A_local_only,24,24,583.2107714325634,7.684659627488339e-108
B_local_plus_neighbours,24,1,240.0864666197874,3.765754090991786e-54
B_local_plus_neighbours,24,6,427.9185154167732,2.7692791483663442e-89
B_local_plus_neighbours,24,24,707.2250459298787,7.487981850050877e-134
C_neighbours_plus_traffic,24,1,250.03758962831063,2.5482662614112375e-56
C_neighbours_plus_traffic,24,6,471.18812054398575,1.3482955223525061e-98
C_neighbours_plus_traffic,24,24,765.8472807116183,3.3425530144547965e-146
A_local_only,25,1,206.53768511597642,7.821212049009116e-47
A_local_only,25,6,313.9762893840193,8.263260374956698e-65
A_local_only,25,24,607.2081968998573,7.355554093860477e-113
B_local_plus_neighbours,25,1,222.89831886482435,2.1096222519704318e-50
B_local_plus_neighbours,25,6,435.0284609289093,8.179156607664239e-91
B_local_plus_neighbours,25,24,709.4270512946898,2.57640187594776e-134
C_neighbours_plus_traffic,25,1,262.69289845482905,4.44160551658327e-59
C_neighbours_plus_traffic,25,6,461.80030231265226,1.4155285254871911e-96
C_neighbours_plus_traffic,25,24,747.0405720167333,3.0863633484432017e-142
A_local_only,26,1,178.8300754686915,8.727036897695373e-41
A_local_only,26,6,290.09156513814526,1.0848892664488809e-59
A_local_only,26,24,578.0476358512702,9.214149976392037e-107
B_local_plus_neighbours,26,1,219.11380218232483,1.411522050448212e-49
B_local_plus_neighbours,26,6,417.76378298394866,4.2332796390202125e-87
B_local_plus_neighbours,26,24,694.8338839098341,3.0260463733202245e-131
C_neighbours_plus_traffic,26,1,219.34781903335536,1.2549945175287044e-49
C_neighbours_plus_traffic,26,6,457.03964207196697,1.498722958304154e-95
C_neighbours_plus_traffic,26,24,748.3968814524213,1.5979751975586308e-142
A_local_only,27,1,190.34754837319034,2.669740789429922e-43
A_local_only,27,6,296.25944607078424,5.17841240359257e-61
A_local_only,27,24,589.224776434346,4.251455913677559e-109
B_local_plus_neighbours,27,1,235.29988023018782,4.1646923473512646e-53
B_local_plus_neighbours,27,6,429.20304150192976,1.4656380001578263e-89
B_local_plus_neighbours,27,24,700.8290791549417,1.6594230568601037e-132
C_neighbours_plus_traffic,27,1,231.47654566398646,2.8401219040503733e-52
C_neighbours_plus_traffic,27,6,422.26819192422676,4.548076826033291e-88
C_neighbours_plus_traffic,27,24,696.6032600173661,1.284618705462748e-131
A_local_only,28,1,198.75687973161132,3.9004318488001776e-45
A_local_only,28,6,323.1637995576268,8.851224836771876e-67
A_local_only,28,24,625.190356742194,1.2612291247291499e-116
B_local_plus_neighbours,28,1,250.09360924861392,2.477604804599486e-56
B_local_plus_neighbours,28,6,490.9793833863931,7.374901242560535e-103
B_local_plus_neighbours,28,24,782.2773495168605,1.1414853923714958e-149
C_neighbours_plus_traffic,28,1,268.5190814981153,2.3860097520020255e-60
C_neighbours_plus_traffic,28,6,506.72139707664525,2.9972531716059144e-106
C_neighbours_plus_traffic,28,24,800.9213728599135,1.3219092489370744e-153
A_local_only,29,1,217.1293624110422,3.8243811070727276e-49
A_local_only,29,6,313.7956289409911,9.03409417947854e-65
A_local_only,29,24,620.5578587667642,1.1784623216313732e-115
B_local_plus_neighbours,29,1,246.73320146256606,1.3385963160573665e-55
B_local_plus_neighbours,29,6,475.16276963089746,1.8791710615910894e-99
B_local_plus_neighbours,29,24,757.2130252187968,2.212909508889009e-144
C_neighbours_plus_traffic,29,1,232.05848251027967,2.1204614415892993e-52
C_neighbours_plus_traffic,29,6,484.4420400634936,1.8868055975053922e-101
C_neighbours_plus_traffic,29,24,774.6493817655901,4.6470169868865645e-148
A_local_only,30,1,213.7667411357982,2.070634995027749e-48
A_local_only,30,6,307.5543344675285,1.9671014031190635e-63
A_local_only,30,24,600.7519379799452,1.6507509939291537e-111
B_local_plus_neighbours,30,1,248.6891102113492,5.014509079662043e-56
B_local_plus_neighbours,30,6,429.853688439914,1.0618181302343843e-89
B_local_plus_neighbours,30,24,702.8680110875059,6.1808244072898966e-133
C_neighbours_plus_traffic,30,1,262.7058102189323,4.412915756796631e-59
C_neighbours_plus_traffic,30,6,454.554858460392,5.135360172959054e-95
C_neighbours_plus_traffic,30,24,722.4697633691922,4.63027241926897e-137
