feature,method,RMSE,MAE,n_masked
ROZELLE_PM25,seasonal,6.200605614509313,3.388681757656458,751
ROZELLE_PM25,median,6.273530936624363,3.484021304926764,751
ROZELLE_PM10,seasonal,8.351841567927254,5.941414141414142,792
ROZELLE_PM10,median,8.503113660253632,6.148611111111111,792
ROZELLE_NO2,seasonal,0.7454901548851203,0.5309888579387186,718
ROZELLE_NO2,median,0.8007047731247363,0.5739554317548747,718
ROZELLE_O3,seasonal,0.8772320377551684,0.6817757009345794,749
ROZELLE_O3,median,1.097667146369499,0.8970627503337784,749
ROZELLE_CO,seasonal,0.10313769636826894,0.06254953764861294,757
ROZELLE_CO,median,0.10324970693181626,0.062219286657859973,757
ROZELLE_TEMP,seasonal,4.579788648446147,3.8752788104089224,807
ROZELLE_TEMP,median,5.065239804302748,4.106319702602231,807
ROZELLE_HUMID,seasonal,15.578681359063632,11.888413878562579,807
ROZELLE_HUMID,median,18.66497890227987,15.021809169764563,807
ROZELLE_WSP,seasonal,1.137760687470361,0.8091470951792336,809
ROZELLE_WSP,median,1.2608196757012289,0.9646477132262051,809
ROZELLE_RAIN,seasonal,1.0884546757512725,0.1308550185873606,807
ROZELLE_RAIN,median,1.0884546757512725,0.1308550185873606,807
ROZELLE_SOLAR,seasonal,218.11365773905055,157.69543269230766,416
ROZELLE_SOLAR,median,312.3902779684905,255.13413461538462,416
RANDWICK_PM25,seasonal,3.998091967706519,2.9210424710424707,777
RANDWICK_PM25,median,4.088293549164999,2.973359073359074,777
RANDWICK_PM10,seasonal,11.530381681541042,7.476937269372693,813
RANDWICK_PM10,median,11.583617073343067,7.507872078720787,813
RANDWICK_NO2,seasonal,0.7475718268926647,0.5123376623376624,770
RANDWICK_NO2,median,0.8168517327194411,0.568051948051948,770
RANDWICK_O3,seasonal,0.9083796833745973,0.7289372599231754,781
RANDWICK_O3,median,1.1591367267688615,0.9309859154929576,781
RANDWICK_TEMP,seasonal,4.668884162060009,3.9126520681265204,822
RANDWICK_TEMP,median,5.056491094601179,4.10705596107056,822
RANDWICK_HUMID,seasonal,15.43786134251399,12.557473544973544,756
RANDWICK_HUMID,median,17.059047390859725,13.83531746031746,756
RANDWICK_WSP,seasonal,1.482523550880363,1.1435881627620224,811
RANDWICK_WSP,median,1.5933199021939997,1.2927250308261407,811
RANDWICK_RAIN,seasonal,0.5148405843080053,0.06155717761557177,822
RANDWICK_RAIN,median,0.5148405843080053,0.06155717761557177,822
LIVERPOOL_PM25,seasonal,6.8597057269132575,4.207289002557545,782
LIVERPOOL_PM25,median,7.090837357079376,4.375447570332481,782
LIVERPOOL_PM10,seasonal,14.709691097377537,8.679171741778319,821
LIVERPOOL_PM10,median,15.040135504870696,9.05554202192448,821
LIVERPOOL_NO2,seasonal,0.6863571174798377,0.5223841059602649,755
LIVERPOOL_NO2,median,0.7916367485923417,0.6475496688741722,755
LIVERPOOL_O3,seasonal,0.9935768940915852,0.6951080050825921,787
LIVERPOOL_O3,median,1.3532022353320847,1.1181702668360864,787
LIVERPOOL_CO,seasonal,0.24875350626334272,0.15925925925925927,189
LIVERPOOL_CO,median,0.25572803013519146,0.15449735449735452,189
LIVERPOOL_TEMP,seasonal,5.139666532212972,4.281354916067146,834
LIVERPOOL_TEMP,median,6.050740684390318,4.843884892086331,834
LIVERPOOL_HUMID,seasonal,15.368120792427664,11.556354916067146,834
LIVERPOOL_HUMID,median,20.188777541226035,16.79400479616307,834
LIVERPOOL_WSP,seasonal,1.2143211544681125,0.8590203106332138,837
LIVERPOOL_WSP,median,1.527204519364236,1.096057347670251,837
LIVERPOOL_RAIN,seasonal,0.6087977747486616,0.06826347305389222,835
LIVERPOOL_RAIN,median,0.6087977747486616,0.06826347305389222,835
ST_MARYS_PM25,seasonal,5.460026721644801,3.4164650537634413,744
ST_MARYS_PM25,median,5.35620557596915,3.3568548387096775,744
ST_MARYS_PM10,seasonal,11.052066003657169,7.345043370508054,807
ST_MARYS_PM10,median,11.822568886166563,7.860718711276332,807
ST_MARYS_NO2,seasonal,0.4561019976475268,0.30806451612903224,775
ST_MARYS_NO2,median,0.5016360330732027,0.33083870967741935,775
ST_MARYS_O3,seasonal,0.9949303310465328,0.7503246753246753,770
ST_MARYS_O3,median,1.3527173229629892,1.127012987012987,770
ST_MARYS_TEMP,seasonal,5.870039736224481,4.861650485436893,824
ST_MARYS_TEMP,median,7.201229499931217,5.7037621359223305,824
ST_MARYS_HUMID,seasonal,15.56446782675716,11.047435897435898,819
ST_MARYS_HUMID,median,22.39058431971498,18.753113553113554,819
ST_MARYS_WSP,seasonal,0.9256827151938363,0.6182254196642686,834
ST_MARYS_WSP,median,1.0710939296975834,0.7508393285371703,834
BRINGELLY_PM25,seasonal,7.3930953981270475,4.257462686567164,737
BRINGELLY_PM25,median,7.460676649281143,4.317910447761195,737
BRINGELLY_PM10,seasonal,13.689312512689003,8.545031847133759,785
BRINGELLY_PM10,median,14.178483294592262,8.945095541401274,785
BRINGELLY_NO2,seasonal,0.3793970944920813,0.26410459587955626,631
BRINGELLY_NO2,median,0.4115411104354545,0.2762282091917591,631
BRINGELLY_O3,seasonal,0.9462008297903834,0.6850707850707851,777
BRINGELLY_O3,median,1.3725897325867529,1.11981981981982,777
BRINGELLY_TEMP,seasonal,5.793590447737089,4.838655462184874,833
BRINGELLY_TEMP,median,7.119901769019022,5.630852340936374,833
BRINGELLY_HUMID,seasonal,16.747209461437727,12.586026200873361,687
BRINGELLY_HUMID,median,22.988120468587933,19.277729257641923,687
BRINGELLY_WSP,seasonal,0.9364966450466199,0.630012077294686,828
BRINGELLY_WSP,median,1.2628183340954218,0.8780193236714976,828
BRINGELLY_SOLAR,seasonal,214.46619183160965,156.22650334075723,449
BRINGELLY_SOLAR,median,458.7463013936094,346.93630289532297,449
RICHMOND_PM25,seasonal,5.968718610543795,4.142236467236468,702
RICHMOND_PM25,median,6.005838801957618,4.192450142450142,702
RICHMOND_PM10,seasonal,12.554862869023031,7.4091700133868805,747
RICHMOND_PM10,median,12.922563493970127,7.8682061579651945,747
RICHMOND_NO2,seasonal,0.2998374494619443,0.20725429017160685,641
RICHMOND_NO2,median,0.34027611070020847,0.23556942277691106,641
RICHMOND_O3,seasonal,0.9479758100726725,0.7358923884514436,762
RICHMOND_O3,median,1.3321533492551667,1.1090551181102362,762
RICHMOND_TEMP,seasonal,6.043599391011437,4.974094202898551,828
RICHMOND_TEMP,median,7.455533236825562,5.964492753623189,828
RICHMOND_HUMID,seasonal,16.226255692311476,11.79776570048309,828
RICHMOND_HUMID,median,23.2098050036871,19.394685990338164,828
RICHMOND_WSP,seasonal,1.075495122739357,0.7337951807228915,830
RICHMOND_WSP,median,1.2318953953401404,0.8865060240963855,830
RICHMOND_RAIN,seasonal,0.4244917392776635,0.07391304347826086,828
RICHMOND_RAIN,median,0.4244917392776635,0.07391304347826086,828
ROZELLE_WDR_SIN,seasonal,0.5889819342163012,0.5068719579144056,809
ROZELLE_WDR_SIN,median,0.6596046441714171,0.5715806847382954,809
ROZELLE_WDR_COS,seasonal,0.7849206411345706,0.6158836494410732,809
ROZELLE_WDR_COS,median,0.8014203771564664,0.6278367182341906,809
RANDWICK_WDR_SIN,seasonal,0.7296790051726522,0.5828577244499334,811
RANDWICK_WDR_SIN,median,0.7550049570196327,0.6963959753415231,811
RANDWICK_WDR_COS,seasonal,0.6440251549974063,0.5476333251804647,811
RANDWICK_WDR_COS,median,0.6433634102346601,0.5497569965224589,811
LIVERPOOL_WDR_SIN,seasonal,0.7268248467383039,0.5457596970756231,837
LIVERPOOL_WDR_SIN,median,0.7812703648026675,0.647170863220906,837
LIVERPOOL_WDR_COS,seasonal,0.5861905843769011,0.4760091695048464,837
LIVERPOOL_WDR_COS,median,0.6193396290568763,0.4954220509075814,837
ST_MARYS_WDR_SIN,seasonal,0.5779100903916569,0.4678144882364093,834
ST_MARYS_WDR_SIN,median,0.6139632746638999,0.48487043645726874,834
ST_MARYS_WDR_COS,seasonal,0.8268475740515806,0.6311428544494158,834
ST_MARYS_WDR_COS,median,0.8942676348388572,0.7033376591607253,834
BRINGELLY_WDR_SIN,seasonal,0.6931081537060648,0.5611275530822853,828
BRINGELLY_WDR_SIN,median,0.7138195095692854,0.5953466735979648,828
BRINGELLY_WDR_COS,seasonal,0.6374222997706389,0.47274648488461757,828
BRINGELLY_WDR_COS,median,0.7147444356561817,0.555042161737398,828
RICHMOND_WDR_SIN,seasonal,0.7748590202770311,0.6293722562041413,830
RICHMOND_WDR_SIN,median,0.7857149779275449,0.7234376040268211,830
RICHMOND_WDR_COS,seasonal,0.6562283929909413,0.565287540793053,830
RICHMOND_WDR_COS,median,0.649305821858715,0.569054183348259,830
