scenario,model,fraction,n_seeds,train_RMSE_mean,train_RMSE_ci95,validation_RMSE_mean,validation_RMSE_ci95,validation_R2_mean,validation_R2_ci95
A_local_only,RandomForest,0.25,30,3.009134092873402,0.015519562401785487,3.1335088422448982,0.003379359227557196,0.7558217865857862,0.0005265380789087974
A_local_only,RandomForest,0.5,30,2.664590063512229,0.009117973439685652,3.0861319943252163,0.003811077450439802,0.7631489888409859,0.0005847663698593823
A_local_only,RandomForest,0.75,30,2.3555372377770385,0.007981974014332685,3.0162664722133536,0.0026820314385467337,0.7737527781535097,0.00040239893231792386
A_local_only,RandomForest,1.0,30,2.1530555182861657,0.007460815174838684,3.0040209654350587,0.0026657686161479276,0.7755861016619787,0.00039841837541730363
A_local_only,XGBoost,0.25,30,2.257015073580987,0.0037627188689667683,3.081663218626342,0.004719423369390345,0.7638329589117218,0.0007238515795082815
A_local_only,XGBoost,0.5,30,2.3801061359074,0.0022481780551347336,2.9758005311022897,0.00438770794339824,0.7797803789490952,0.0006498097733449973
A_local_only,XGBoost,0.75,30,2.289956668775721,0.002087154586324602,2.9797737026551334,0.005236936231851088,0.779190404526939,0.0007755525886141595
A_local_only,XGBoost,1.0,30,2.187309727983612,0.0018839582688034828,2.852348335664443,0.003868112350282981,0.7976736709636463,0.0005489051096924057
B_local_plus_neighbours,RandomForest,0.25,30,2.9663505918437556,0.017784707499409014,3.144038287905218,0.005007319903545251,0.7541754698281343,0.0007822064514881439
B_local_plus_neighbours,RandomForest,0.5,30,2.627652277235687,0.010851646078078214,3.1434277468953677,0.005889669557553671,0.7542691271066977,0.0009203704402388632
B_local_plus_neighbours,RandomForest,0.75,30,2.324473150173119,0.010534675954566789,3.0526046701988228,0.004613643480372929,0.7682659418631047,0.0007031506236675938
B_local_plus_neighbours,RandomForest,1.0,30,2.1249488937019803,0.007208831063307278,3.042487226264194,0.005791053303255057,0.7697971722270781,0.000874961298987912
B_local_plus_neighbours,XGBoost,0.25,30,2.0725612923189094,0.004111110395742573,3.1021397412966394,0.00435850192430491,0.7606847158195796,0.0006723255900562541
B_local_plus_neighbours,XGBoost,0.5,30,2.248025317194005,0.0029368237632002095,3.016260302300148,0.005771728452747821,0.7737488003953065,0.0008670224315991468
B_local_plus_neighbours,XGBoost,0.75,30,2.192390023270574,0.0017330727713736065,2.990633565121899,0.006350876209049947,0.7775755934143066,0.0009444728223429304
B_local_plus_neighbours,XGBoost,1.0,30,2.1077773802050337,0.0016204902814427207,2.8353439823600626,0.004845476662671862,0.8000771961699359,0.0006828805275006404
