scenario,model,seed,fraction,train_RMSE,validation_RMSE,validation_R2
A_local_only,RandomForest,1,0.25,3.0034259610843095,3.1350118779263796,0.7555896286530797
A_local_only,RandomForest,1,0.5,2.721562359657868,3.0760089891030553,0.7647029674000565
A_local_only,RandomForest,1,0.75,2.381381669334746,3.0062267495044233,0.7752577526630801
A_local_only,RandomForest,1,1.0,2.1702376369860694,3.008408207347257,0.7749314674831931
A_local_only,RandomForest,2,0.25,2.9749675587622906,3.119744467838376,0.7579643738452427
A_local_only,RandomForest,2,0.5,2.6667699376000282,3.095805707903195,0.7616645506456727
A_local_only,RandomForest,2,0.75,2.382014865930554,3.0208860653479874,0.7730605795680738
A_local_only,RandomForest,2,1.0,2.1749581483520424,3.013745762217473,0.7741321202846115
A_local_only,RandomForest,3,0.25,3.0004271868625687,3.1377611743425162,0.7551607618892802
A_local_only,RandomForest,3,0.5,2.6659163954805765,3.0808433178970804,0.7639627894048558
A_local_only,RandomForest,3,0.75,2.343011062527354,3.0117393267349533,0.7744327683856757
A_local_only,RandomForest,3,1.0,2.130617012101033,2.992395947962796,0.7773209470412581
A_local_only,RandomForest,4,0.25,3.0463347496291644,3.1369943563134313,0.7552804167580858
A_local_only,RandomForest,4,0.5,2.622386879533816,3.0745821363892443,0.7649212088571147
A_local_only,RandomForest,4,0.75,2.3448715116416348,3.0197372747047195,0.7732331490104007
A_local_only,RandomForest,4,1.0,2.1330330893113008,2.9958176580256075,0.7768114029845982
A_local_only,RandomForest,5,0.25,3.0412221023039883,3.130410491303832,0.7563065645540492
A_local_only,RandomForest,5,0.5,2.652919701930523,3.093656546372429,0.7619953489134196
A_local_only,RandomForest,5,0.75,2.316916887059468,3.0267839993189622,0.772173568077779
A_local_only,RandomForest,5,1.0,2.1271846636838907,3.0086944964500204,0.7748886290585573
A_local_only,RandomForest,6,0.25,2.995435768255666,3.1413710220375135,0.7545970856155745
A_local_only,RandomForest,6,0.5,2.6691444378940705,3.097029631884539,0.7614760619857586
A_local_only,RandomForest,6,0.75,2.3712589692286152,3.030503810229708,0.7716132426607252
A_local_only,RandomForest,6,1.0,2.1768729948369265,3.0004726763625817,0.7761172658183246
A_local_only,RandomForest,7,0.25,3.0578342707000603,3.1294202191240084,0.7564607198383089
A_local_only,RandomForest,7,0.5,2.701819708680413,3.0817085914750506,0.7638301858147106
A_local_only,RandomForest,7,0.75,2.3453220841920754,3.01139618322214,0.7744841656112836
A_local_only,RandomForest,7,1.0,2.139463185973286,3.007016128416128,0.7751397109468332
A_local_only,RandomForest,8,0.25,3.0461427870943427,3.1400871009423117,0.7547976436445771
A_local_only,RandomForest,8,0.5,2.6926962662482503,3.0829760239829778,0.7636358839562007
A_local_only,RandomForest,8,0.75,2.343400178251549,3.006616214745658,0.7751995168939892
A_local_only,RandomForest,8,1.0,2.157483646484225,2.9980857443415068,0.7764733299222518
A_local_only,RandomForest,9,0.25,3.030473564897613,3.1271566379400872,0.7568129074769765
A_local_only,RandomForest,9,0.5,2.679191563776585,3.0810269124107657,0.7639346565700187
A_local_only,RandomForest,9,0.75,2.3425218156271437,3.00987100308385,0.7747125415205965
A_local_only,RandomForest,9,1.0,2.147501841419345,3.0125493698055186,0.7743114140947915
A_local_only,RandomForest,10,0.25,3.0188365157350727,3.134220857929845,0.7557129513758387
A_local_only,RandomForest,10,0.5,2.6872225604738746,3.1049382134802803,0.7602563161062843
A_local_only,RandomForest,10,0.75,2.3416064647827546,3.014055300143941,0.7740857207067557
A_local_only,RandomForest,10,1.0,2.1459879260144503,2.9992064507323466,0.7763061868784142
A_local_only,RandomForest,11,0.25,2.9112733654511618,3.1150898739088064,0.7586860593247369
A_local_only,RandomForest,11,0.5,2.6616243244558513,3.0907255038209485,0.7624461237701069
A_local_only,RandomForest,11,0.75,2.3650486836303237,3.0060235530275516,0.7752881331322296
A_local_only,RandomForest,11,1.0,2.153444646163184,3.011515952122213,0.7744662268752919
A_local_only,RandomForest,12,0.25,3.0046109392618385,3.1156638915704704,0.7585971172832802
A_local_only,RandomForest,12,0.5,2.6898659108707244,3.0818112634305486,0.7638144488169625
A_local_only,RandomForest,12,0.75,2.4160356225016826,3.014435630294431,0.7740287028856863
A_local_only,RandomForest,12,1.0,2.1890537852953806,2.999733596767473,0.7762275462970047
A_local_only,RandomForest,13,0.25,3.0621903912846946,3.1331511267095795,0.7558796766316838
A_local_only,RandomForest,13,0.5,2.689800083457611,3.0873893487975805,0.7629586822823508
A_local_only,RandomForest,13,0.75,2.3700018149530484,3.016904315446704,0.7736584309793495
A_local_only,RandomForest,13,1.0,2.13976812796008,3.005727161712402,0.7753324437379812
A_local_only,RandomForest,14,0.25,2.9906930383666617,3.1387803966963697,0.7550016763884995
A_local_only,RandomForest,14,0.5,2.6652987898985994,3.0962264751601922,0.7615997593908078
A_local_only,RandomForest,14,0.75,2.3313638898516467,3.024426597840144,0.7725283137198363
A_local_only,RandomForest,14,1.0,2.130988745096513,3.0142838773645297,0.7740514540387751
A_local_only,RandomForest,15,0.25,2.965082962188416,3.151690939141962,0.7529820598093413
A_local_only,RandomForest,15,0.5,2.663173684681576,3.072513619075424,0.765237415062381
A_local_only,RandomForest,15,0.75,2.345691836162425,3.020788167768901,0.7730752881399231
A_local_only,RandomForest,15,1.0,2.141774558204649,2.9970430495303035,0.7766287821604922
A_local_only,RandomForest,16,0.25,2.9935728804135477,3.142559889868478,0.7544113025062676
A_local_only,RandomForest,16,0.5,2.684216943633552,3.0984443884287476,0.7612580915957208
A_local_only,RandomForest,16,0.75,2.372613250744326,3.0106745186680555,0.774592239921986
A_local_only,RandomForest,16,1.0,2.1756430896602725,3.016806821143591,0.7736730596547537
A_local_only,RandomForest,17,0.25,3.101045670320027,3.1396006768588096,0.7548736052911938
A_local_only,RandomForest,17,0.5,2.6624101199805477,3.0905553130740557,0.7624722848500531
A_local_only,RandomForest,17,0.75,2.3576422985881385,3.013732421389982,0.7741341199607538
A_local_only,RandomForest,17,1.0,2.131878428318637,2.9935119907223924,0.7771548154912045
A_local_only,RandomForest,18,0.25,2.990907980452901,3.1347939552862787,0.7556236066437594
A_local_only,RandomForest,18,0.5,2.6908059598739493,3.097168476787763,0.7614546746699172
A_local_only,RandomForest,18,0.75,2.368328268351143,3.0089211817725197,0.774854706461134
A_local_only,RandomForest,18,1.0,2.1585373345498122,2.9990124044421456,0.7763351315683463
A_local_only,RandomForest,19,0.25,3.0097315669162854,3.1424129205138045,0.7544342730587084
A_local_only,RandomForest,19,0.5,2.637655940172681,3.097601488272204,0.7613879685240754
A_local_only,RandomForest,19,0.75,2.3563157417762675,3.0291226100449045,0.7718213769948267
A_local_only,RandomForest,19,1.0,2.151633506027998,3.0000454568181083,0.7761810159541984
A_local_only,RandomForest,20,0.25,2.9676850379056354,3.1283212210094216,0.756631743346887
A_local_only,RandomForest,20,0.5,2.633109176389634,3.076645684046063,0.7646055503015169
A_local_only,RandomForest,20,0.75,2.3067196453354435,3.0157819679158315,0.7738268066530682
A_local_only,RandomForest,20,1.0,2.123337136383258,3.001275991708482,0.7759973697013947
A_local_only,RandomForest,21,0.25,3.019835983658805,3.1367921507605434,0.7553119641937478
A_local_only,RandomForest,21,0.5,2.6413794753630726,3.0876039755182596,0.7629257242305487
A_local_only,RandomForest,21,0.75,2.364733635888437,3.0113279301881035,0.7744943880891995
A_local_only,RandomForest,21,1.0,2.1737821613168595,2.9929103086667923,0.7772443881898847
A_local_only,RandomForest,22,0.25,3.043135823583861,3.1333302704104598,0.7558517597731178
A_local_only,RandomForest,22,0.5,2.6413241844588384,3.094592699174963,0.7618512848072759
A_local_only,RandomForest,22,0.75,2.3659740453596414,3.0179892487100086,0.7734956086778699
A_local_only,RandomForest,22,1.0,2.1780455927719347,3.0086662826270616,0.774892850971147
A_local_only,RandomForest,23,0.25,2.9489206874650833,3.125775098842893,0.7570277341076208
A_local_only,RandomForest,23,0.5,2.615825677831912,3.0685856312830126,0.7658372855490457
A_local_only,RandomForest,23,0.75,2.3433777015177775,3.020552515994665,0.7731106915659143
A_local_only,RandomForest,23,1.0,2.1300817203907054,3.0043004277764807,0.77554567982611
A_local_only,RandomForest,24,0.25,3.0439888340019863,3.1273505215906594,0.7567827513521774
A_local_only,RandomForest,24,0.5,2.675186819280938,3.061965984171789,0.7668464818291185
A_local_only,RandomForest,24,0.75,2.3473737909797645,3.0112471805385392,0.7745064819264781
A_local_only,RandomForest,24,1.0,2.1401917151942036,3.0174377312829033,0.7735783854504725
A_local_only,RandomForest,25,0.25,2.910681614002928,3.120515409158355,0.7578447369182781
A_local_only,RandomForest,25,0.5,2.6256663582983,3.0828620713153216,0.763653356569403
A_local_only,RandomForest,25,0.75,2.340229485137519,3.0170341967517933,0.7736389420144332
A_local_only,RandomForest,25,1.0,2.1598432094808566,3.001642474980486,0.7759426608180512
A_local_only,RandomForest,26,0.25,3.053009239417408,3.147032697972918,0.7537117118015816
A_local_only,RandomForest,26,0.5,2.6900767087919935,3.1032136216681767,0.7605225662798599
A_local_only,RandomForest,26,0.75,2.3499160565646844,3.0209725356472097,0.773047587485606
A_local_only,RandomForest,26,1.0,2.1626883211309362,2.9965874237446237,0.7766966930639172
A_local_only,RandomForest,27,0.25,3.033022518531394,3.120033083391676,0.757919589102053
A_local_only,RandomForest,27,0.5,2.6475820014538707,3.0917487646376562,0.7622888016062053
A_local_only,RandomForest,27,0.75,2.369834830586585,3.0005703063407156,0.7761026960992137
A_local_only,RandomForest,27,1.0,2.1594687568932414,2.9985338579386838,0.776406505398592
A_local_only,RandomForest,28,0.25,3.0167170833353567,3.1507105298587055,0.75313571765119
A_local_only,RandomForest,28,0.5,2.642850251672649,3.0819854023266497,0.7637877565573465
A_local_only,RandomForest,28,0.75,2.352562146215389,3.028293732144743,0.7719462358173459
A_local_only,RandomForest,28,1.0,2.124868033899357,3.015471919586884,0.7738733093622752
A_local_only,RandomForest,29,0.25,2.962760872388881,3.132718239615876,0.7559471290032445
A_local_only,RandomForest,29,0.5,2.6678473605155286,3.074071674140359,0.7649992610161218
A_local_only,RandomForest,29,0.75,2.334335734809142,3.0173934604892696,0.7735850293595976
A_local_only,RandomForest,29,1.0,2.1583318328705046,3.007697220079193,0.7750378373245833
A_local_only,RandomForest,30,0.25,3.0300558319301114,3.136764168482583,0.7553163297352072
A_local_only,RandomForest,30,0.5,2.652372323009033,3.07967237372817,0.764142177866669
A_local_only,RandomForest,30,0.75,2.395713145781889,3.0239861683901963,0.7725945596224784
A_local_only,RandomForest,30,1.0,2.20496470181403,3.002032572375765,0.7758844194620484
A_local_only,XGBoost,1,0.25,2.258286431471416,3.0871756324953896,0.7629914982538907
A_local_only,XGBoost,1,0.5,2.388933117513096,2.9808602177415433,0.7790344998004239
A_local_only,XGBoost,1,0.75,2.283356621484617,2.974680905139241,0.7799496716302396
A_local_only,XGBoost,1,1.0,2.1952873038162735,2.835540418904372,0.8000539015446472
A_local_only,XGBoost,2,0.25,2.2549350843072586,3.1002379747205,0.7609816121130737
A_local_only,XGBoost,2,0.5,2.376016671842258,2.965003360666741,0.7813791243171134
A_local_only,XGBoost,2,0.75,2.290429049907564,2.9829953414811956,0.7787178411069557
A_local_only,XGBoost,2,1.0,2.191029582729978,2.8648160099775826,0.7959038935464768
A_local_only,XGBoost,3,0.25,2.2501949134687207,3.0774568347835727,0.7644814115012835
A_local_only,XGBoost,3,0.5,2.380521359626448,2.9775569661400496,0.7795239559746938
A_local_only,XGBoost,3,0.75,2.2930758287310247,2.99297409874015,0.7772348925840813
A_local_only,XGBoost,3,1.0,2.184072258104652,2.840940789941461,0.7992915697144258
A_local_only,XGBoost,4,0.25,2.247838109573814,3.0780441644109575,0.7643915059383186
A_local_only,XGBoost,4,0.5,2.3698856312191956,2.9552072362120283,0.7828213482546638
A_local_only,XGBoost,4,0.75,2.2986022887234383,2.9640730940947133,0.7815162869192486
A_local_only,XGBoost,4,1.0,2.180810304969674,2.856737460831994,0.7970533395694223
A_local_only,XGBoost,5,0.25,2.259986024575906,3.083189021732998,0.7636032228108408
A_local_only,XGBoost,5,0.5,2.3703468064906947,2.9556625456223835,0.7827544215767943
A_local_only,XGBoost,5,0.75,2.2876472788455873,2.997040478468747,0.7766291654055075
A_local_only,XGBoost,5,1.0,2.186744894432558,2.846766691330079,0.7984675423548618
A_local_only,XGBoost,6,0.25,2.2520867639094804,3.0931604280594542,0.7620716786522272
A_local_only,XGBoost,6,0.5,2.3800544841481006,2.9923164494869314,0.7773327786373927
A_local_only,XGBoost,6,0.75,2.293362929482112,2.9958116771147307,0.7768122941401538
A_local_only,XGBoost,6,1.0,2.186031052991125,2.8327784046688094,0.8004432347381696
A_local_only,XGBoost,7,0.25,2.2703474511463413,3.0894750396223176,0.7626383068193247
A_local_only,XGBoost,7,0.5,2.375881944178199,2.9830258867326687,0.7787133093172465
A_local_only,XGBoost,7,0.75,2.2952143158777982,2.989999813082936,0.7776774208700632
A_local_only,XGBoost,7,1.0,2.1761399204629717,2.844722490350277,0.7987568705490429
A_local_only,XGBoost,8,0.25,2.26252842492742,3.0750271154659305,0.7648531588207498
A_local_only,XGBoost,8,0.5,2.3843346067242113,2.9659178756153657,0.7812442422493844
A_local_only,XGBoost,8,0.75,2.282765038275411,2.9908441129942194,0.7775518466577528
A_local_only,XGBoost,8,1.0,2.1781392778230155,2.8512337674155157,0.797834566594488
A_local_only,XGBoost,9,0.25,2.2495454308483294,3.074575279973075,0.7649222573223409
A_local_only,XGBoost,9,0.5,2.3772753111423035,2.9786140719111396,0.7793673793762681
A_local_only,XGBoost,9,0.75,2.284434361988097,2.9986468304187723,0.7763896569061897
A_local_only,XGBoost,9,1.0,2.191016790298973,2.8419586964554067,0.7991477166499756
A_local_only,XGBoost,10,0.25,2.258063835232957,3.085349556665754,0.7632717981447245
A_local_only,XGBoost,10,0.5,2.3771801708306004,2.9624998178632564,0.7817481597493903
A_local_only,XGBoost,10,0.75,2.2988570690350416,2.9710342807976478,0.7804888548624791
A_local_only,XGBoost,10,1.0,2.1829887122610336,2.8638580600768657,0.7960403638509146
A_local_only,XGBoost,11,0.25,2.2520324903724847,3.085226707916486,0.7632906492888226
A_local_only,XGBoost,11,0.5,2.3888928113418446,2.9833794873181314,0.7786608446428105
A_local_only,XGBoost,11,0.75,2.292655034272575,2.983686431107443,0.7786152975213136
A_local_only,XGBoost,11,1.0,2.189832626118046,2.8804071667584537,0.7936763485162225
A_local_only,XGBoost,12,0.25,2.2535272980086227,3.082837057174853,0.7636571919561421
A_local_only,XGBoost,12,0.5,2.3800377143993443,2.9993861324087696,0.7762793831995053
A_local_only,XGBoost,12,0.75,2.2924830925766737,2.9822683383145367,0.7788256878906074
A_local_only,XGBoost,12,1.0,2.1904902724624806,2.8486813121867116,0.7981963659326806
A_local_only,XGBoost,13,0.25,2.265457979156018,3.063843419611253,0.7665604793870585
A_local_only,XGBoost,13,0.5,2.388365876843919,2.9903738091299847,0.7776218001535954
A_local_only,XGBoost,13,0.75,2.2955440288538003,2.9816694385386855,0.7789145115177751
A_local_only,XGBoost,13,1.0,2.183042876095107,2.8584631403123484,0.796808076102339
A_local_only,XGBoost,14,0.25,2.2607547398905896,3.0830749875081596,0.7636207091371944
A_local_only,XGBoost,14,0.5,2.3758644831744036,2.973950582589122,0.7800577087570337
A_local_only,XGBoost,14,0.75,2.2913610742076487,2.9888058597124134,0.7778549391386724
A_local_only,XGBoost,14,1.0,2.1855862771165575,2.857028622581305,0.7970119683781584
A_local_only,XGBoost,15,0.25,2.2494835945934226,3.0721357770566846,0.7652951513173714
A_local_only,XGBoost,15,0.5,2.377312888895319,2.97814569722124,0.7794367610470574
A_local_only,XGBoost,15,0.75,2.278487324681095,2.949150279886207,0.7837106893038912
A_local_only,XGBoost,15,1.0,2.193303459909809,2.854230554743508,0.7974093715765593
A_local_only,XGBoost,16,0.25,2.254446135402163,3.0774792821628068,0.7644779756809696
A_local_only,XGBoost,16,0.5,2.385859168149782,2.9635924272932974,0.7815871416850527
A_local_only,XGBoost,16,0.75,2.285669829966847,2.9755555258744413,0.7798202534641159
A_local_only,XGBoost,16,1.0,2.1950149460196577,2.8395043699323743,0.7994944804696109
A_local_only,XGBoost,17,0.25,2.256131959101578,3.0936289544719675,0.7619995943564793
A_local_only,XGBoost,17,0.5,2.3816811895629626,2.9619669861132354,0.7818266617302224
A_local_only,XGBoost,17,0.75,2.2818176777358543,2.9597615452146426,0.7821514386569657
A_local_only,XGBoost,17,1.0,2.184300741135091,2.844299991069287,0.7988166435243028
A_local_only,XGBoost,18,0.25,2.264984016951138,3.089605660755086,0.7626182353778881
A_local_only,XGBoost,18,0.5,2.3713339554949924,2.9755956498391645,0.7798143153837337
A_local_only,XGBoost,18,0.75,2.2872722295387247,2.9885546458995162,0.7778922808497688
A_local_only,XGBoost,18,1.0,2.1809218554878123,2.850835140329143,0.7978910915873614
A_local_only,XGBoost,19,0.25,2.2335611836960094,3.117485898781671,0.7583146950357817
A_local_only,XGBoost,19,0.5,2.3825562891263177,2.9666852603907343,0.7811310283561426
A_local_only,XGBoost,19,0.75,2.28044161445872,2.9729370489822076,0.7802075975408345
A_local_only,XGBoost,19,1.0,2.1886408607713586,2.8560437826671623,0.7971518873545859
A_local_only,XGBoost,20,0.25,2.269804782533832,3.063550000254536,0.7666051895009449
A_local_only,XGBoost,20,0.5,2.385441300329884,2.9863877823029257,0.7782142442817216
A_local_only,XGBoost,20,0.75,2.298234145508313,2.9736581473010775,0.7801009614764021
A_local_only,XGBoost,20,1.0,2.187155655974002,2.86350173018767,0.796091115244094
A_local_only,XGBoost,21,0.25,2.234534228991315,3.0908785611594762,0.7624225951427391
A_local_only,XGBoost,21,0.5,2.377775756387456,2.9673613594357766,0.7810312577694396
A_local_only,XGBoost,21,0.75,2.2927532958782884,2.958698866791315,0.7823078440987713
A_local_only,XGBoost,21,1.0,2.194252886607992,2.8523654948434793,0.797674045506316
A_local_only,XGBoost,22,0.25,2.2591700919853537,3.0979438361747733,0.7613352226541352
A_local_only,XGBoost,22,0.5,2.388886206980814,2.97002018299348,0.7806386799795425
A_local_only,XGBoost,22,0.75,2.2981679554513366,2.9693466887131024,0.780738155292406
A_local_only,XGBoost,22,1.0,2.1888008132395105,2.849807717390781,0.7980367428791539
A_local_only,XGBoost,23,0.25,2.2573097036467638,3.0675696327907307,0.7659923208701869
A_local_only,XGBoost,23,0.5,2.3897272432821652,2.97480705911298,0.7799310068975327
A_local_only,XGBoost,23,0.75,2.2897114888961756,2.961356775841666,0.7819165465257316
A_local_only,XGBoost,23,1.0,2.195075678093081,2.8654731893222514,0.7958102448589154
A_local_only,XGBoost,24,0.25,2.2564010673757955,3.0803166394362433,0.7640434849001453
A_local_only,XGBoost,24,0.5,2.3711273269619957,2.9926062423606026,0.7772896478391376
A_local_only,XGBoost,24,0.75,2.292215896268139,2.989403087064977,0.7777661515973775
A_local_only,XGBoost,24,1.0,2.1915077363956947,2.8492332814823302,0.7981181541644138
A_local_only,XGBoost,25,0.25,2.2676483139006174,3.0729663197968,0.7651682306524081
A_local_only,XGBoost,25,0.5,2.391878484631101,2.9671997365686367,0.7810551102011766
A_local_only,XGBoost,25,0.75,2.2925456459166034,2.9518464556565394,0.7833150359736827
A_local_only,XGBoost,25,1.0,2.188086662587875,2.855530811899484,0.7972247474473362
A_local_only,XGBoost,26,0.25,2.2746437906720343,3.089621945631689,0.7626157329595492
A_local_only,XGBoost,26,0.5,2.3745053887832115,2.9832763165791616,0.7786761530066761
A_local_only,XGBoost,26,0.75,2.281568961789242,3.0098270616447818,0.774719119465537
A_local_only,XGBoost,26,1.0,2.1851823493893945,2.832128600600004,0.8005347759085972
A_local_only,XGBoost,27,0.25,2.2525978256590204,3.0936603598811176,0.7619947621428129
A_local_only,XGBoost,27,0.5,2.3747863908655362,2.9862997145000914,0.7782273248979245
A_local_only,XGBoost,27,0.75,2.285430693825706,2.992694532608343,0.7772765064896694
A_local_only,XGBoost,27,1.0,2.1774656728279838,2.8500484307828,0.7980026231639398
A_local_only,XGBoost,28,0.25,2.258316175541009,3.064321879315908,0.7664875643520291
A_local_only,XGBoost,28,0.5,2.3822219223778425,2.967472801099493,0.7810148103630046
A_local_only,XGBoost,28,0.75,2.294690145536213,2.988426002916676,0.7779114017881031
A_local_only,XGBoost,28,1.0,2.188604414135584,2.8625889557870323,0.7962210911709136
A_local_only,XGBoost,29,0.25,2.243133609363374,3.0615941100950606,0.7669031111219928
A_local_only,XGBoost,29,0.5,2.3756936120173995,3.0011671649060903,0.7760136141574754
A_local_only,XGBoost,29,0.75,2.293316753933941,2.979946023932757,0.7791700139146012
A_local_only,XGBoost,29,1.0,2.1894108555423606,2.8589979874793876,0.7967320304884752
A_local_only,XGBoost,30,0.25,2.2827007511268276,3.058464480885009,0.7673794211402227
A_local_only,XGBoost,30,0.5,2.378805963900611,2.9676771129136728,0.7809846548707052
A_local_only,XGBoost,30,0.75,2.2865883916250405,2.977517691320323,0.7795297722192683
A_local_only,XGBoost,30,1.0,2.190355101708707,2.8619269996254166,0.7963153255229873
B_local_plus_neighbours,RandomForest,1,0.25,2.997543676275954,3.1532312698775598,0.7527405498951816
B_local_plus_neighbours,RandomForest,1,0.5,2.6774460793110144,3.1263304297836045,0.7569413926411526
B_local_plus_neighbours,RandomForest,1,0.75,2.367650782475198,3.0380793742245737,0.7704699865529245
B_local_plus_neighbours,RandomForest,1,1.0,2.148010774011111,3.031972333171147,0.7713918455098284
B_local_plus_neighbours,RandomForest,2,0.25,2.9478456016955765,3.133724061859936,0.7557903876720748
B_local_plus_neighbours,RandomForest,2,0.5,2.647940432004965,3.172521430255406,0.7497060348327211
B_local_plus_neighbours,RandomForest,2,0.75,2.3286834682318847,3.052363091563975,0.7683066138681492
B_local_plus_neighbours,RandomForest,2,1.0,2.1241455685219806,3.004897725549649,0.7754564215139245
B_local_plus_neighbours,RandomForest,3,0.25,2.957588978753171,3.1421374380405833,0.7544773266549413
B_local_plus_neighbours,RandomForest,3,0.5,2.60071325808321,3.1123364154509865,0.7591124702995828
B_local_plus_neighbours,RandomForest,3,0.75,2.2931132781268033,3.0500617186102135,0.7686558592656751
B_local_plus_neighbours,RandomForest,3,1.0,2.126205147528044,3.025500804748844,0.7723666995803757
B_local_plus_neighbours,RandomForest,4,0.25,2.991473550385176,3.143101079310713,0.754326708125072
B_local_plus_neighbours,RandomForest,4,0.5,2.601767978775804,3.1412474710631533,0.7546163887623394
B_local_plus_neighbours,RandomForest,4,0.75,2.2961139660973355,3.0404707748963653,0.7701084987896297
B_local_plus_neighbours,RandomForest,4,1.0,2.108719237232307,3.0431323065721143,0.769705843174278
B_local_plus_neighbours,RandomForest,5,0.25,3.0118395532878126,3.13999839774829,0.7548114967157079
B_local_plus_neighbours,RandomForest,5,0.5,2.6090400077079092,3.1372047693089935,0.7552475866655544
B_local_plus_neighbours,RandomForest,5,0.75,2.2899106156971176,3.059095827590259,0.7672833733389448
B_local_plus_neighbours,RandomForest,5,1.0,2.103614901762504,3.0417571689025356,0.769913927861895
B_local_plus_neighbours,RandomForest,6,0.25,2.941921556740643,3.1460315893597235,0.7538683813587519
B_local_plus_neighbours,RandomForest,6,0.5,2.6083872471514185,3.1240855701190857,0.7572903234918702
B_local_plus_neighbours,RandomForest,6,0.75,2.359347593449097,3.0405319658724923,0.7700992453364908
B_local_plus_neighbours,RandomForest,6,1.0,2.140775128026665,3.043226086238751,0.7696916490874925
B_local_plus_neighbours,RandomForest,7,0.25,2.9958437618714213,3.151565649036135,0.753001698974034
B_local_plus_neighbours,RandomForest,7,0.5,2.666565436103747,3.1562730995163193,0.7522632719323725
B_local_plus_neighbours,RandomForest,7,0.75,2.3040612852476463,3.046451630354928,0.76920317835777
B_local_plus_neighbours,RandomForest,7,1.0,2.0992666682891348,3.0420072455606437,0.7698760934667872
B_local_plus_neighbours,RandomForest,8,0.25,2.979808624631513,3.153455824555513,0.7527053318991275
B_local_plus_neighbours,RandomForest,8,0.5,2.6758372736580798,3.1481818164842426,0.7535318178324388
B_local_plus_neighbours,RandomForest,8,0.75,2.3337069183107,3.061810902922535,0.7668700985664704
B_local_plus_neighbours,RandomForest,8,1.0,2.130761174051609,3.0443124834335014,0.7695271847988192
B_local_plus_neighbours,RandomForest,9,0.25,2.9068955185209195,3.1550934432237887,0.7524484204083417
B_local_plus_neighbours,RandomForest,9,0.5,2.6462861573696648,3.148250545285141,0.7535210562891022
B_local_plus_neighbours,RandomForest,9,0.75,2.3180573464852143,3.059004001084055,0.7672973442867252
B_local_plus_neighbours,RandomForest,9,1.0,2.1167369254854713,3.0471149244594176,0.7691026661191483
B_local_plus_neighbours,RandomForest,10,0.25,3.0312061403212813,3.130818155422386,0.756243089467608
B_local_plus_neighbours,RandomForest,10,0.5,2.6511831703998388,3.114288438282368,0.7588102115764093
B_local_plus_neighbours,RandomForest,10,0.75,2.3057587954110503,3.057625226176353,0.7675070676319204
B_local_plus_neighbours,RandomForest,10,1.0,2.1248792532593557,3.0228065746358768,0.7727719372317987
B_local_plus_neighbours,RandomForest,11,0.25,2.904986589836676,3.169192334108758,0.750231052869644
B_local_plus_neighbours,RandomForest,11,0.5,2.6395340347328196,3.1431597401417886,0.754317537860678
B_local_plus_neighbours,RandomForest,11,0.75,2.3388668816680975,3.0686629382100215,0.7658254868703863
B_local_plus_neighbours,RandomForest,11,1.0,2.130678294084861,3.0377654563672207,0.7705174177346539
B_local_plus_neighbours,RandomForest,12,0.25,2.9867433687115197,3.12375129383126,0.7573422604489772
B_local_plus_neighbours,RandomForest,12,0.5,2.6315747850099815,3.172080389412375,0.7497756212425746
B_local_plus_neighbours,RandomForest,12,0.75,2.3599822753427095,3.0565723912558553,0.7676671490793006
B_local_plus_neighbours,RandomForest,12,1.0,2.1808844155225593,3.073213848131333,0.7651303975935283
B_local_plus_neighbours,RandomForest,13,0.25,3.023859514576476,3.156894002281162,0.7521657926938189
B_local_plus_neighbours,RandomForest,13,0.5,2.633412631662261,3.1288195910533623,0.7565541956135886
B_local_plus_neighbours,RandomForest,13,0.75,2.3206396477203763,3.036679567687536,0.7706814514649022
B_local_plus_neighbours,RandomForest,13,1.0,2.0967188648429675,3.047988875672435,0.7689701985565996
B_local_plus_neighbours,RandomForest,14,0.25,2.9168826871976923,3.10905242046218,0.759620549107662
B_local_plus_neighbours,RandomForest,14,0.5,2.639520973130981,3.147275284262615,0.7536737404994029
B_local_plus_neighbours,RandomForest,14,0.75,2.319177380356287,3.1025454298296795,0.7606256849552743
B_local_plus_neighbours,RandomForest,14,1.0,2.1059016665718584,3.0522705466204894,0.7683206631313793
B_local_plus_neighbours,RandomForest,15,0.25,2.908047974950424,3.1307123495654237,0.7562595646965915
B_local_plus_neighbours,RandomForest,15,0.5,2.6049438846485917,3.124388779788813,0.7572432085902762
B_local_plus_neighbours,RandomForest,15,0.75,2.324577200055739,3.0563759790002356,0.7676970070687716
B_local_plus_neighbours,RandomForest,15,1.0,2.1092551278926583,3.0614062710413013,0.7669317127943881
B_local_plus_neighbours,RandomForest,16,0.25,2.922816283971622,3.1494377338134516,0.7533351294434552
B_local_plus_neighbours,RandomForest,16,0.5,2.622676292732535,3.1508174607094954,0.7531189608876364
B_local_plus_neighbours,RandomForest,16,0.75,2.3628240307726935,3.056729720211455,0.7676432310293844
B_local_plus_neighbours,RandomForest,16,1.0,2.1443721134893083,3.0030268761797836,0.7757359361447187
B_local_plus_neighbours,RandomForest,17,0.25,3.05672252758097,3.1381255787997575,0.7551038896893022
B_local_plus_neighbours,RandomForest,17,0.5,2.605681317742373,3.1444832054988257,0.7541105991690455
B_local_plus_neighbours,RandomForest,17,0.75,2.318031263877583,3.059374442739165,0.7672409808583514
B_local_plus_neighbours,RandomForest,17,1.0,2.123021957961931,3.039455097420548,0.7702620648897662
B_local_plus_neighbours,RandomForest,18,0.25,2.9407732511470583,3.1317730791822553,0.7560943713037569
B_local_plus_neighbours,RandomForest,18,0.5,2.681483110801094,3.1198528038897666,0.7579475637253235
B_local_plus_neighbours,RandomForest,18,0.75,2.339768413968851,3.050946037925718,0.768521690341371
B_local_plus_neighbours,RandomForest,18,1.0,2.142684110025485,3.0548752488773165,0.7679250801275121
B_local_plus_neighbours,RandomForest,19,0.25,2.9961369266585653,3.1650152548592154,0.7508890231186838
B_local_plus_neighbours,RandomForest,19,0.5,2.594388634743637,3.143623032913175,0.7542451067361012
B_local_plus_neighbours,RandomForest,19,0.75,2.34145517669082,3.0434928648433694,0.7696512682338746
B_local_plus_neighbours,RandomForest,19,1.0,2.1286881527390937,3.0315466323387334,0.7714560359700352
B_local_plus_neighbours,RandomForest,20,0.25,2.900991995604517,3.1586072730115613,0.7518967166261173
B_local_plus_neighbours,RandomForest,20,0.5,2.6299618832909966,3.121201395171727,0.7577382587501669
B_local_plus_neighbours,RandomForest,20,0.75,2.281270117121419,3.0610673662556778,0.7669833123397232
B_local_plus_neighbours,RandomForest,20,1.0,2.113762829899288,3.0459659757133015,0.7692767581331943
B_local_plus_neighbours,RandomForest,21,0.25,2.9473402150557066,3.1594472221528704,0.7517647458995904
B_local_plus_neighbours,RandomForest,21,0.5,2.617169050079263,3.141248997087551,0.7546161503465687
B_local_plus_neighbours,RandomForest,21,0.75,2.338993461718288,3.0627968488684734,0.766719932212961
B_local_plus_neighbours,RandomForest,21,1.0,2.1543309121925636,3.061105595623353,0.7669774920586334
B_local_plus_neighbours,RandomForest,22,0.25,2.9880184907778986,3.1531502680867627,0.7527532531822452
B_local_plus_neighbours,RandomForest,22,0.5,2.6101904127074307,3.163762504634382,0.7510861861943263
B_local_plus_neighbours,RandomForest,22,0.75,2.354434755289891,3.03475082432846,0.7709726617527577
B_local_plus_neighbours,RandomForest,22,1.0,2.1348524702335103,3.039259460427699,0.7702916384750699
B_local_plus_neighbours,RandomForest,23,0.25,2.866178012426383,3.1295446406741703,0.7564413538631343
B_local_plus_neighbours,RandomForest,23,0.5,2.565616517901515,3.155259534811933,0.7524223563199273
B_local_plus_neighbours,RandomForest,23,0.75,2.2614427519406135,3.0449886526317265,0.7694247932564955
B_local_plus_neighbours,RandomForest,23,1.0,2.106638731034472,3.0574276027956384,0.7675371200752866
B_local_plus_neighbours,RandomForest,24,0.25,3.0083699001744986,3.142240228055744,0.7544612626268
B_local_plus_neighbours,RandomForest,24,0.5,2.612188670402975,3.154002133419791,0.7526196411654198
B_local_plus_neighbours,RandomForest,24,0.75,2.294061716570149,3.047070659843358,0.7691093744369185
B_local_plus_neighbours,RandomForest,24,1.0,2.114841528194576,3.055279795012815,0.7678636103647503
B_local_plus_neighbours,RandomForest,25,0.25,2.893655274622973,3.142503403083138,0.754420131226703
B_local_plus_neighbours,RandomForest,25,0.5,2.629884080305705,3.1527772535757372,0.7528117478059501
B_local_plus_neighbours,RandomForest,25,0.75,2.3343201494425805,3.044459217998039,0.7695049668804059
B_local_plus_neighbours,RandomForest,25,1.0,2.127511790123021,3.041070232473962,0.7700178392846241
B_local_plus_neighbours,RandomForest,26,0.25,3.0613300564838593,3.118508323376144,0.7581561406565339
B_local_plus_neighbours,RandomForest,26,0.5,2.6905894174409504,3.1330913948790604,0.7558889845866437
B_local_plus_neighbours,RandomForest,26,0.75,2.3512203751177854,3.0421320225154873,0.7698572146496943
B_local_plus_neighbours,RandomForest,26,1.0,2.130846518559954,3.0344030572656018,0.771025149489451
B_local_plus_neighbours,RandomForest,27,0.25,2.9985374383839116,3.1436076967721425,0.754247504557004
B_local_plus_neighbours,RandomForest,27,0.5,2.596419307578902,3.145632274719308,0.7539308586216679
B_local_plus_neighbours,RandomForest,27,0.75,2.3155391579452633,3.050881312686504,0.7685315117737096
B_local_plus_neighbours,RandomForest,27,1.0,2.118889029406266,3.044782164494906,0.7694560639349497
B_local_plus_neighbours,RandomForest,28,0.25,2.9674861957806478,3.154007872396363,0.7526187409051693
B_local_plus_neighbours,RandomForest,28,0.5,2.59143725569253,3.1612061435895624,0.7514882748475651
B_local_plus_neighbours,RandomForest,28,0.75,2.2832951468940137,3.046310693296028,0.7692245324291817
B_local_plus_neighbours,RandomForest,28,1.0,2.0882635989467992,3.0647260475244007,0.7664259621245224
B_local_plus_neighbours,RandomForest,29,0.25,2.9915235518289474,3.158698432339332,0.7518823955960277
B_local_plus_neighbours,RandomForest,29,0.5,2.6436097592715213,3.1641702172234774,0.7510220272478056
B_local_plus_neighbours,RandomForest,29,0.75,2.310502349367367,3.0466139421128946,0.7691785844758761
B_local_plus_neighbours,RandomForest,29,1.0,2.1141509224854755,3.060557098777438,0.7670609917327139
B_local_plus_neighbours,RandomForest,30,0.25,2.9481505370588557,3.13772232187021,0.7551668251619742
B_local_plus_neighbours,RandomForest,30,0.5,2.604119256628909,3.1552602845289996,0.752422238666717
B_local_plus_neighbours,RandomForest,30,0.75,2.3873882038009793,3.0601946804292464,0.7671161557891054
B_local_plus_neighbours,RandomForest,30,1.0,2.1590589986845545,3.0217632518950652,0.7729287658522261
B_local_plus_neighbours,XGBoost,1,0.25,2.0758897648638297,3.075000669004217,0.7648572035169146
B_local_plus_neighbours,XGBoost,1,0.5,2.2487950715222134,3.0261959637573277,0.7722620825077537
B_local_plus_neighbours,XGBoost,1,0.75,2.192767597874537,2.995465252539734,0.7768639083563418
B_local_plus_neighbours,XGBoost,1,1.0,2.1094151570125943,2.828240153200475,0.8010821222292319
B_local_plus_neighbours,XGBoost,2,0.25,2.046544953123349,3.102614341880213,0.7606150511331655
B_local_plus_neighbours,XGBoost,2,0.5,2.2288527853867475,3.0226743879806395,0.7727918100619694
B_local_plus_neighbours,XGBoost,2,0.75,2.1863780771627885,2.9599326617483905,0.7821262484058488
B_local_plus_neighbours,XGBoost,2,1.0,2.1002823456704576,2.8438422359510658,0.7988813942895681
B_local_plus_neighbours,XGBoost,3,0.25,2.064549065415944,3.088754189480513,0.7627490584821979
B_local_plus_neighbours,XGBoost,3,0.5,2.2593572957500725,3.018919294811644,0.7733559845983946
B_local_plus_neighbours,XGBoost,3,0.75,2.195838192743495,3.002660388408977,0.775790670933989
B_local_plus_neighbours,XGBoost,3,1.0,2.114525903166532,2.835079213084738,0.8001189394499656
B_local_plus_neighbours,XGBoost,4,0.25,2.074716144220601,3.096991897388519,0.7614818743458762
B_local_plus_neighbours,XGBoost,4,0.5,2.239139924391417,3.0047179961039685,0.775483281586816
B_local_plus_neighbours,XGBoost,4,0.75,2.187118554700339,3.0038798685661865,0.7756085162346774
B_local_plus_neighbours,XGBoost,4,1.0,2.108711137181253,2.832863869634529,0.8004311932954993
B_local_plus_neighbours,XGBoost,5,0.25,2.073232001019613,3.076552498498319,0.764619809355561
B_local_plus_neighbours,XGBoost,5,0.5,2.2361112205519715,2.990606567456899,0.7775871808080225
B_local_plus_neighbours,XGBoost,5,0.75,2.1867143264914772,2.954385335207324,0.7829421347279778
B_local_plus_neighbours,XGBoost,5,1.0,2.1045613506817356,2.8461734266605707,0.7985515321169356
B_local_plus_neighbours,XGBoost,6,0.25,2.0879725695459297,3.109120837637099,0.7596099695086915
B_local_plus_neighbours,XGBoost,6,0.5,2.2466773080050504,2.9924030253312353,0.7773198937157005
B_local_plus_neighbours,XGBoost,6,0.75,2.1918763069460625,2.9834610033210347,0.7786487490111278
B_local_plus_neighbours,XGBoost,6,1.0,2.1085882915474112,2.83655406513559,0.7999109229196517
B_local_plus_neighbours,XGBoost,7,0.25,2.063712384297775,3.1034268093145645,0.7604896614332404
B_local_plus_neighbours,XGBoost,7,0.5,2.230257917814516,3.0121355239530034,0.7743734173076113
B_local_plus_neighbours,XGBoost,7,0.75,2.1848407133617505,2.9647311653767217,0.781419262444424
B_local_plus_neighbours,XGBoost,7,1.0,2.107557151910673,2.822106299859019,0.8019440080085222
B_local_plus_neighbours,XGBoost,8,0.25,2.05797832518721,3.098064797734026,0.7613165845969306
B_local_plus_neighbours,XGBoost,8,0.5,2.2515655478917203,3.011727277383283,0.7744345732785745
B_local_plus_neighbours,XGBoost,8,0.75,2.1910553500738046,2.989598915894315,0.7777370346007433
B_local_plus_neighbours,XGBoost,8,1.0,2.106999742607912,2.859462079762718,0.7966660334132246
B_local_plus_neighbours,XGBoost,9,0.25,2.076134765047448,3.113817161309426,0.7588832032694836
B_local_plus_neighbours,XGBoost,9,0.5,2.253740797642145,3.0291646875547307,0.7718150376971669
B_local_plus_neighbours,XGBoost,9,0.75,2.18868112957413,2.972508889110661,0.7802709016126662
B_local_plus_neighbours,XGBoost,9,1.0,2.1054885731049704,2.820463927234972,0.8021744650169481
B_local_plus_neighbours,XGBoost,10,0.25,2.071492231576736,3.1123311812979457,0.7591132805212091
B_local_plus_neighbours,XGBoost,10,0.5,2.244149834176493,3.0158226601165294,0.7738207030639058
B_local_plus_neighbours,XGBoost,10,0.75,2.1953176201406395,3.0225760958087293,0.77280658666076
B_local_plus_neighbours,XGBoost,10,1.0,2.1132471032564575,2.858462596435695,0.7968081534245415
B_local_plus_neighbours,XGBoost,11,0.25,2.0596271794078675,3.116094919547574,0.7585303202235343
B_local_plus_neighbours,XGBoost,11,0.5,2.256720928372536,3.013163030187272,0.7742194585895319
B_local_plus_neighbours,XGBoost,11,0.75,2.193866117369183,3.0248579151527513,0.7724634290422164
B_local_plus_neighbours,XGBoost,11,1.0,2.1102128916693315,2.850358975946768,0.7979586009463743
B_local_plus_neighbours,XGBoost,12,0.25,2.082216224717127,3.1025806250048986,0.7606202540154623
B_local_plus_neighbours,XGBoost,12,0.5,2.2562735996484937,3.0187419123478554,0.7733826176341507
B_local_plus_neighbours,XGBoost,12,0.75,2.1802150136308835,3.00654829060518,0.7752096739649447
B_local_plus_neighbours,XGBoost,12,1.0,2.101110422061383,2.836107768983782,0.7999738809722976
B_local_plus_neighbours,XGBoost,13,0.25,2.0740357058257026,3.1105724320612773,0.7593854492631402
B_local_plus_neighbours,XGBoost,13,0.5,2.2392092917977955,3.024861180507662,0.7724629377873666
B_local_plus_neighbours,XGBoost,13,0.75,2.194553431785357,2.9708417787500165,0.7805172994861129
B_local_plus_neighbours,XGBoost,13,1.0,2.1099147645814975,2.8391546736956315,0.7995438635301443
B_local_plus_neighbours,XGBoost,14,0.25,2.066219330174209,3.106194389143082,0.760062288991399
B_local_plus_neighbours,XGBoost,14,0.5,2.249730571799774,3.016253870250799,0.773756019036629
B_local_plus_neighbours,XGBoost,14,0.75,2.194846868615036,2.990227560777345,0.7776435510464195
B_local_plus_neighbours,XGBoost,14,1.0,2.109574024328061,2.829744859970973,0.8008704056260382
B_local_plus_neighbours,XGBoost,15,0.25,2.062406110984308,3.0939235155503804,0.761954269597273
B_local_plus_neighbours,XGBoost,15,0.5,2.238790789614131,3.0494753626750697,0.7687447997419975
B_local_plus_neighbours,XGBoost,15,0.75,2.194495916934533,3.014261486629335,0.7740548108130377
B_local_plus_neighbours,XGBoost,15,1.0,2.108581639807573,2.798727862134323,0.8052118233510857
B_local_plus_neighbours,XGBoost,16,0.25,2.080061182085907,3.1330327795030497,0.7558981183930392
B_local_plus_neighbours,XGBoost,16,0.5,2.2485206815710623,2.9932560881915355,0.7771929140252339
B_local_plus_neighbours,XGBoost,16,0.75,2.1936880379243044,3.0018226561366665,0.7759157607975166
B_local_plus_neighbours,XGBoost,16,1.0,2.1074150809233108,2.8375083456355465,0.7997762713540091
B_local_plus_neighbours,XGBoost,17,0.25,2.089279900062392,3.098734134318397,0.7612134384005405
B_local_plus_neighbours,XGBoost,17,0.5,2.252624717034807,2.996006910549839,0.7767832034448712
B_local_plus_neighbours,XGBoost,17,0.75,2.1974941584858954,3.0110683932565285,0.7745332576602287
B_local_plus_neighbours,XGBoost,17,1.0,2.1102118115650597,2.8333685731294014,0.8003600765378529
B_local_plus_neighbours,XGBoost,18,0.25,2.07383210161139,3.100040960397172,0.7610119894906131
B_local_plus_neighbours,XGBoost,18,0.5,2.2564581986509826,3.0139735444180706,0.7740979763116163
B_local_plus_neighbours,XGBoost,18,0.75,2.200840473025306,2.985191329225051,0.7783919191945765
B_local_plus_neighbours,XGBoost,18,1.0,2.105343863720068,2.835500250898081,0.8000595663408185
B_local_plus_neighbours,XGBoost,19,0.25,2.0761151036808236,3.104639581713474,0.7603024307997087
B_local_plus_neighbours,XGBoost,19,0.5,2.246859247936627,3.005466381680502,0.7753714268310721
B_local_plus_neighbours,XGBoost,19,0.75,2.1874417312953938,2.975845858297527,0.7797772843866128
B_local_plus_neighbours,XGBoost,19,1.0,2.105546519790545,2.8161468319665808,0.80277959814292
B_local_plus_neighbours,XGBoost,20,0.25,2.0753673647051047,3.0893946099799012,0.7626506653380762
B_local_plus_neighbours,XGBoost,20,0.5,2.2508269064633093,3.001866950881685,0.7759091475970665
B_local_plus_neighbours,XGBoost,20,0.75,2.190658446527686,2.992788949267978,0.7772624528401775
B_local_plus_neighbours,XGBoost,20,1.0,2.1184281340646036,2.860950081498081,0.7964543572238933
B_local_plus_neighbours,XGBoost,21,0.25,2.071959048411905,3.1006227282226813,0.7609222819138459
B_local_plus_neighbours,XGBoost,21,0.5,2.2507078815564068,3.055977483332969,0.767757579264064
B_local_plus_neighbours,XGBoost,21,0.75,2.196286364406443,2.9785135703079444,0.7793822678831162
B_local_plus_neighbours,XGBoost,21,1.0,2.1068703786082796,2.827266133412444,0.8012191095965006
B_local_plus_neighbours,XGBoost,22,0.25,2.0736246774727976,3.1000900156904962,0.7610044259004128
B_local_plus_neighbours,XGBoost,22,0.5,2.25127208628379,3.0395736620206564,0.7702441410732892
B_local_plus_neighbours,XGBoost,22,0.75,2.1965193556621405,3.0030015892410846,0.7757397129525814
B_local_plus_neighbours,XGBoost,22,1.0,2.099235250996101,2.8285539907649238,0.8010379736685863
B_local_plus_neighbours,XGBoost,23,0.25,2.090597718856772,3.1136545759021357,0.7589083820433923
B_local_plus_neighbours,XGBoost,23,0.5,2.2606265578161784,3.0175908249995396,0.7735554092640917
B_local_plus_neighbours,XGBoost,23,0.75,2.1973938735970417,2.987310786605325,0.7780771282362178
B_local_plus_neighbours,XGBoost,23,1.0,2.1141099255330986,2.848337754879069,0.7982450389324667
B_local_plus_neighbours,XGBoost,24,0.25,2.062600670175472,3.1142563378079053,0.758815183669968
B_local_plus_neighbours,XGBoost,24,0.5,2.2452446967779482,3.0306573776179078,0.7715900955877256
B_local_plus_neighbours,XGBoost,24,0.75,2.1964252259240937,2.985310806405314,0.7783741798703265
B_local_plus_neighbours,XGBoost,24,1.0,2.099520190475572,2.832022662723749,0.8005496979195634
B_local_plus_neighbours,XGBoost,25,0.25,2.096901709642863,3.117017036938916,0.7583873872626835
B_local_plus_neighbours,XGBoost,25,0.5,2.2480358819547153,3.001133437290268,0.7760186485217121
B_local_plus_neighbours,XGBoost,25,0.75,2.1936859926507335,2.992079965242568,0.7773679722472342
B_local_plus_neighbours,XGBoost,25,1.0,2.108635315548677,2.8281433800547067,0.8010957346372342
B_local_plus_neighbours,XGBoost,26,0.25,2.089014216473515,3.103192999349777,0.7605257491503163
B_local_plus_neighbours,XGBoost,26,0.5,2.24056822863477,3.022066447874065,0.7728831960749996
B_local_plus_neighbours,XGBoost,26,0.75,2.1878140022213297,3.0109661716064533,0.7745485659748945
B_local_plus_neighbours,XGBoost,26,1.0,2.112980622451914,2.8346339929495152,0.8001817130647753
B_local_plus_neighbours,XGBoost,27,0.25,2.0544329095584373,3.100333827674199,0.760966831975014
B_local_plus_neighbours,XGBoost,27,0.5,2.2495137105570038,3.018422760136598,0.7734305327044279
B_local_plus_neighbours,XGBoost,27,0.75,2.199054219059423,2.9927944630177197,0.7772616321206111
B_local_plus_neighbours,XGBoost,27,1.0,2.1045251554887785,2.843953105183179,0.7988657124773029
B_local_plus_neighbours,XGBoost,28,0.25,2.0672152345035744,3.084523502391428,0.7633985417513247
B_local_plus_neighbours,XGBoost,28,0.5,2.2589062587513653,3.0365218309731303,0.7707052742055881
B_local_plus_neighbours,XGBoost,28,0.75,2.1925696482265913,2.9850130601823675,0.7784183862959834
B_local_plus_neighbours,XGBoost,28,1.0,2.105757833090747,2.815614435570148,0.8028541606656672
B_local_plus_neighbours,XGBoost,29,0.25,2.0766122911099876,3.105255816630518,0.7602072669862321
B_local_plus_neighbours,XGBoost,29,0.5,2.2566499343745927,2.9981561747048255,0.776462827721285
B_local_plus_neighbours,XGBoost,29,0.75,2.1969567146845264,2.9683827180049733,0.7808804948098234
B_local_plus_neighbours,XGBoost,29,1.0,2.10419217760736,2.835421314041879,0.8000706983797388
B_local_plus_neighbours,XGBoost,30,0.25,2.0624978858086918,3.0933630675270622,0.7620405032581423
B_local_plus_neighbours,XGBoost,30,0.5,2.2445716430915157,3.010276453914923,0.7746518418165566
B_local_plus_neighbours,XGBoost,30,0.75,2.1863072370222976,2.9929800289627826,0.7772340098180119
B_local_plus_neighbours,XGBoost,30,1.0,2.1117786476990585,2.8455566104037056,0.7986388375667252
