feature,missing_hours,gap_count,median_gap_hours,max_gap_hours,short_gap_pct
LIVERPOOL_SOLAR,50416,1,50416.0,50416,0.0
ST_MARYS_CO,50416,1,50416.0,50416,0.0
ST_MARYS_SOLAR,50416,1,50416.0,50416,0.0
BRINGELLY_CO,50416,1,50416.0,50416,0.0
RICHMOND_CO,50416,1,50416.0,50416,0.0
RICHMOND_SOLAR,50416,1,50416.0,50416,0.0
RANDWICK_RAIN,31786,23,3.0,31431,52.17391304347826
LIVERPOOL_RAIN,22682,51,1.0,22579,90.19607843137256
BRINGELLY_NO2,5372,2358,1.0,580,94.0203562340967
LIVERPOOL_CO,4785,2492,1.0,140,94.10112359550563
RICHMOND_PM25,4723,1184,2.0,805,90.70945945945947
RICHMOND_NO2,4186,2321,1.0,102,95.38991813873331
RICHMOND_O3,4155,2284,1.0,162,97.06654991243433
ROZELLE_NO2,4009,2281,1.0,357,96.53660675142481
RANDWICK_NO2,3846,2300,1.0,139,96.30434782608695
ROZELLE_CO,3755,2286,1.0,357,97.11286089238845
ST_MARYS_NO2,3683,2167,1.0,94,96.67743424088602
BRINGELLY_O3,3611,2312,1.0,581,98.05363321799308
LIVERPOOL_NO2,3584,2335,1.0,49,97.2591006423983
ST_MARYS_O3,3543,2177,1.0,180,97.51952227836472
ROZELLE_O3,3427,2295,1.0,357,98.0392156862745
LIVERPOOL_O3,3415,2322,1.0,145,98.01894918173988
RANDWICK_O3,3194,2286,1.0,132,98.20647419072615
ST_MARYS_PM25,2405,707,1.0,210,91.23055162659122
RANDWICK_PM25,2264,853,1.0,123,92.84876905041031
RANDWICK_WSP,2102,70,3.5,341,50.0
RANDWICK_WDR,2102,70,3.5,341,50.0
BRINGELLY_PM25,2087,902,1.0,113,95.45454545454545
RICHMOND_PM10,2031,237,2.0,217,76.79324894514767
ROZELLE_RAIN,1666,71,4.0,766,46.478873239436616
RANDWICK_HUMID,1512,86,4.5,340,47.674418604651166
RANDWICK_TEMP,1483,87,4.0,340,49.42528735632184
ROZELLE_PM25,1475,380,1.0,345,89.73684210526316
LIVERPOOL_PM25,1406,494,1.0,81,91.7004048582996
ROZELLE_PM10,1275,171,2.0,344,78.3625730994152
BRINGELLY_PM10,1257,388,1.5,82,90.4639175257732
ST_MARYS_PM10,1066,179,2.0,95,76.53631284916202
ST_MARYS_HUMID,1065,79,3.0,247,55.69620253164557
ST_MARYS_TEMP,1027,78,2.0,321,57.692307692307686
RICHMOND_HUMID,1009,84,3.5,205,50.0
RICHMOND_TEMP,980,84,3.0,205,51.19047619047619
ROZELLE_HUMID,958,85,2.0,275,52.94117647058824
BRINGELLY_HUMID,951,117,4.0,57,48.717948717948715
ROZELLE_TEMP,928,85,2.0,275,54.11764705882353
ROZELLE_SOLAR,915,69,7.0,275,46.3768115942029
RANDWICK_PM10,901,169,1.0,124,82.84023668639054
RICHMOND_RAIN,843,84,4.5,85,48.80952380952381
LIVERPOOL_PM10,771,163,2.0,50,79.14110429447852
RICHMOND_WSP,734,90,2.0,209,68.88888888888889
RICHMOND_WDR,717,88,1.0,209,70.45454545454545
LIVERPOOL_HUMID,710,101,1.0,49,65.34653465346535
LIVERPOOL_TEMP,705,103,1.0,49,66.01941747572816
ROZELLE_WSP,678,55,2.0,277,69.0909090909091
ROZELLE_WDR,678,55,2.0,277,69.0909090909091
BRINGELLY_SOLAR,597,83,2.0,57,60.24096385542169
BRINGELLY_TEMP,585,90,2.0,57,64.44444444444444
ST_MARYS_WSP,501,88,2.0,93,77.27272727272727
ST_MARYS_WDR,499,86,2.0,93,76.74418604651163
BRINGELLY_WSP,352,80,1.5,66,86.25
BRINGELLY_WDR,340,78,1.0,66,87.17948717948718
LIVERPOOL_WSP,333,87,1.0,49,83.9080459770115
LIVERPOOL_WDR,333,87,1.0,49,83.9080459770115
