scenario,model,RMSE_mean,RMSE_std,MAE_mean,MAE_std,MSE_mean,MSE_std,SMAPE_mean,SMAPE_std,MAPE_mean,MAPE_std,R2_mean,R2_std,train_seconds_mean,train_seconds_std,n_runs
B_local_plus_neighbours,XGBoost,2.372427548394439,0.005623232691862401,1.7057984548434304,0.002813220372069806,5.6284430391018905,0.02668494563354935,30.846119784213972,0.030917111416587137,573123.0344699457,19963.561040848326,0.7204640130502732,0.001325304806773746,11.13904014666914,0.31670255059804664,30
C_neighbours_plus_traffic,XGBoost,2.3742376166894106,0.006167168407471313,1.7052752549903192,0.002552954951891198,5.637041026670307,0.02928013015642599,30.86486385357529,0.028507335827577113,552163.7979398437,21315.377098690606,0.7200369949701358,0.0014541943525823208,12.007424210002258,0.28057744752695507,30
A_local_only,XGBoost,2.38032401421419,0.0044834776317680585,1.724727529335339,0.0023343109121706294,5.665961844164043,0.021350518633113758,31.06481215942879,0.03356979959366568,538167.2453125335,7944.0455918162315,0.7186006458403073,0.0010603710931306458,4.840458056668285,0.15168925678687153,30
B_local_plus_neighbours,RandomForest,2.403992344310767,0.0026297803570561255,1.738184417129882,0.001868250689500068,5.77918587672468,0.012645642298507474,31.325682841933748,0.03159241621807791,552065.7044972832,12227.263660799697,0.7129773870690297,0.0006280443945099645,75.09211032667469,1.9502895033617338,30
B_local_plus_neighbours,Hybrid_RF_ARIMA,2.4045515910557644,0.0026329756562091366,1.738214529339829,0.0018694766642584153,5.781875055524255,0.012664460884241335,31.325903992034846,0.03153585063928816,551830.6335638624,12201.299851534604,0.7128438293081,0.0006289790174419978,78.85188188666167,13.230654920721644,30
C_neighbours_plus_traffic,RandomForest,2.4063330504148834,0.003814510600737691,1.7389919441297226,0.002173831372667437,5.790452814993748,0.01836090883142981,31.3253788927498,0.02587887221643769,542121.1541612955,11068.094046130831,0.7124178158542078,0.0009118924604603562,85.17270349333218,1.6364184610469916,30
C_neighbours_plus_traffic,Hybrid_RF_ARIMA,2.4067923939568034,0.0037616465537615145,1.739097636896259,0.0022546427027764467,5.792663305926956,0.01811033080345254,31.326165647652253,0.02615438248374312,542318.6411840563,11068.39112131294,0.7123080320720206,0.0008994475310417198,88.95583822000384,12.81624059120802,30
A_local_only,RandomForest,2.409806544698795,0.0029071364610089192,1.750235813658844,0.0016719728544815308,5.807175752600802,0.014010801567295618,31.426594880453376,0.025190067278925997,524471.2157419829,5656.419114549441,0.7115872730493485,0.000695844875192344,32.641343936665606,0.7294268413748498,30
A_local_only,Hybrid_RF_ARIMA,2.4103114212263788,0.0028930055064145376,1.7491166879983553,0.0016785420311481315,5.80960923779249,0.013945650913917635,31.416374586381046,0.025304728470773568,520889.6476842047,5966.130242257167,0.711466414282535,0.0006926091753609369,34.425483110001856,5.332354652648879,30
A_local_only,LSTM,2.526095601597705,0.046786341717366585,1.8224804685436446,0.0314390178572327,6.38327498479019,0.23778830398126435,32.5393744527739,0.4311074235879214,538928.5775745871,38696.12738210303,0.682429851726493,0.01183005073930996,66.89909310999597,14.547583668228512,30
B_local_plus_neighbours,GRU,2.568071998736548,0.0710090829105156,1.8420279415727447,0.052722983198283155,6.599868004221993,0.370604782495624,32.761539192925234,0.750660852166739,535283.2766408905,45225.09481798229,0.6716542737575257,0.01843771669063926,79.67376319000032,13.731354758269058,30
C_neighbours_plus_traffic,GRU,2.577493951261897,0.06832406526441401,1.8490718823346661,0.04434846574471146,6.647987640756113,0.354938363719567,32.85660626774226,0.6163527697476988,532317.8501258709,38233.22917769258,0.6692603051214543,0.01765830691345093,74.7913313233313,13.323206132326066,30
A_local_only,GRU,2.5806615875154573,0.07951608563066882,1.8474387261924212,0.05504154415621967,6.665926276889357,0.41299529535993407,32.941250921207676,0.7855222243466244,531698.569511622,52573.364237511654,0.6683678517412955,0.02054665943363337,58.489261839998655,15.987448359123249,30
C_neighbours_plus_traffic,LSTM,2.585659225983135,0.05576074025740634,1.8616325052758205,0.037374148307075854,6.688639251060622,0.28982423700189386,33.05969213300538,0.4861823118197135,552893.4093553295,35524.071967600205,0.6672378733849678,0.01441885648624815,80.59413851334054,18.381741391033266,30
B_local_plus_neighbours,LSTM,2.585734476152454,0.0569008835028289,1.8626051980544223,0.03612314378192522,6.689152568022028,0.2948998884590289,33.11114885912393,0.48633403320402047,540349.2198257791,37440.500525243435,0.667212335687793,0.014671371909705204,82.12614726334189,17.685022813786148,30
COMMON_BASELINE,Persistence,2.9081756436829584,,2.114601103863522,,8.45748557451079,,38.87414824736194,,380139.3459106979,,0.5799599354991085,,0.0,,1
COMMON_BASELINE,"ARIMA(3, 1, 2)",4.62278003667544,,3.297804430757028,,21.370095267484984,,51.18516028583906,,1159612.2616210966,,-0.06178984047547753,,9.096502399945166,,1
