scenario,model,seed,threshold_ug_m3,Precision,Recall,TP,FP,FN,TN,actual_alert_hours,predicted_alert_hours,n_test_hours
COMMON_BASELINE,Persistence,,50.0,0.0,0.0,0,1,1,7970,1,1,7972
COMMON_BASELINE,"ARIMA(3, 1, 2)",,50.0,,0.0,0,0,1,7971,1,0,7972
A_local_only,RandomForest,1.0,50.0,0.5,1.0,1,1,0,7970,1,2,7972
A_local_only,XGBoost,1.0,50.0,0.5,1.0,1,1,0,7970,1,2,7972
B_local_plus_neighbours,RandomForest,1.0,50.0,0.0,0.0,0,1,1,7970,1,1,7972
B_local_plus_neighbours,XGBoost,1.0,50.0,,0.0,0,0,1,7971,1,0,7972
C_neighbours_plus_traffic,RandomForest,1.0,50.0,0.0,0.0,0,1,1,7970,1,1,7972
C_neighbours_plus_traffic,XGBoost,1.0,50.0,1.0,1.0,1,0,0,7971,1,1,7972
A_local_only,RandomForest,2.0,50.0,0.5,1.0,1,1,0,7970,1,2,7972
A_local_only,XGBoost,2.0,50.0,0.5,1.0,1,1,0,7970,1,2,7972
B_local_plus_neighbours,RandomForest,2.0,50.0,0.0,0.0,0,1,1,7970,1,1,7972
B_local_plus_neighbours,XGBoost,2.0,50.0,1.0,1.0,1,0,0,7971,1,1,7972
C_neighbours_plus_traffic,RandomForest,2.0,50.0,0.0,0.0,0,1,1,7970,1,1,7972
C_neighbours_plus_traffic,XGBoost,2.0,50.0,1.0,1.0,1,0,0,7971,1,1,7972
A_local_only,RandomForest,3.0,50.0,0.5,1.0,1,1,0,7970,1,2,7972
A_local_only,XGBoost,3.0,50.0,0.5,1.0,1,1,0,7970,1,2,7972
B_local_plus_neighbours,RandomForest,3.0,50.0,0.5,1.0,1,1,0,7970,1,2,7972
B_local_plus_neighbours,XGBoost,3.0,50.0,1.0,1.0,1,0,0,7971,1,1,7972
C_neighbours_plus_traffic,RandomForest,3.0,50.0,0.0,0.0,0,1,1,7970,1,1,7972
C_neighbours_plus_traffic,XGBoost,3.0,50.0,1.0,1.0,1,0,0,7971,1,1,7972
A_local_only,RandomForest,4.0,50.0,0.5,1.0,1,1,0,7970,1,2,7972
A_local_only,XGBoost,4.0,50.0,0.5,1.0,1,1,0,7970,1,2,7972
B_local_plus_neighbours,RandomForest,4.0,50.0,0.0,0.0,0,1,1,7970,1,1,7972
B_local_plus_neighbours,XGBoost,4.0,50.0,,0.0,0,0,1,7971,1,0,7972
C_neighbours_plus_traffic,RandomForest,4.0,50.0,0.5,1.0,1,1,0,7970,1,2,7972
C_neighbours_plus_traffic,XGBoost,4.0,50.0,,0.0,0,0,1,7971,1,0,7972
A_local_only,RandomForest,5.0,50.0,0.5,1.0,1,1,0,7970,1,2,7972
A_local_only,XGBoost,5.0,50.0,0.5,1.0,1,1,0,7970,1,2,7972
B_local_plus_neighbours,RandomForest,5.0,50.0,0.0,0.0,0,1,1,7970,1,1,7972
B_local_plus_neighbours,XGBoost,5.0,50.0,,0.0,0,0,1,7971,1,0,7972
C_neighbours_plus_traffic,RandomForest,5.0,50.0,0.5,1.0,1,1,0,7970,1,2,7972
C_neighbours_plus_traffic,XGBoost,5.0,50.0,1.0,1.0,1,0,0,7971,1,1,7972
A_local_only,RandomForest,6.0,50.0,0.5,1.0,1,1,0,7970,1,2,7972
A_local_only,XGBoost,6.0,50.0,0.0,0.0,0,1,1,7970,1,1,7972
B_local_plus_neighbours,RandomForest,6.0,50.0,0.5,1.0,1,1,0,7970,1,2,7972
B_local_plus_neighbours,XGBoost,6.0,50.0,,0.0,0,0,1,7971,1,0,7972
C_neighbours_plus_traffic,RandomForest,6.0,50.0,0.0,0.0,0,1,1,7970,1,1,7972
C_neighbours_plus_traffic,XGBoost,6.0,50.0,,0.0,0,0,1,7971,1,0,7972
A_local_only,RandomForest,7.0,50.0,0.5,1.0,1,1,0,7970,1,2,7972
A_local_only,XGBoost,7.0,50.0,0.5,1.0,1,1,0,7970,1,2,7972
B_local_plus_neighbours,RandomForest,7.0,50.0,0.0,0.0,0,1,1,7970,1,1,7972
B_local_plus_neighbours,XGBoost,7.0,50.0,0.0,0.0,0,1,1,7970,1,1,7972
C_neighbours_plus_traffic,RandomForest,7.0,50.0,0.0,0.0,0,1,1,7970,1,1,7972
C_neighbours_plus_traffic,XGBoost,7.0,50.0,,0.0,0,0,1,7971,1,0,7972
A_local_only,RandomForest,8.0,50.0,0.5,1.0,1,1,0,7970,1,2,7972
A_local_only,XGBoost,8.0,50.0,0.5,1.0,1,1,0,7970,1,2,7972
B_local_plus_neighbours,RandomForest,8.0,50.0,0.0,0.0,0,1,1,7970,1,1,7972
B_local_plus_neighbours,XGBoost,8.0,50.0,,0.0,0,0,1,7971,1,0,7972
C_neighbours_plus_traffic,RandomForest,8.0,50.0,0.0,0.0,0,1,1,7970,1,1,7972
C_neighbours_plus_traffic,XGBoost,8.0,50.0,1.0,1.0,1,0,0,7971,1,1,7972
A_local_only,RandomForest,9.0,50.0,0.5,1.0,1,1,0,7970,1,2,7972
A_local_only,XGBoost,9.0,50.0,0.5,1.0,1,1,0,7970,1,2,7972
B_local_plus_neighbours,RandomForest,9.0,50.0,0.0,0.0,0,1,1,7970,1,1,7972
B_local_plus_neighbours,XGBoost,9.0,50.0,1.0,1.0,1,0,0,7971,1,1,7972
C_neighbours_plus_traffic,RandomForest,9.0,50.0,0.0,0.0,0,1,1,7970,1,1,7972
C_neighbours_plus_traffic,XGBoost,9.0,50.0,1.0,1.0,1,0,0,7971,1,1,7972
A_local_only,RandomForest,10.0,50.0,0.5,1.0,1,1,0,7970,1,2,7972
A_local_only,XGBoost,10.0,50.0,0.5,1.0,1,1,0,7970,1,2,7972
B_local_plus_neighbours,RandomForest,10.0,50.0,0.0,0.0,0,1,1,7970,1,1,7972
B_local_plus_neighbours,XGBoost,10.0,50.0,1.0,1.0,1,0,0,7971,1,1,7972
C_neighbours_plus_traffic,RandomForest,10.0,50.0,0.0,0.0,0,1,1,7970,1,1,7972
C_neighbours_plus_traffic,XGBoost,10.0,50.0,1.0,1.0,1,0,0,7971,1,1,7972
A_local_only,RandomForest,11.0,50.0,0.5,1.0,1,1,0,7970,1,2,7972
A_local_only,XGBoost,11.0,50.0,0.5,1.0,1,1,0,7970,1,2,7972
B_local_plus_neighbours,RandomForest,11.0,50.0,0.0,0.0,0,1,1,7970,1,1,7972
B_local_plus_neighbours,XGBoost,11.0,50.0,0.5,1.0,1,1,0,7970,1,2,7972
C_neighbours_plus_traffic,RandomForest,11.0,50.0,0.0,0.0,0,1,1,7970,1,1,7972
C_neighbours_plus_traffic,XGBoost,11.0,50.0,,0.0,0,0,1,7971,1,0,7972
A_local_only,RandomForest,12.0,50.0,0.5,1.0,1,1,0,7970,1,2,7972
A_local_only,XGBoost,12.0,50.0,0.5,1.0,1,1,0,7970,1,2,7972
B_local_plus_neighbours,RandomForest,12.0,50.0,,0.0,0,0,1,7971,1,0,7972
B_local_plus_neighbours,XGBoost,12.0,50.0,,0.0,0,0,1,7971,1,0,7972
C_neighbours_plus_traffic,RandomForest,12.0,50.0,0.5,1.0,1,1,0,7970,1,2,7972
C_neighbours_plus_traffic,XGBoost,12.0,50.0,,0.0,0,0,1,7971,1,0,7972
A_local_only,RandomForest,13.0,50.0,0.5,1.0,1,1,0,7970,1,2,7972
A_local_only,XGBoost,13.0,50.0,0.5,1.0,1,1,0,7970,1,2,7972
B_local_plus_neighbours,RandomForest,13.0,50.0,0.0,0.0,0,1,1,7970,1,1,7972
B_local_plus_neighbours,XGBoost,13.0,50.0,,0.0,0,0,1,7971,1,0,7972
C_neighbours_plus_traffic,RandomForest,13.0,50.0,0.0,0.0,0,1,1,7970,1,1,7972
C_neighbours_plus_traffic,XGBoost,13.0,50.0,,0.0,0,0,1,7971,1,0,7972
A_local_only,RandomForest,14.0,50.0,0.5,1.0,1,1,0,7970,1,2,7972
A_local_only,XGBoost,14.0,50.0,0.5,1.0,1,1,0,7970,1,2,7972
B_local_plus_neighbours,RandomForest,14.0,50.0,0.5,1.0,1,1,0,7970,1,2,7972
B_local_plus_neighbours,XGBoost,14.0,50.0,1.0,1.0,1,0,0,7971,1,1,7972
C_neighbours_plus_traffic,RandomForest,14.0,50.0,0.0,0.0,0,1,1,7970,1,1,7972
C_neighbours_plus_traffic,XGBoost,14.0,50.0,,0.0,0,0,1,7971,1,0,7972
A_local_only,RandomForest,15.0,50.0,0.5,1.0,1,1,0,7970,1,2,7972
A_local_only,XGBoost,15.0,50.0,0.0,0.0,0,1,1,7970,1,1,7972
B_local_plus_neighbours,RandomForest,15.0,50.0,0.5,1.0,1,1,0,7970,1,2,7972
B_local_plus_neighbours,XGBoost,15.0,50.0,,0.0,0,0,1,7971,1,0,7972
C_neighbours_plus_traffic,RandomForest,15.0,50.0,0.0,0.0,0,1,1,7970,1,1,7972
C_neighbours_plus_traffic,XGBoost,15.0,50.0,,0.0,0,0,1,7971,1,0,7972
A_local_only,RandomForest,16.0,50.0,0.5,1.0,1,1,0,7970,1,2,7972
A_local_only,XGBoost,16.0,50.0,0.5,1.0,1,1,0,7970,1,2,7972
B_local_plus_neighbours,RandomForest,16.0,50.0,0.0,0.0,0,1,1,7970,1,1,7972
B_local_plus_neighbours,XGBoost,16.0,50.0,,0.0,0,0,1,7971,1,0,7972
C_neighbours_plus_traffic,RandomForest,16.0,50.0,0.0,0.0,0,1,1,7970,1,1,7972
C_neighbours_plus_traffic,XGBoost,16.0,50.0,,0.0,0,0,1,7971,1,0,7972
A_local_only,RandomForest,17.0,50.0,0.5,1.0,1,1,0,7970,1,2,7972
A_local_only,XGBoost,17.0,50.0,0.5,1.0,1,1,0,7970,1,2,7972
B_local_plus_neighbours,RandomForest,17.0,50.0,0.0,0.0,0,1,1,7970,1,1,7972
B_local_plus_neighbours,XGBoost,17.0,50.0,0.5,1.0,1,1,0,7970,1,2,7972
C_neighbours_plus_traffic,RandomForest,17.0,50.0,0.0,0.0,0,1,1,7970,1,1,7972
C_neighbours_plus_traffic,XGBoost,17.0,50.0,,0.0,0,0,1,7971,1,0,7972
A_local_only,RandomForest,18.0,50.0,0.5,1.0,1,1,0,7970,1,2,7972
A_local_only,XGBoost,18.0,50.0,0.5,1.0,1,1,0,7970,1,2,7972
B_local_plus_neighbours,RandomForest,18.0,50.0,0.5,1.0,1,1,0,7970,1,2,7972
B_local_plus_neighbours,XGBoost,18.0,50.0,1.0,1.0,1,0,0,7971,1,1,7972
C_neighbours_plus_traffic,RandomForest,18.0,50.0,0.5,1.0,1,1,0,7970,1,2,7972
C_neighbours_plus_traffic,XGBoost,18.0,50.0,1.0,1.0,1,0,0,7971,1,1,7972
A_local_only,RandomForest,19.0,50.0,0.5,1.0,1,1,0,7970,1,2,7972
A_local_only,XGBoost,19.0,50.0,0.5,1.0,1,1,0,7970,1,2,7972
B_local_plus_neighbours,RandomForest,19.0,50.0,0.0,0.0,0,1,1,7970,1,1,7972
B_local_plus_neighbours,XGBoost,19.0,50.0,1.0,1.0,1,0,0,7971,1,1,7972
C_neighbours_plus_traffic,RandomForest,19.0,50.0,0.0,0.0,0,1,1,7970,1,1,7972
C_neighbours_plus_traffic,XGBoost,19.0,50.0,0.5,1.0,1,1,0,7970,1,2,7972
A_local_only,RandomForest,20.0,50.0,0.5,1.0,1,1,0,7970,1,2,7972
A_local_only,XGBoost,20.0,50.0,0.5,1.0,1,1,0,7970,1,2,7972
B_local_plus_neighbours,RandomForest,20.0,50.0,0.5,1.0,1,1,0,7970,1,2,7972
B_local_plus_neighbours,XGBoost,20.0,50.0,,0.0,0,0,1,7971,1,0,7972
C_neighbours_plus_traffic,RandomForest,20.0,50.0,0.0,0.0,0,1,1,7970,1,1,7972
C_neighbours_plus_traffic,XGBoost,20.0,50.0,1.0,1.0,1,0,0,7971,1,1,7972
A_local_only,RandomForest,21.0,50.0,0.5,1.0,1,1,0,7970,1,2,7972
A_local_only,XGBoost,21.0,50.0,0.5,1.0,1,1,0,7970,1,2,7972
B_local_plus_neighbours,RandomForest,21.0,50.0,0.0,0.0,0,1,1,7970,1,1,7972
B_local_plus_neighbours,XGBoost,21.0,50.0,,0.0,0,0,1,7971,1,0,7972
C_neighbours_plus_traffic,RandomForest,21.0,50.0,0.0,0.0,0,1,1,7970,1,1,7972
C_neighbours_plus_traffic,XGBoost,21.0,50.0,,0.0,0,0,1,7971,1,0,7972
A_local_only,RandomForest,22.0,50.0,0.5,1.0,1,1,0,7970,1,2,7972
A_local_only,XGBoost,22.0,50.0,0.5,1.0,1,1,0,7970,1,2,7972
B_local_plus_neighbours,RandomForest,22.0,50.0,0.0,0.0,0,1,1,7970,1,1,7972
B_local_plus_neighbours,XGBoost,22.0,50.0,,0.0,0,0,1,7971,1,0,7972
C_neighbours_plus_traffic,RandomForest,22.0,50.0,0.0,0.0,0,1,1,7970,1,1,7972
C_neighbours_plus_traffic,XGBoost,22.0,50.0,,0.0,0,0,1,7971,1,0,7972
A_local_only,RandomForest,23.0,50.0,0.5,1.0,1,1,0,7970,1,2,7972
A_local_only,XGBoost,23.0,50.0,0.5,1.0,1,1,0,7970,1,2,7972
B_local_plus_neighbours,RandomForest,23.0,50.0,0.5,1.0,1,1,0,7970,1,2,7972
B_local_plus_neighbours,XGBoost,23.0,50.0,0.0,0.0,0,1,1,7970,1,1,7972
C_neighbours_plus_traffic,RandomForest,23.0,50.0,0.0,0.0,0,1,1,7970,1,1,7972
C_neighbours_plus_traffic,XGBoost,23.0,50.0,0.5,1.0,1,1,0,7970,1,2,7972
A_local_only,RandomForest,24.0,50.0,0.0,0.0,0,1,1,7970,1,1,7972
A_local_only,XGBoost,24.0,50.0,0.5,1.0,1,1,0,7970,1,2,7972
B_local_plus_neighbours,RandomForest,24.0,50.0,0.5,1.0,1,1,0,7970,1,2,7972
B_local_plus_neighbours,XGBoost,24.0,50.0,1.0,1.0,1,0,0,7971,1,1,7972
C_neighbours_plus_traffic,RandomForest,24.0,50.0,0.0,0.0,0,1,1,7970,1,1,7972
C_neighbours_plus_traffic,XGBoost,24.0,50.0,1.0,1.0,1,0,0,7971,1,1,7972
A_local_only,RandomForest,25.0,50.0,0.5,1.0,1,1,0,7970,1,2,7972
A_local_only,XGBoost,25.0,50.0,0.5,1.0,1,1,0,7970,1,2,7972
B_local_plus_neighbours,RandomForest,25.0,50.0,0.0,0.0,0,1,1,7970,1,1,7972
B_local_plus_neighbours,XGBoost,25.0,50.0,0.0,0.0,0,1,1,7970,1,1,7972
C_neighbours_plus_traffic,RandomForest,25.0,50.0,0.5,1.0,1,1,0,7970,1,2,7972
C_neighbours_plus_traffic,XGBoost,25.0,50.0,1.0,1.0,1,0,0,7971,1,1,7972
A_local_only,RandomForest,26.0,50.0,0.5,1.0,1,1,0,7970,1,2,7972
A_local_only,XGBoost,26.0,50.0,0.5,1.0,1,1,0,7970,1,2,7972
B_local_plus_neighbours,RandomForest,26.0,50.0,0.5,1.0,1,1,0,7970,1,2,7972
B_local_plus_neighbours,XGBoost,26.0,50.0,,0.0,0,0,1,7971,1,0,7972
C_neighbours_plus_traffic,RandomForest,26.0,50.0,0.0,0.0,0,1,1,7970,1,1,7972
C_neighbours_plus_traffic,XGBoost,26.0,50.0,,0.0,0,0,1,7971,1,0,7972
A_local_only,RandomForest,27.0,50.0,0.5,1.0,1,1,0,7970,1,2,7972
A_local_only,XGBoost,27.0,50.0,0.0,0.0,0,1,1,7970,1,1,7972
B_local_plus_neighbours,RandomForest,27.0,50.0,0.5,1.0,1,1,0,7970,1,2,7972
B_local_plus_neighbours,XGBoost,27.0,50.0,1.0,1.0,1,0,0,7971,1,1,7972
C_neighbours_plus_traffic,RandomForest,27.0,50.0,0.5,1.0,1,1,0,7970,1,2,7972
C_neighbours_plus_traffic,XGBoost,27.0,50.0,1.0,1.0,1,0,0,7971,1,1,7972
A_local_only,RandomForest,28.0,50.0,0.5,1.0,1,1,0,7970,1,2,7972
A_local_only,XGBoost,28.0,50.0,0.0,0.0,0,1,1,7970,1,1,7972
B_local_plus_neighbours,RandomForest,28.0,50.0,0.0,0.0,0,1,1,7970,1,1,7972
B_local_plus_neighbours,XGBoost,28.0,50.0,,0.0,0,0,1,7971,1,0,7972
C_neighbours_plus_traffic,RandomForest,28.0,50.0,0.0,0.0,0,1,1,7970,1,1,7972
C_neighbours_plus_traffic,XGBoost,28.0,50.0,0.0,0.0,0,1,1,7970,1,1,7972
A_local_only,RandomForest,29.0,50.0,0.5,1.0,1,1,0,7970,1,2,7972
A_local_only,XGBoost,29.0,50.0,0.5,1.0,1,1,0,7970,1,2,7972
B_local_plus_neighbours,RandomForest,29.0,50.0,0.0,0.0,0,1,1,7970,1,1,7972
B_local_plus_neighbours,XGBoost,29.0,50.0,1.0,1.0,1,0,0,7971,1,1,7972
C_neighbours_plus_traffic,RandomForest,29.0,50.0,0.0,0.0,0,1,1,7970,1,1,7972
C_neighbours_plus_traffic,XGBoost,29.0,50.0,1.0,1.0,1,0,0,7971,1,1,7972
A_local_only,RandomForest,30.0,50.0,0.5,1.0,1,1,0,7970,1,2,7972
A_local_only,XGBoost,30.0,50.0,0.5,1.0,1,1,0,7970,1,2,7972
B_local_plus_neighbours,RandomForest,30.0,50.0,0.0,0.0,0,1,1,7970,1,1,7972
B_local_plus_neighbours,XGBoost,30.0,50.0,,0.0,0,0,1,7971,1,0,7972
C_neighbours_plus_traffic,RandomForest,30.0,50.0,0.0,0.0,0,1,1,7970,1,1,7972
C_neighbours_plus_traffic,XGBoost,30.0,50.0,1.0,1.0,1,0,0,7971,1,1,7972
A_local_only,LSTM,1.0,50.0,0.3333333333333333,1.0,1,2,0,7946,1,3,7949
A_local_only,LSTM,2.0,50.0,0.5,1.0,1,1,0,7947,1,2,7949
A_local_only,LSTM,3.0,50.0,1.0,1.0,1,0,0,7948,1,1,7949
A_local_only,LSTM,4.0,50.0,0.3333333333333333,1.0,1,2,0,7946,1,3,7949
A_local_only,LSTM,5.0,50.0,1.0,1.0,1,0,0,7948,1,1,7949
A_local_only,LSTM,6.0,50.0,0.5,1.0,1,1,0,7947,1,2,7949
A_local_only,LSTM,7.0,50.0,0.5,1.0,1,1,0,7947,1,2,7949
A_local_only,LSTM,8.0,50.0,0.5,1.0,1,1,0,7947,1,2,7949
A_local_only,LSTM,9.0,50.0,0.3333333333333333,1.0,1,2,0,7946,1,3,7949
A_local_only,LSTM,10.0,50.0,0.5,1.0,1,1,0,7947,1,2,7949
A_local_only,LSTM,11.0,50.0,0.3333333333333333,1.0,1,2,0,7946,1,3,7949
A_local_only,LSTM,12.0,50.0,0.5,1.0,1,1,0,7947,1,2,7949
A_local_only,LSTM,13.0,50.0,0.3333333333333333,1.0,1,2,0,7946,1,3,7949
A_local_only,LSTM,14.0,50.0,0.5,1.0,1,1,0,7947,1,2,7949
A_local_only,LSTM,15.0,50.0,0.25,1.0,1,3,0,7945,1,4,7949
A_local_only,LSTM,16.0,50.0,1.0,1.0,1,0,0,7948,1,1,7949
A_local_only,LSTM,17.0,50.0,1.0,1.0,1,0,0,7948,1,1,7949
A_local_only,LSTM,18.0,50.0,0.5,1.0,1,1,0,7947,1,2,7949
A_local_only,LSTM,19.0,50.0,0.25,1.0,1,3,0,7945,1,4,7949
A_local_only,LSTM,20.0,50.0,0.5,1.0,1,1,0,7947,1,2,7949
A_local_only,LSTM,21.0,50.0,0.0,0.0,0,1,1,7947,1,1,7949
A_local_only,LSTM,22.0,50.0,0.5,1.0,1,1,0,7947,1,2,7949
A_local_only,LSTM,23.0,50.0,0.3333333333333333,1.0,1,2,0,7946,1,3,7949
A_local_only,LSTM,24.0,50.0,1.0,1.0,1,0,0,7948,1,1,7949
A_local_only,LSTM,25.0,50.0,0.5,1.0,1,1,0,7947,1,2,7949
A_local_only,LSTM,26.0,50.0,1.0,1.0,1,0,0,7948,1,1,7949
A_local_only,LSTM,27.0,50.0,0.5,1.0,1,1,0,7947,1,2,7949
A_local_only,LSTM,28.0,50.0,0.5,1.0,1,1,0,7947,1,2,7949
A_local_only,LSTM,29.0,50.0,0.5,1.0,1,1,0,7947,1,2,7949
A_local_only,LSTM,30.0,50.0,0.3333333333333333,1.0,1,2,0,7946,1,3,7949
A_local_only,GRU,1.0,50.0,0.25,1.0,1,3,0,7945,1,4,7949
A_local_only,GRU,2.0,50.0,,0.0,0,0,1,7948,1,0,7949
A_local_only,GRU,3.0,50.0,1.0,1.0,1,0,0,7948,1,1,7949
A_local_only,GRU,4.0,50.0,0.25,1.0,1,3,0,7945,1,4,7949
A_local_only,GRU,5.0,50.0,,0.0,0,0,1,7948,1,0,7949
A_local_only,GRU,6.0,50.0,0.3333333333333333,1.0,1,2,0,7946,1,3,7949
A_local_only,GRU,7.0,50.0,0.3333333333333333,1.0,1,2,0,7946,1,3,7949
A_local_only,GRU,8.0,50.0,0.5,1.0,1,1,0,7947,1,2,7949
A_local_only,GRU,9.0,50.0,0.0,0.0,0,2,1,7946,1,2,7949
A_local_only,GRU,10.0,50.0,,0.0,0,0,1,7948,1,0,7949
A_local_only,GRU,11.0,50.0,,0.0,0,0,1,7948,1,0,7949
A_local_only,GRU,12.0,50.0,1.0,1.0,1,0,0,7948,1,1,7949
A_local_only,GRU,13.0,50.0,0.3333333333333333,1.0,1,2,0,7946,1,3,7949
A_local_only,GRU,14.0,50.0,0.5,1.0,1,1,0,7947,1,2,7949
A_local_only,GRU,15.0,50.0,0.3333333333333333,1.0,1,2,0,7946,1,3,7949
A_local_only,GRU,16.0,50.0,0.3333333333333333,1.0,1,2,0,7946,1,3,7949
A_local_only,GRU,17.0,50.0,1.0,1.0,1,0,0,7948,1,1,7949
A_local_only,GRU,18.0,50.0,0.25,1.0,1,3,0,7945,1,4,7949
A_local_only,GRU,19.0,50.0,0.5,1.0,1,1,0,7947,1,2,7949
A_local_only,GRU,20.0,50.0,0.2,1.0,1,4,0,7944,1,5,7949
A_local_only,GRU,21.0,50.0,0.0,0.0,0,2,1,7946,1,2,7949
A_local_only,GRU,22.0,50.0,0.25,1.0,1,3,0,7945,1,4,7949
A_local_only,GRU,23.0,50.0,0.5,1.0,1,1,0,7947,1,2,7949
A_local_only,GRU,24.0,50.0,0.5,1.0,1,1,0,7947,1,2,7949
A_local_only,GRU,25.0,50.0,0.3333333333333333,1.0,1,2,0,7946,1,3,7949
A_local_only,GRU,26.0,50.0,1.0,1.0,1,0,0,7948,1,1,7949
A_local_only,GRU,27.0,50.0,0.5,1.0,1,1,0,7947,1,2,7949
A_local_only,GRU,28.0,50.0,0.0,0.0,0,2,1,7946,1,2,7949
A_local_only,GRU,29.0,50.0,0.3333333333333333,1.0,1,2,0,7946,1,3,7949
A_local_only,GRU,30.0,50.0,0.2,1.0,1,4,0,7944,1,5,7949
B_local_plus_neighbours,LSTM,1.0,50.0,0.3333333333333333,1.0,1,2,0,7946,1,3,7949
B_local_plus_neighbours,LSTM,2.0,50.0,1.0,1.0,1,0,0,7948,1,1,7949
B_local_plus_neighbours,LSTM,3.0,50.0,0.0,0.0,0,2,1,7946,1,2,7949
B_local_plus_neighbours,LSTM,4.0,50.0,1.0,1.0,1,0,0,7948,1,1,7949
B_local_plus_neighbours,LSTM,5.0,50.0,0.2,1.0,1,4,0,7944,1,5,7949
B_local_plus_neighbours,LSTM,6.0,50.0,,0.0,0,0,1,7948,1,0,7949
B_local_plus_neighbours,LSTM,7.0,50.0,0.0,0.0,0,1,1,7947,1,1,7949
B_local_plus_neighbours,LSTM,8.0,50.0,0.5,1.0,1,1,0,7947,1,2,7949
B_local_plus_neighbours,LSTM,9.0,50.0,0.5,1.0,1,1,0,7947,1,2,7949
B_local_plus_neighbours,LSTM,10.0,50.0,,0.0,0,0,1,7948,1,0,7949
B_local_plus_neighbours,LSTM,11.0,50.0,,0.0,0,0,1,7948,1,0,7949
B_local_plus_neighbours,LSTM,12.0,50.0,0.3333333333333333,1.0,1,2,0,7946,1,3,7949
B_local_plus_neighbours,LSTM,13.0,50.0,0.3333333333333333,1.0,1,2,0,7946,1,3,7949
B_local_plus_neighbours,LSTM,14.0,50.0,0.25,1.0,1,3,0,7945,1,4,7949
B_local_plus_neighbours,LSTM,15.0,50.0,1.0,1.0,1,0,0,7948,1,1,7949
B_local_plus_neighbours,LSTM,16.0,50.0,0.0,0.0,0,2,1,7946,1,2,7949
B_local_plus_neighbours,LSTM,17.0,50.0,1.0,1.0,1,0,0,7948,1,1,7949
B_local_plus_neighbours,LSTM,18.0,50.0,,0.0,0,0,1,7948,1,0,7949
B_local_plus_neighbours,LSTM,19.0,50.0,0.3333333333333333,1.0,1,2,0,7946,1,3,7949
B_local_plus_neighbours,LSTM,20.0,50.0,,0.0,0,0,1,7948,1,0,7949
B_local_plus_neighbours,LSTM,21.0,50.0,1.0,1.0,1,0,0,7948,1,1,7949
B_local_plus_neighbours,LSTM,22.0,50.0,0.5,1.0,1,1,0,7947,1,2,7949
B_local_plus_neighbours,LSTM,23.0,50.0,0.0,0.0,0,1,1,7947,1,1,7949
B_local_plus_neighbours,LSTM,24.0,50.0,0.5,1.0,1,1,0,7947,1,2,7949
B_local_plus_neighbours,LSTM,25.0,50.0,0.5,1.0,1,1,0,7947,1,2,7949
B_local_plus_neighbours,LSTM,26.0,50.0,,0.0,0,0,1,7948,1,0,7949
B_local_plus_neighbours,LSTM,27.0,50.0,0.5,1.0,1,1,0,7947,1,2,7949
B_local_plus_neighbours,LSTM,28.0,50.0,0.5,1.0,1,1,0,7947,1,2,7949
B_local_plus_neighbours,LSTM,29.0,50.0,1.0,1.0,1,0,0,7948,1,1,7949
B_local_plus_neighbours,LSTM,30.0,50.0,1.0,1.0,1,0,0,7948,1,1,7949
B_local_plus_neighbours,GRU,1.0,50.0,,0.0,0,0,1,7948,1,0,7949
B_local_plus_neighbours,GRU,2.0,50.0,,0.0,0,0,1,7948,1,0,7949
B_local_plus_neighbours,GRU,3.0,50.0,0.25,1.0,1,3,0,7945,1,4,7949
B_local_plus_neighbours,GRU,4.0,50.0,0.0,0.0,0,1,1,7947,1,1,7949
B_local_plus_neighbours,GRU,5.0,50.0,0.0,0.0,0,1,1,7947,1,1,7949
B_local_plus_neighbours,GRU,6.0,50.0,0.5,1.0,1,1,0,7947,1,2,7949
B_local_plus_neighbours,GRU,7.0,50.0,,0.0,0,0,1,7948,1,0,7949
B_local_plus_neighbours,GRU,8.0,50.0,,0.0,0,0,1,7948,1,0,7949
B_local_plus_neighbours,GRU,9.0,50.0,0.0,0.0,0,1,1,7947,1,1,7949
B_local_plus_neighbours,GRU,10.0,50.0,0.0,0.0,0,1,1,7947,1,1,7949
B_local_plus_neighbours,GRU,11.0,50.0,0.5,1.0,1,1,0,7947,1,2,7949
B_local_plus_neighbours,GRU,12.0,50.0,1.0,1.0,1,0,0,7948,1,1,7949
B_local_plus_neighbours,GRU,13.0,50.0,0.25,1.0,1,3,0,7945,1,4,7949
B_local_plus_neighbours,GRU,14.0,50.0,,0.0,0,0,1,7948,1,0,7949
B_local_plus_neighbours,GRU,15.0,50.0,0.3333333333333333,1.0,1,2,0,7946,1,3,7949
B_local_plus_neighbours,GRU,16.0,50.0,,0.0,0,0,1,7948,1,0,7949
B_local_plus_neighbours,GRU,17.0,50.0,0.0,0.0,0,1,1,7947,1,1,7949
B_local_plus_neighbours,GRU,18.0,50.0,0.0,0.0,0,1,1,7947,1,1,7949
B_local_plus_neighbours,GRU,19.0,50.0,,0.0,0,0,1,7948,1,0,7949
B_local_plus_neighbours,GRU,20.0,50.0,,0.0,0,0,1,7948,1,0,7949
B_local_plus_neighbours,GRU,21.0,50.0,,0.0,0,0,1,7948,1,0,7949
B_local_plus_neighbours,GRU,22.0,50.0,,0.0,0,0,1,7948,1,0,7949
B_local_plus_neighbours,GRU,23.0,50.0,0.0,0.0,0,1,1,7947,1,1,7949
B_local_plus_neighbours,GRU,24.0,50.0,0.0,0.0,0,1,1,7947,1,1,7949
B_local_plus_neighbours,GRU,25.0,50.0,1.0,1.0,1,0,0,7948,1,1,7949
B_local_plus_neighbours,GRU,26.0,50.0,,0.0,0,0,1,7948,1,0,7949
B_local_plus_neighbours,GRU,27.0,50.0,,0.0,0,0,1,7948,1,0,7949
B_local_plus_neighbours,GRU,28.0,50.0,0.0,0.0,0,1,1,7947,1,1,7949
B_local_plus_neighbours,GRU,29.0,50.0,0.0,0.0,0,1,1,7947,1,1,7949
B_local_plus_neighbours,GRU,30.0,50.0,0.0,0.0,0,1,1,7947,1,1,7949
C_neighbours_plus_traffic,LSTM,1.0,50.0,0.3333333333333333,1.0,1,2,0,7946,1,3,7949
C_neighbours_plus_traffic,LSTM,2.0,50.0,1.0,1.0,1,0,0,7948,1,1,7949
C_neighbours_plus_traffic,LSTM,3.0,50.0,0.0,0.0,0,1,1,7947,1,1,7949
C_neighbours_plus_traffic,LSTM,4.0,50.0,,0.0,0,0,1,7948,1,0,7949
C_neighbours_plus_traffic,LSTM,5.0,50.0,,0.0,0,0,1,7948,1,0,7949
C_neighbours_plus_traffic,LSTM,6.0,50.0,,0.0,0,0,1,7948,1,0,7949
C_neighbours_plus_traffic,LSTM,7.0,50.0,1.0,1.0,1,0,0,7948,1,1,7949
C_neighbours_plus_traffic,LSTM,8.0,50.0,0.0,0.0,0,1,1,7947,1,1,7949
C_neighbours_plus_traffic,LSTM,9.0,50.0,0.0,0.0,0,1,1,7947,1,1,7949
C_neighbours_plus_traffic,LSTM,10.0,50.0,,0.0,0,0,1,7948,1,0,7949
C_neighbours_plus_traffic,LSTM,11.0,50.0,0.0,0.0,0,2,1,7946,1,2,7949
C_neighbours_plus_traffic,LSTM,12.0,50.0,0.0,0.0,0,1,1,7947,1,1,7949
C_neighbours_plus_traffic,LSTM,13.0,50.0,0.0,0.0,0,1,1,7947,1,1,7949
C_neighbours_plus_traffic,LSTM,14.0,50.0,,0.0,0,0,1,7948,1,0,7949
C_neighbours_plus_traffic,LSTM,15.0,50.0,0.5,1.0,1,1,0,7947,1,2,7949
C_neighbours_plus_traffic,LSTM,16.0,50.0,,0.0,0,0,1,7948,1,0,7949
C_neighbours_plus_traffic,LSTM,17.0,50.0,,0.0,0,0,1,7948,1,0,7949
C_neighbours_plus_traffic,LSTM,18.0,50.0,0.3333333333333333,1.0,1,2,0,7946,1,3,7949
C_neighbours_plus_traffic,LSTM,19.0,50.0,0.5,1.0,1,1,0,7947,1,2,7949
C_neighbours_plus_traffic,LSTM,20.0,50.0,0.0,0.0,0,1,1,7947,1,1,7949
C_neighbours_plus_traffic,LSTM,21.0,50.0,0.0,0.0,0,1,1,7947,1,1,7949
C_neighbours_plus_traffic,LSTM,22.0,50.0,0.5,1.0,1,1,0,7947,1,2,7949
C_neighbours_plus_traffic,LSTM,23.0,50.0,,0.0,0,0,1,7948,1,0,7949
C_neighbours_plus_traffic,LSTM,24.0,50.0,0.0,0.0,0,1,1,7947,1,1,7949
C_neighbours_plus_traffic,LSTM,25.0,50.0,1.0,1.0,1,0,0,7948,1,1,7949
C_neighbours_plus_traffic,LSTM,26.0,50.0,0.3333333333333333,1.0,1,2,0,7946,1,3,7949
C_neighbours_plus_traffic,LSTM,27.0,50.0,,0.0,0,0,1,7948,1,0,7949
C_neighbours_plus_traffic,LSTM,28.0,50.0,,0.0,0,0,1,7948,1,0,7949
C_neighbours_plus_traffic,LSTM,29.0,50.0,,0.0,0,0,1,7948,1,0,7949
C_neighbours_plus_traffic,LSTM,30.0,50.0,,0.0,0,0,1,7948,1,0,7949
C_neighbours_plus_traffic,GRU,1.0,50.0,0.0,0.0,0,1,1,7947,1,1,7949
C_neighbours_plus_traffic,GRU,2.0,50.0,0.0,0.0,0,1,1,7947,1,1,7949
C_neighbours_plus_traffic,GRU,3.0,50.0,,0.0,0,0,1,7948,1,0,7949
C_neighbours_plus_traffic,GRU,4.0,50.0,0.0,0.0,0,4,1,7944,1,4,7949
C_neighbours_plus_traffic,GRU,5.0,50.0,0.5,1.0,1,1,0,7947,1,2,7949
C_neighbours_plus_traffic,GRU,6.0,50.0,,0.0,0,0,1,7948,1,0,7949
C_neighbours_plus_traffic,GRU,7.0,50.0,,0.0,0,0,1,7948,1,0,7949
C_neighbours_plus_traffic,GRU,8.0,50.0,0.0,0.0,0,2,1,7946,1,2,7949
C_neighbours_plus_traffic,GRU,9.0,50.0,0.0,0.0,0,1,1,7947,1,1,7949
C_neighbours_plus_traffic,GRU,10.0,50.0,,0.0,0,0,1,7948,1,0,7949
C_neighbours_plus_traffic,GRU,11.0,50.0,0.0,0.0,0,1,1,7947,1,1,7949
C_neighbours_plus_traffic,GRU,12.0,50.0,1.0,1.0,1,0,0,7948,1,1,7949
C_neighbours_plus_traffic,GRU,13.0,50.0,,0.0,0,0,1,7948,1,0,7949
C_neighbours_plus_traffic,GRU,14.0,50.0,0.0,0.0,0,1,1,7947,1,1,7949
C_neighbours_plus_traffic,GRU,15.0,50.0,0.0,0.0,0,1,1,7947,1,1,7949
C_neighbours_plus_traffic,GRU,16.0,50.0,0.0,0.0,0,1,1,7947,1,1,7949
C_neighbours_plus_traffic,GRU,17.0,50.0,0.0,0.0,0,1,1,7947,1,1,7949
C_neighbours_plus_traffic,GRU,18.0,50.0,0.0,0.0,0,2,1,7946,1,2,7949
C_neighbours_plus_traffic,GRU,19.0,50.0,,0.0,0,0,1,7948,1,0,7949
C_neighbours_plus_traffic,GRU,20.0,50.0,,0.0,0,0,1,7948,1,0,7949
C_neighbours_plus_traffic,GRU,21.0,50.0,1.0,1.0,1,0,0,7948,1,1,7949
C_neighbours_plus_traffic,GRU,22.0,50.0,,0.0,0,0,1,7948,1,0,7949
C_neighbours_plus_traffic,GRU,23.0,50.0,0.0,0.0,0,1,1,7947,1,1,7949
C_neighbours_plus_traffic,GRU,24.0,50.0,,0.0,0,0,1,7948,1,0,7949
C_neighbours_plus_traffic,GRU,25.0,50.0,,0.0,0,0,1,7948,1,0,7949
C_neighbours_plus_traffic,GRU,26.0,50.0,,0.0,0,0,1,7948,1,0,7949
C_neighbours_plus_traffic,GRU,27.0,50.0,0.0,0.0,0,1,1,7947,1,1,7949
C_neighbours_plus_traffic,GRU,28.0,50.0,0.0,0.0,0,1,1,7947,1,1,7949
C_neighbours_plus_traffic,GRU,29.0,50.0,0.0,0.0,0,1,1,7947,1,1,7949
C_neighbours_plus_traffic,GRU,30.0,50.0,0.0,0.0,0,1,1,7947,1,1,7949
A_local_only,Hybrid_RF_ARIMA,1.0,50.0,0.5,1.0,1,1,0,7970,1,2,7972
B_local_plus_neighbours,Hybrid_RF_ARIMA,1.0,50.0,0.0,0.0,0,1,1,7970,1,1,7972
C_neighbours_plus_traffic,Hybrid_RF_ARIMA,1.0,50.0,0.0,0.0,0,1,1,7970,1,1,7972
A_local_only,Hybrid_RF_ARIMA,2.0,50.0,0.5,1.0,1,1,0,7970,1,2,7972
B_local_plus_neighbours,Hybrid_RF_ARIMA,2.0,50.0,0.0,0.0,0,1,1,7970,1,1,7972
C_neighbours_plus_traffic,Hybrid_RF_ARIMA,2.0,50.0,0.0,0.0,0,1,1,7970,1,1,7972
A_local_only,Hybrid_RF_ARIMA,3.0,50.0,0.5,1.0,1,1,0,7970,1,2,7972
B_local_plus_neighbours,Hybrid_RF_ARIMA,3.0,50.0,0.5,1.0,1,1,0,7970,1,2,7972
C_neighbours_plus_traffic,Hybrid_RF_ARIMA,3.0,50.0,0.0,0.0,0,1,1,7970,1,1,7972
A_local_only,Hybrid_RF_ARIMA,4.0,50.0,0.5,1.0,1,1,0,7970,1,2,7972
B_local_plus_neighbours,Hybrid_RF_ARIMA,4.0,50.0,0.0,0.0,0,1,1,7970,1,1,7972
C_neighbours_plus_traffic,Hybrid_RF_ARIMA,4.0,50.0,0.5,1.0,1,1,0,7970,1,2,7972
A_local_only,Hybrid_RF_ARIMA,5.0,50.0,0.5,1.0,1,1,0,7970,1,2,7972
B_local_plus_neighbours,Hybrid_RF_ARIMA,5.0,50.0,0.0,0.0,0,1,1,7970,1,1,7972
C_neighbours_plus_traffic,Hybrid_RF_ARIMA,5.0,50.0,0.5,1.0,1,1,0,7970,1,2,7972
A_local_only,Hybrid_RF_ARIMA,6.0,50.0,0.5,1.0,1,1,0,7970,1,2,7972
B_local_plus_neighbours,Hybrid_RF_ARIMA,6.0,50.0,0.5,1.0,1,1,0,7970,1,2,7972
C_neighbours_plus_traffic,Hybrid_RF_ARIMA,6.0,50.0,0.0,0.0,0,1,1,7970,1,1,7972
A_local_only,Hybrid_RF_ARIMA,7.0,50.0,0.5,1.0,1,1,0,7970,1,2,7972
B_local_plus_neighbours,Hybrid_RF_ARIMA,7.0,50.0,0.0,0.0,0,1,1,7970,1,1,7972
C_neighbours_plus_traffic,Hybrid_RF_ARIMA,7.0,50.0,0.0,0.0,0,1,1,7970,1,1,7972
A_local_only,Hybrid_RF_ARIMA,8.0,50.0,0.5,1.0,1,1,0,7970,1,2,7972
B_local_plus_neighbours,Hybrid_RF_ARIMA,8.0,50.0,0.0,0.0,0,1,1,7970,1,1,7972
C_neighbours_plus_traffic,Hybrid_RF_ARIMA,8.0,50.0,0.0,0.0,0,1,1,7970,1,1,7972
A_local_only,Hybrid_RF_ARIMA,9.0,50.0,0.5,1.0,1,1,0,7970,1,2,7972
B_local_plus_neighbours,Hybrid_RF_ARIMA,9.0,50.0,0.0,0.0,0,1,1,7970,1,1,7972
C_neighbours_plus_traffic,Hybrid_RF_ARIMA,9.0,50.0,0.0,0.0,0,1,1,7970,1,1,7972
A_local_only,Hybrid_RF_ARIMA,10.0,50.0,0.5,1.0,1,1,0,7970,1,2,7972
B_local_plus_neighbours,Hybrid_RF_ARIMA,10.0,50.0,0.0,0.0,0,1,1,7970,1,1,7972
C_neighbours_plus_traffic,Hybrid_RF_ARIMA,10.0,50.0,0.0,0.0,0,1,1,7970,1,1,7972
A_local_only,Hybrid_RF_ARIMA,11.0,50.0,0.5,1.0,1,1,0,7970,1,2,7972
B_local_plus_neighbours,Hybrid_RF_ARIMA,11.0,50.0,0.0,0.0,0,1,1,7970,1,1,7972
C_neighbours_plus_traffic,Hybrid_RF_ARIMA,11.0,50.0,0.0,0.0,0,1,1,7970,1,1,7972
A_local_only,Hybrid_RF_ARIMA,12.0,50.0,0.5,1.0,1,1,0,7970,1,2,7972
B_local_plus_neighbours,Hybrid_RF_ARIMA,12.0,50.0,,0.0,0,0,1,7971,1,0,7972
C_neighbours_plus_traffic,Hybrid_RF_ARIMA,12.0,50.0,0.5,1.0,1,1,0,7970,1,2,7972
A_local_only,Hybrid_RF_ARIMA,13.0,50.0,0.5,1.0,1,1,0,7970,1,2,7972
B_local_plus_neighbours,Hybrid_RF_ARIMA,13.0,50.0,0.0,0.0,0,1,1,7970,1,1,7972
C_neighbours_plus_traffic,Hybrid_RF_ARIMA,13.0,50.0,0.0,0.0,0,1,1,7970,1,1,7972
A_local_only,Hybrid_RF_ARIMA,14.0,50.0,0.5,1.0,1,1,0,7970,1,2,7972
B_local_plus_neighbours,Hybrid_RF_ARIMA,14.0,50.0,0.5,1.0,1,1,0,7970,1,2,7972
C_neighbours_plus_traffic,Hybrid_RF_ARIMA,14.0,50.0,0.0,0.0,0,1,1,7970,1,1,7972
A_local_only,Hybrid_RF_ARIMA,15.0,50.0,0.5,1.0,1,1,0,7970,1,2,7972
B_local_plus_neighbours,Hybrid_RF_ARIMA,15.0,50.0,0.5,1.0,1,1,0,7970,1,2,7972
C_neighbours_plus_traffic,Hybrid_RF_ARIMA,15.0,50.0,0.0,0.0,0,1,1,7970,1,1,7972
A_local_only,Hybrid_RF_ARIMA,16.0,50.0,0.5,1.0,1,1,0,7970,1,2,7972
B_local_plus_neighbours,Hybrid_RF_ARIMA,16.0,50.0,0.0,0.0,0,1,1,7970,1,1,7972
C_neighbours_plus_traffic,Hybrid_RF_ARIMA,16.0,50.0,0.0,0.0,0,1,1,7970,1,1,7972
A_local_only,Hybrid_RF_ARIMA,17.0,50.0,0.5,1.0,1,1,0,7970,1,2,7972
B_local_plus_neighbours,Hybrid_RF_ARIMA,17.0,50.0,0.0,0.0,0,1,1,7970,1,1,7972
C_neighbours_plus_traffic,Hybrid_RF_ARIMA,17.0,50.0,0.0,0.0,0,1,1,7970,1,1,7972
A_local_only,Hybrid_RF_ARIMA,18.0,50.0,0.5,1.0,1,1,0,7970,1,2,7972
B_local_plus_neighbours,Hybrid_RF_ARIMA,18.0,50.0,0.5,1.0,1,1,0,7970,1,2,7972
C_neighbours_plus_traffic,Hybrid_RF_ARIMA,18.0,50.0,0.5,1.0,1,1,0,7970,1,2,7972
A_local_only,Hybrid_RF_ARIMA,19.0,50.0,0.5,1.0,1,1,0,7970,1,2,7972
B_local_plus_neighbours,Hybrid_RF_ARIMA,19.0,50.0,0.0,0.0,0,1,1,7970,1,1,7972
C_neighbours_plus_traffic,Hybrid_RF_ARIMA,19.0,50.0,0.0,0.0,0,1,1,7970,1,1,7972
A_local_only,Hybrid_RF_ARIMA,20.0,50.0,0.5,1.0,1,1,0,7970,1,2,7972
B_local_plus_neighbours,Hybrid_RF_ARIMA,20.0,50.0,0.5,1.0,1,1,0,7970,1,2,7972
C_neighbours_plus_traffic,Hybrid_RF_ARIMA,20.0,50.0,0.0,0.0,0,1,1,7970,1,1,7972
A_local_only,Hybrid_RF_ARIMA,21.0,50.0,0.5,1.0,1,1,0,7970,1,2,7972
B_local_plus_neighbours,Hybrid_RF_ARIMA,21.0,50.0,0.0,0.0,0,1,1,7970,1,1,7972
C_neighbours_plus_traffic,Hybrid_RF_ARIMA,21.0,50.0,0.0,0.0,0,1,1,7970,1,1,7972
A_local_only,Hybrid_RF_ARIMA,22.0,50.0,0.5,1.0,1,1,0,7970,1,2,7972
B_local_plus_neighbours,Hybrid_RF_ARIMA,22.0,50.0,0.0,0.0,0,1,1,7970,1,1,7972
C_neighbours_plus_traffic,Hybrid_RF_ARIMA,22.0,50.0,0.0,0.0,0,1,1,7970,1,1,7972
A_local_only,Hybrid_RF_ARIMA,23.0,50.0,0.5,1.0,1,1,0,7970,1,2,7972
B_local_plus_neighbours,Hybrid_RF_ARIMA,23.0,50.0,0.5,1.0,1,1,0,7970,1,2,7972
C_neighbours_plus_traffic,Hybrid_RF_ARIMA,23.0,50.0,0.0,0.0,0,1,1,7970,1,1,7972
A_local_only,Hybrid_RF_ARIMA,24.0,50.0,0.0,0.0,0,1,1,7970,1,1,7972
B_local_plus_neighbours,Hybrid_RF_ARIMA,24.0,50.0,0.5,1.0,1,1,0,7970,1,2,7972
C_neighbours_plus_traffic,Hybrid_RF_ARIMA,24.0,50.0,0.0,0.0,0,1,1,7970,1,1,7972
A_local_only,Hybrid_RF_ARIMA,25.0,50.0,0.5,1.0,1,1,0,7970,1,2,7972
B_local_plus_neighbours,Hybrid_RF_ARIMA,25.0,50.0,0.0,0.0,0,1,1,7970,1,1,7972
C_neighbours_plus_traffic,Hybrid_RF_ARIMA,25.0,50.0,0.5,1.0,1,1,0,7970,1,2,7972
A_local_only,Hybrid_RF_ARIMA,26.0,50.0,0.5,1.0,1,1,0,7970,1,2,7972
B_local_plus_neighbours,Hybrid_RF_ARIMA,26.0,50.0,0.5,1.0,1,1,0,7970,1,2,7972
C_neighbours_plus_traffic,Hybrid_RF_ARIMA,26.0,50.0,0.0,0.0,0,1,1,7970,1,1,7972
A_local_only,Hybrid_RF_ARIMA,27.0,50.0,0.5,1.0,1,1,0,7970,1,2,7972
B_local_plus_neighbours,Hybrid_RF_ARIMA,27.0,50.0,0.5,1.0,1,1,0,7970,1,2,7972
C_neighbours_plus_traffic,Hybrid_RF_ARIMA,27.0,50.0,0.5,1.0,1,1,0,7970,1,2,7972
A_local_only,Hybrid_RF_ARIMA,28.0,50.0,0.5,1.0,1,1,0,7970,1,2,7972
B_local_plus_neighbours,Hybrid_RF_ARIMA,28.0,50.0,0.0,0.0,0,1,1,7970,1,1,7972
C_neighbours_plus_traffic,Hybrid_RF_ARIMA,28.0,50.0,0.0,0.0,0,1,1,7970,1,1,7972
A_local_only,Hybrid_RF_ARIMA,29.0,50.0,0.5,1.0,1,1,0,7970,1,2,7972
B_local_plus_neighbours,Hybrid_RF_ARIMA,29.0,50.0,0.0,0.0,0,1,1,7970,1,1,7972
C_neighbours_plus_traffic,Hybrid_RF_ARIMA,29.0,50.0,0.0,0.0,0,1,1,7970,1,1,7972
A_local_only,Hybrid_RF_ARIMA,30.0,50.0,0.5,1.0,1,1,0,7970,1,2,7972
B_local_plus_neighbours,Hybrid_RF_ARIMA,30.0,50.0,0.0,0.0,0,1,1,7970,1,1,7972
C_neighbours_plus_traffic,Hybrid_RF_ARIMA,30.0,50.0,0.0,0.0,0,1,1,7970,1,1,7972
