scenario,model,Precision_mean,Precision_std,Recall_mean,Recall_std,TP_mean,FP_mean,FN_mean,TN_mean,actual_alert_hours,n_runs
A_local_only,LSTM,0.5277777777777778,0.26563497746267606,0.9666666666666667,0.18257418583505536,0.9666666666666667,1.1666666666666667,0.03333333333333333,7946.833333333333,1,30
A_local_only,Hybrid_RF_ARIMA,0.48333333333333334,0.09128709291752768,0.9666666666666667,0.18257418583505536,0.9666666666666667,1.0,0.03333333333333333,7970.0,1,30
A_local_only,RandomForest,0.48333333333333334,0.09128709291752768,0.9666666666666667,0.18257418583505536,0.9666666666666667,1.0,0.03333333333333333,7970.0,1,30
A_local_only,XGBoost,0.43333333333333335,0.1728729518208802,0.8666666666666667,0.3457459036417604,0.8666666666666667,1.0,0.13333333333333333,7970.0,1,30
A_local_only,GRU,0.4128205128205128,0.2950821991810151,0.7666666666666667,0.43018306715207627,0.7666666666666667,1.5333333333333334,0.23333333333333334,7946.466666666666,1,30
B_local_plus_neighbours,LSTM,0.5118055555555555,0.36177498433621047,0.6666666666666666,0.47946330148538413,0.6666666666666666,0.9333333333333333,0.3333333333333333,7947.066666666667,1,30
C_neighbours_plus_traffic,XGBoost,0.8823529411764706,0.2811478572691935,0.5333333333333333,0.507416263404925,0.5333333333333333,0.1,0.4666666666666667,7970.9,1,30
B_local_plus_neighbours,XGBoost,0.7333333333333333,0.416904693916396,0.4,0.49827287912243984,0.4,0.16666666666666666,0.6,7970.833333333333,1,30
B_local_plus_neighbours,Hybrid_RF_ARIMA,0.1724137931034483,0.24186264065748725,0.3333333333333333,0.47946330148538413,0.3333333333333333,0.9666666666666667,0.6666666666666666,7970.033333333334,1,30
B_local_plus_neighbours,RandomForest,0.1724137931034483,0.24186264065748725,0.3333333333333333,0.47946330148538413,0.3333333333333333,0.9666666666666667,0.6666666666666666,7970.033333333334,1,30
C_neighbours_plus_traffic,LSTM,0.3055555555555556,0.375951950761059,0.3,0.466091599699399,0.3,0.6333333333333333,0.7,7947.366666666667,1,30
B_local_plus_neighbours,GRU,0.21296296296296294,0.3360456102113796,0.23333333333333334,0.4301830671520764,0.23333333333333334,0.7,0.7666666666666667,7947.3,1,30
C_neighbours_plus_traffic,Hybrid_RF_ARIMA,0.1,0.20341905108624309,0.2,0.40683810217248617,0.2,1.0,0.8,7970.0,1,30
C_neighbours_plus_traffic,RandomForest,0.1,0.20341905108624309,0.2,0.40683810217248617,0.2,1.0,0.8,7970.0,1,30
C_neighbours_plus_traffic,GRU,0.13157894736842105,0.32668814823747494,0.1,0.30512857662936466,0.1,0.7333333333333333,0.9,7947.266666666666,1,30
COMMON_BASELINE,Persistence,0.0,,0.0,,0.0,1.0,1.0,7970.0,1,1
COMMON_BASELINE,"ARIMA(3, 1, 2)",,,0.0,,0.0,0.0,1.0,7971.0,1,1
