treatment,feature,masked_values
plain_iqr_mask_all,ROZELLE_PM25,2070
plain_iqr_mask_all,ROZELLE_PM10,1750
plain_iqr_mask_all,ROZELLE_NO2,638
plain_iqr_mask_all,ROZELLE_O3,290
plain_iqr_mask_all,ROZELLE_CO,4723
plain_iqr_mask_all,ROZELLE_TEMP,301
plain_iqr_mask_all,ROZELLE_HUMID,87
plain_iqr_mask_all,ROZELLE_WSP,469
plain_iqr_mask_all,RANDWICK_PM25,1420
plain_iqr_mask_all,RANDWICK_PM10,1763
plain_iqr_mask_all,RANDWICK_NO2,421
plain_iqr_mask_all,RANDWICK_O3,409
plain_iqr_mask_all,RANDWICK_TEMP,209
plain_iqr_mask_all,RANDWICK_HUMID,225
plain_iqr_mask_all,RANDWICK_WSP,486
plain_iqr_mask_all,LIVERPOOL_PM25,2211
plain_iqr_mask_all,LIVERPOOL_PM10,2072
plain_iqr_mask_all,LIVERPOOL_NO2,450
plain_iqr_mask_all,LIVERPOOL_O3,505
plain_iqr_mask_all,LIVERPOOL_CO,1695
plain_iqr_mask_all,LIVERPOOL_TEMP,410
plain_iqr_mask_all,LIVERPOOL_HUMID,0
plain_iqr_mask_all,LIVERPOOL_WSP,1276
plain_iqr_mask_all,ST_MARYS_PM25,1624
plain_iqr_mask_all,ST_MARYS_PM10,2751
plain_iqr_mask_all,ST_MARYS_NO2,2177
plain_iqr_mask_all,ST_MARYS_O3,448
plain_iqr_mask_all,ST_MARYS_TEMP,508
plain_iqr_mask_all,ST_MARYS_HUMID,0
plain_iqr_mask_all,ST_MARYS_WSP,1465
plain_iqr_mask_all,BRINGELLY_PM25,2019
plain_iqr_mask_all,BRINGELLY_PM10,2142
plain_iqr_mask_all,BRINGELLY_NO2,1141
plain_iqr_mask_all,BRINGELLY_O3,575
plain_iqr_mask_all,BRINGELLY_TEMP,367
plain_iqr_mask_all,BRINGELLY_HUMID,0
plain_iqr_mask_all,BRINGELLY_WSP,1554
plain_iqr_mask_all,RICHMOND_PM25,1855
plain_iqr_mask_all,RICHMOND_PM10,2347
plain_iqr_mask_all,RICHMOND_NO2,1237
plain_iqr_mask_all,RICHMOND_O3,543
plain_iqr_mask_all,RICHMOND_TEMP,634
plain_iqr_mask_all,RICHMOND_HUMID,0
plain_iqr_mask_all,RICHMOND_WSP,1538
mask_pm25,ROZELLE_PM25,245
mask_pm25,RANDWICK_PM25,340
mask_pm25,LIVERPOOL_PM25,260
mask_pm25,ST_MARYS_PM25,242
mask_pm25,BRINGELLY_PM25,289
mask_pm25,RICHMOND_PM25,243
mask_pm10,ROZELLE_PM10,210
mask_pm10,RANDWICK_PM10,275
mask_pm10,LIVERPOOL_PM10,461
mask_pm10,ST_MARYS_PM10,621
mask_pm10,BRINGELLY_PM10,376
mask_pm10,RICHMOND_PM10,405
mask_gases,ROZELLE_NO2,117
mask_gases,ROZELLE_O3,24
mask_gases,ROZELLE_CO,1128
mask_gases,RANDWICK_NO2,113
mask_gases,RANDWICK_O3,60
mask_gases,LIVERPOOL_NO2,63
mask_gases,LIVERPOOL_O3,53
mask_gases,LIVERPOOL_CO,306
mask_gases,ST_MARYS_NO2,764
mask_gases,ST_MARYS_O3,12
mask_gases,BRINGELLY_NO2,196
mask_gases,BRINGELLY_O3,41
mask_gases,RICHMOND_NO2,289
mask_gases,RICHMOND_O3,67
mask_meteorology,ROZELLE_TEMP,29
mask_meteorology,ROZELLE_HUMID,13
mask_meteorology,ROZELLE_WSP,120
mask_meteorology,RANDWICK_TEMP,14
mask_meteorology,RANDWICK_HUMID,63
mask_meteorology,RANDWICK_WSP,51
mask_meteorology,LIVERPOOL_TEMP,23
mask_meteorology,LIVERPOOL_HUMID,0
mask_meteorology,LIVERPOOL_WSP,136
mask_meteorology,ST_MARYS_TEMP,12
mask_meteorology,ST_MARYS_HUMID,0
mask_meteorology,ST_MARYS_WSP,248
mask_meteorology,BRINGELLY_TEMP,4
mask_meteorology,BRINGELLY_HUMID,0
mask_meteorology,BRINGELLY_WSP,346
mask_meteorology,RICHMOND_TEMP,45
mask_meteorology,RICHMOND_HUMID,0
mask_meteorology,RICHMOND_WSP,205
mask_all,ROZELLE_PM25,245
mask_all,ROZELLE_PM10,210
mask_all,ROZELLE_NO2,117
mask_all,ROZELLE_O3,24
mask_all,ROZELLE_CO,1128
mask_all,ROZELLE_TEMP,29
mask_all,ROZELLE_HUMID,13
mask_all,ROZELLE_WSP,120
mask_all,RANDWICK_PM25,340
mask_all,RANDWICK_PM10,275
mask_all,RANDWICK_NO2,113
mask_all,RANDWICK_O3,60
mask_all,RANDWICK_TEMP,14
mask_all,RANDWICK_HUMID,63
mask_all,RANDWICK_WSP,51
mask_all,LIVERPOOL_PM25,260
mask_all,LIVERPOOL_PM10,461
mask_all,LIVERPOOL_NO2,63
mask_all,LIVERPOOL_O3,53
mask_all,LIVERPOOL_CO,306
mask_all,LIVERPOOL_TEMP,23
mask_all,LIVERPOOL_HUMID,0
mask_all,LIVERPOOL_WSP,136
mask_all,ST_MARYS_PM25,242
mask_all,ST_MARYS_PM10,621
mask_all,ST_MARYS_NO2,764
mask_all,ST_MARYS_O3,12
mask_all,ST_MARYS_TEMP,12
mask_all,ST_MARYS_HUMID,0
mask_all,ST_MARYS_WSP,248
mask_all,BRINGELLY_PM25,289
mask_all,BRINGELLY_PM10,376
mask_all,BRINGELLY_NO2,196
mask_all,BRINGELLY_O3,41
mask_all,BRINGELLY_TEMP,4
mask_all,BRINGELLY_HUMID,0
mask_all,BRINGELLY_WSP,346
mask_all,RICHMOND_PM25,243
mask_all,RICHMOND_PM10,405
mask_all,RICHMOND_NO2,289
mask_all,RICHMOND_O3,67
mask_all,RICHMOND_TEMP,45
mask_all,RICHMOND_HUMID,0
mask_all,RICHMOND_WSP,205
