,missing_pct
ST_MARYS_CO,100.0
RICHMOND_CO,100.0
ST_MARYS_SOLAR,100.0
BRINGELLY_CO,100.0
LIVERPOOL_SOLAR,100.0
RICHMOND_SOLAR,100.0
RANDWICK_RAIN,63.04744525547446
LIVERPOOL_RAIN,44.98968581402729
BRINGELLY_NO2,10.655347508727388
LIVERPOOL_CO,9.491034592192953
RICHMOND_PM25,9.368057759441447
RICHMOND_NO2,8.302919708029197
RICHMOND_O3,8.241431291653443
ROZELLE_NO2,7.951840685496668
RANDWICK_NO2,7.6285306251983505
ROZELLE_CO,7.448032370675977
ST_MARYS_NO2,7.305220564900032
BRINGELLY_O3,7.162408759124088
LIVERPOOL_NO2,7.108854331958109
ST_MARYS_O3,7.0275309425579175
ROZELLE_O3,6.797445255474452
LIVERPOOL_O3,6.773643287845128
RANDWICK_O3,6.335290384005078
ST_MARYS_PM25,4.770311012377023
RANDWICK_PM25,4.490637892732466
RANDWICK_WSP,4.169311329736591
RANDWICK_WDR,4.169311329736591
BRINGELLY_PM25,4.139558870199936
RICHMOND_PM10,4.028483021263091
ROZELLE_RAIN,3.304506505871152
RANDWICK_HUMID,2.999047921294827
RANDWICK_TEMP,2.9415264995239605
ROZELLE_PM25_ORIGINAL,2.9256585211044115
ROZELLE_PM25,2.9256585211044115
LIVERPOOL_PM25,2.788797207235798
ROZELLE_PM10,2.5289590606156773
BRINGELLY_PM10,2.4932561091716914
ST_MARYS_PM10,2.114408124404951
ST_MARYS_HUMID,2.112424627102507
ST_MARYS_TEMP,2.0370517296096478
RICHMOND_HUMID,2.001348778165662
RICHMOND_TEMP,1.9438273563947954
ROZELLE_HUMID,1.9001904157410345
BRINGELLY_HUMID,1.8863059346239288
ROZELLE_TEMP,1.8406854966677246
ROZELLE_SOLAR,1.8149000317359567
RANDWICK_PM10,1.7871310695017455
RICHMOND_RAIN,1.6720882259600125
LIVERPOOL_PM10,1.5292764201840685
RICHMOND_WSP,1.4558870199936529
RICHMOND_WDR,1.4221675658521105
LIVERPOOL_HUMID,1.4082830847350047
LIVERPOOL_TEMP,1.3983655982227865
ROZELLE_WDR,1.3448111710568074
ROZELLE_WSP,1.3448111710568074
BRINGELLY_SOLAR,1.1841478895588702
BRINGELLY_TEMP,1.1603459219295462
ST_MARYS_WSP,0.993732148524278
ST_MARYS_WDR,0.9897651539193907
BRINGELLY_WSP,0.6981910504601714
BRINGELLY_WDR,0.6743890828308474
LIVERPOOL_WSP,0.6605046017137416
LIVERPOOL_WDR,0.6605046017137416
