feature,spearman_with_next_hour_pm25,abs_spearman,n_pairs
ROZELLE_PM25,0.7822645290998733,0.7822645290998733,32402
ROZELLE_PM10,0.6391102281036718,0.6391102281036718,32366
LIVERPOOL_PM10,0.5776266821950566,0.5776266821950566,32202
RANDWICK_PM10,0.5222607481909983,0.5222607481909983,32200
LIVERPOOL_PM25,0.5215543319377264,0.5215543319377264,31686
RICHMOND_PM10,0.4859882964052506,0.4859882964052506,31616
ROZELLE_CO,0.46829052624342504,0.46829052624342504,30605
BRINGELLY_PM10,0.4420167264477388,0.4420167264477388,32033
LIVERPOOL_CO,0.433978797185648,0.433978797185648,29722
BRINGELLY_PM25,0.42665651028646234,0.42665651028646234,31488
ST_MARYS_PM25,0.42609955464288557,0.42609955464288557,31015
ST_MARYS_PM10,0.4169425483972035,0.4169425483972035,32097
RANDWICK_PM25,0.41475494719644324,0.41475494719644324,30800
ROZELLE_NO2,0.39126021238137626,0.39126021238137626,30436
RICHMOND_PM25,0.3841168598312676,0.3841168598312676,29716
RICHMOND_NO2,0.3423092010977407,0.3423092010977407,30142
LIVERPOOL_NO2,0.32912073534940944,0.32912073534940944,30340
BRINGELLY_NO2,0.3119626393685461,0.3119626393685461,29375
RANDWICK_WSP,-0.21010882989433913,0.21010882989433913,31483
LIVERPOOL_WSP,-0.20683432584734132,0.20683432584734132,32444
RICHMOND_WSP,-0.20576694905511114,0.20576694905511114,32144
ST_MARYS_WSP,-0.2020228884452693,0.2020228884452693,32416
ROZELLE_O3,-0.1978843356689358,0.1978843356689358,30949
BRINGELLY_WSP,-0.19310487967001416,0.19310487967001416,32519
RANDWICK_NO2,0.18575038931073093,0.18575038931073093,30111
RANDWICK_HUMID,0.17705695088243556,0.17705695088243556,31391
ROZELLE_HUMID,0.15776320285330875,0.15776320285330875,32305
ST_MARYS_NO2,0.1571858929591558,0.1571858929591558,30274
LIVERPOOL_O3,-0.1540583058435189,0.1540583058435189,30462
ST_MARYS_HUMID,0.1479444508578606,0.1479444508578606,32230
RICHMOND_HUMID,0.14589378251300392,0.14589378251300392,32094
BRINGELLY_O3,-0.1405606196259645,0.1405606196259645,30267
ST_MARYS_O3,-0.13071610835368178,0.13071610835368178,30407
BRINGELLY_HUMID,0.12720926130083662,0.12720926130083662,31871
RANDWICK_O3,-0.12558578737605045,0.12558578737605045,30710
RICHMOND_O3,-0.12496025425524644,0.12496025425524644,29934
LIVERPOOL_HUMID,0.10667903087659919,0.10667903087659919,32123
ROZELLE_RAIN,-0.09896783621237056,0.09896783621237056,31614
ROZELLE_SOLAR,-0.09752402317338058,0.09752402317338058,32359
BRINGELLY_WDR,-0.09501156377238346,0.09501156377238346,32532
LIVERPOOL_RAIN,-0.07912573106785398,0.07912573106785398,10731
RICHMOND_RAIN,-0.07912412324375605,0.07912412324375605,32062
ROZELLE_WSP,-0.07344350394011567,0.07344350394011567,32606
BRINGELLY_SOLAR,-0.07183528732402368,0.07183528732402368,32201
ST_MARYS_WDR,-0.0631754076642954,0.0631754076642954,32418
RICHMOND_WDR,-0.0587220232772188,0.0587220232772188,32161
BRINGELLY_TEMP,-0.026032620042681608,0.026032620042681608,32212
ST_MARYS_TEMP,-0.025465566495072724,0.025465566495072724,32282
RANDWICK_RAIN,-0.01972940409358603,0.01972940409358603,2001
ROZELLE_TEMP,0.018988870086130347,0.018988870086130347,32335
RICHMOND_TEMP,-0.01816083554462522,0.01816083554462522,32124
RANDWICK_TEMP,0.017479612909784267,0.017479612909784267,31420
RANDWICK_WDR,-0.0172519580204261,0.0172519580204261,31483
LIVERPOOL_WDR,0.011407145657916604,0.011407145657916604,32444
ROZELLE_WDR,-0.004765464886631506,0.004765464886631506,32606
LIVERPOOL_TEMP,-0.0020103584255593866,0.0020103584255593866,32128
