station,feature,missing_pct,start,end
ROZELLE,ROZELLE_HUMID,1.9001904157410345,2019-01-01 01:00:00,2024-12-31 23:00:00
ROZELLE,ROZELLE_SOLAR,1.8149000317359567,2019-01-01 01:00:00,2024-12-31 23:00:00
ROZELLE,ROZELLE_TEMP,1.8406854966677246,2019-01-01 01:00:00,2024-12-31 23:00:00
ROZELLE,ROZELLE_O3,6.797445255474452,2019-01-01 01:00:00,2024-12-31 23:00:00
ROZELLE,ROZELLE_WDR,1.3448111710568074,2019-01-01 01:00:00,2024-12-31 23:00:00
ROZELLE,ROZELLE_PM25,2.9256585211044115,2019-01-01 01:00:00,2024-12-31 23:00:00
ROZELLE,ROZELLE_PM10,2.5289590606156773,2019-01-01 01:00:00,2024-12-31 23:00:00
ROZELLE,ROZELLE_RAIN,3.304506505871152,2019-01-01 01:00:00,2024-12-31 23:00:00
ROZELLE,ROZELLE_WSP,1.3448111710568074,2019-01-01 01:00:00,2024-12-31 23:00:00
ROZELLE,ROZELLE_CO,7.448032370675977,2019-01-01 01:00:00,2024-12-31 23:00:00
ROZELLE,ROZELLE_NO2,7.951840685496668,2019-01-01 01:00:00,2024-12-31 23:00:00
RANDWICK,RANDWICK_TEMP,2.9415264995239605,2019-01-01 01:00:00,2024-12-31 23:00:00
RANDWICK,RANDWICK_PM25,4.490637892732466,2019-01-01 01:00:00,2024-12-31 23:00:00
RANDWICK,RANDWICK_PM10,1.7871310695017455,2019-01-01 01:00:00,2024-12-31 23:00:00
RANDWICK,RANDWICK_O3,6.335290384005078,2019-01-01 01:00:00,2024-12-31 23:00:00
RANDWICK,RANDWICK_HUMID,2.999047921294827,2019-01-01 01:00:00,2024-12-31 23:00:00
RANDWICK,RANDWICK_RAIN,63.04744525547446,2019-01-01 01:00:00,2024-12-31 23:00:00
RANDWICK,RANDWICK_WDR,4.169311329736591,2019-01-01 01:00:00,2024-12-31 23:00:00
RANDWICK,RANDWICK_NO2,7.6285306251983505,2019-01-01 01:00:00,2024-12-31 23:00:00
RANDWICK,RANDWICK_WSP,4.169311329736591,2019-01-01 01:00:00,2024-12-31 23:00:00
LIVERPOOL,LIVERPOOL_SOLAR,100.0,2019-01-01 01:00:00,2024-12-31 23:00:00
LIVERPOOL,LIVERPOOL_HUMID,1.4082830847350047,2019-01-01 01:00:00,2024-12-31 23:00:00
LIVERPOOL,LIVERPOOL_WDR,0.6605046017137416,2019-01-01 01:00:00,2024-12-31 23:00:00
LIVERPOOL,LIVERPOOL_NO2,7.108854331958109,2019-01-01 01:00:00,2024-12-31 23:00:00
LIVERPOOL,LIVERPOOL_O3,6.773643287845128,2019-01-01 01:00:00,2024-12-31 23:00:00
LIVERPOOL,LIVERPOOL_WSP,0.6605046017137416,2019-01-01 01:00:00,2024-12-31 23:00:00
LIVERPOOL,LIVERPOOL_TEMP,1.3983655982227865,2019-01-01 01:00:00,2024-12-31 23:00:00
LIVERPOOL,LIVERPOOL_CO,9.491034592192953,2019-01-01 01:00:00,2024-12-31 23:00:00
LIVERPOOL,LIVERPOOL_PM25,2.788797207235798,2019-01-01 01:00:00,2024-12-31 23:00:00
LIVERPOOL,LIVERPOOL_PM10,1.5292764201840685,2019-01-01 01:00:00,2024-12-31 23:00:00
LIVERPOOL,LIVERPOOL_RAIN,44.98968581402729,2019-01-01 01:00:00,2024-12-31 23:00:00
ST_MARYS,ST_MARYS_CO,100.0,2019-01-01 01:00:00,2024-12-31 23:00:00
ST_MARYS,ST_MARYS_O3,7.0275309425579175,2019-01-01 01:00:00,2024-12-31 23:00:00
ST_MARYS,ST_MARYS_WDR,0.9897651539193907,2019-01-01 01:00:00,2024-12-31 23:00:00
ST_MARYS,ST_MARYS_PM25,4.770311012377023,2019-01-01 01:00:00,2024-12-31 23:00:00
ST_MARYS,ST_MARYS_WSP,0.993732148524278,2019-01-01 01:00:00,2024-12-31 23:00:00
ST_MARYS,ST_MARYS_NO2,7.305220564900032,2019-01-01 01:00:00,2024-12-31 23:00:00
ST_MARYS,ST_MARYS_SOLAR,100.0,2019-01-01 01:00:00,2024-12-31 23:00:00
ST_MARYS,ST_MARYS_HUMID,2.112424627102507,2019-01-01 01:00:00,2024-12-31 23:00:00
ST_MARYS,ST_MARYS_PM10,2.114408124404951,2019-01-01 01:00:00,2024-12-31 23:00:00
ST_MARYS,ST_MARYS_TEMP,2.0370517296096478,2019-01-01 01:00:00,2024-12-31 23:00:00
BRINGELLY,BRINGELLY_PM25,4.139558870199936,2019-01-01 01:00:00,2024-12-31 23:00:00
BRINGELLY,BRINGELLY_PM10,2.4932561091716914,2019-01-01 01:00:00,2024-12-31 23:00:00
BRINGELLY,BRINGELLY_NO2,10.655347508727388,2019-01-01 01:00:00,2024-12-31 23:00:00
BRINGELLY,BRINGELLY_WSP,0.6981910504601714,2019-01-01 01:00:00,2024-12-31 23:00:00
BRINGELLY,BRINGELLY_O3,7.162408759124088,2019-01-01 01:00:00,2024-12-31 23:00:00
BRINGELLY,BRINGELLY_SOLAR,1.1841478895588702,2019-01-01 01:00:00,2024-12-31 23:00:00
BRINGELLY,BRINGELLY_TEMP,1.1603459219295462,2019-01-01 01:00:00,2024-12-31 23:00:00
BRINGELLY,BRINGELLY_HUMID,1.8863059346239288,2019-01-01 01:00:00,2024-12-31 23:00:00
BRINGELLY,BRINGELLY_WDR,0.6743890828308474,2019-01-01 01:00:00,2024-12-31 23:00:00
BRINGELLY,BRINGELLY_CO,100.0,2019-01-01 01:00:00,2024-12-31 23:00:00
RICHMOND,RICHMOND_WSP,1.4558870199936529,2019-01-01 01:00:00,2024-12-31 23:00:00
RICHMOND,RICHMOND_SOLAR,100.0,2019-01-01 01:00:00,2024-12-31 23:00:00
RICHMOND,RICHMOND_RAIN,1.6720882259600125,2019-01-01 01:00:00,2024-12-31 23:00:00
RICHMOND,RICHMOND_HUMID,2.001348778165662,2019-01-01 01:00:00,2024-12-31 23:00:00
RICHMOND,RICHMOND_CO,100.0,2019-01-01 01:00:00,2024-12-31 23:00:00
RICHMOND,RICHMOND_PM25,9.368057759441447,2019-01-01 01:00:00,2024-12-31 23:00:00
RICHMOND,RICHMOND_O3,8.241431291653443,2019-01-01 01:00:00,2024-12-31 23:00:00
RICHMOND,RICHMOND_TEMP,1.9438273563947954,2019-01-01 01:00:00,2024-12-31 23:00:00
RICHMOND,RICHMOND_PM10,4.028483021263091,2019-01-01 01:00:00,2024-12-31 23:00:00
RICHMOND,RICHMOND_WDR,1.4221675658521105,2019-01-01 01:00:00,2024-12-31 23:00:00
RICHMOND,RICHMOND_NO2,8.302919708029197,2019-01-01 01:00:00,2024-12-31 23:00:00
