feature,importance_mean,importance_std
ROZELLE_PM25,0.542564243205267,0.016065804911310544
ROZELLE_PM10,0.14417635739884133,0.010554058829591944
ROZELLE_PM25_ROLL_MEAN_3,0.05937974338635779,0.008121754949127756
RANDWICK_PM25,0.021566751066973384,0.004508711319163714
ROZELLE_CO,0.01841577556414028,0.0016853427113735601
ROZELLE_PM10_ROLL_MEAN_3,0.012329149408836225,0.004983473089445983
ST_MARYS_PM10,0.00796402586169286,0.002718234372668605
NEIGHBOR_MEAN_PM25,0.007194268678686578,0.0014545529936881316
ROZELLE_WSP_ROLL_STD_24,0.007110004361555552,0.0024081800864909943
ROZELLE_PM25_ROLL_MEAN_6,0.006481798154940354,0.00195254026496944
ROZELLE_PM25_LAG_1,0.006434935176045453,0.0019200703767195766
RANDWICK_PM10,0.005901766001948305,0.0005541023019542416
NEIGHBOR_STD_PM10,0.005359527782054959,0.0017287027414193247
ROZELLE_CO_ROLL_STD_3,0.005247373525638765,0.0016953693586023843
ST_MARYS_O3,0.004200709007076719,0.0020304924993182344
NEIGHBOR_MAX_PM10,0.0040827621655975714,0.0016233961988964614
ROZELLE_PM10_ROLL_STD_3,0.003624963864424694,0.0011113945061402794
RICHMOND_PM10,0.0032345085933221745,0.0010275260990579927
ROZELLE_PM25_ROLL_STD_6,0.0029842153650998867,0.0008762056739376321
NEIGHBOR_MAX_PM25,0.0027235042225197373,0.0006404875894376511
NEIGHBOR_MIN_PM25,0.0024392260380724003,0.0011875551656481845
RICHMOND_PM25,0.002081546793920712,0.0011275381957212096
ROZELLE_PM25_ROLL_STD_3,0.002001716297354032,0.0007752136425634889
RICHMOND_PM10_LAG_1,0.0017307256631144822,0.0008592193913075226
ST_MARYS_PM10_LAG_24,0.0016355230246846186,0.0008406436813483953
NEIGHBOR_MAX_O3,0.0016321060940176666,0.0011172826762800275
NEIGHBOR_MEAN_PM10,0.0015366821819125004,0.0008021930445970316
RICHMOND_NO2_LAG_1,0.0015261964502036249,0.0009399048217237098
ROZELLE_PM10_LAG_1,0.00152355768800796,0.0008976518578158496
LIVERPOOL_PM10,0.001459048879666899,0.0004207019514545818
ROZELLE_NO2,0.0014428868319651476,0.0004595426112202441
LIVERPOOL_CO,0.0014219881931853049,0.0007361393547822593
NEIGHBOR_STD_O3,0.0014104137760991668,0.0008650354021403728
RANDWICK_O3,0.0014009301875083353,0.00043989042216587286
LIVERPOOL_PM25,0.0012928291678019344,0.00014692968334517137
RANDWICK_PM25_LAG_1,0.0012331821349826522,0.0007684058084006052
BRINGELLY_O3,0.0011778389658293415,0.0009918184543521004
ROZELLE_WSP_ROLL_MEAN_6,0.0011350741786700042,0.0003149392710890292
ROZELLE_O3_ROLL_STD_3,0.0011108813378118859,0.0006689397702611626
ROZELLE_CO_ROLL_MEAN_3,0.0011031024098918363,0.0007508206468012527
ROZELLE_PM10_ROLL_STD_6,0.001057953486461909,0.0002905069680612146
ROZELLE_WSP_ROLL_MEAN_12,0.0010096500438514218,0.0003654479559370332
ROZELLE_O3,0.0010029697733199851,0.0005053699013292298
ST_MARYS_WDR_COS,0.0009858543581981055,0.000504755320563346
ROZELLE_CO_ROLL_STD_12,0.0009717367858723536,0.0006361423630856462
NEIGHBOR_MEAN_O3,0.0009419664187864614,0.0006479520405307611
ROZELLE_WSP_ROLL_MEAN_3,0.0008974939369165161,0.00021425107975063905
ST_MARYS_PM10_LAG_1,0.0008812339673155374,0.0004365357605931065
RANDWICK_PM10_LAG_1,0.0008794852060289886,0.00025065171124533846
RANDWICK_NO2_LAG_3,0.000871926154787124,0.0003743624706759847
NEIGHBOR_MEAN_NO2,0.0008576275821058197,0.0005567781099369412
NEIGHBOR_PM25_X_ROZELLE_WDR_SIN,0.0008538345877318048,9.451607223543305e-05
ROZELLE_PM10_ROLL_STD_12,0.0008450026074250394,0.0007114756694294917
ROZELLE_CO_ROLL_STD_6,0.0008361273797202593,0.0004397914418806129
NEIGHBOR_MEAN_PM25_LAG_1,0.0007923862693622189,0.00028651722362244697
ROZELLE_HUMID_LAG_1,0.000790655542998258,0.00024017500716610261
LIVERPOOL_NO2,0.0007867979631802275,0.0003809481936311245
RICHMOND_PM25_LAG_6,0.0007554218400131059,0.00018128367208898602
LIVERPOOL_PM25_LAG_1,0.0007170260351163501,8.351106475262146e-05
ROZELLE_WDR_COS_LAG_1,0.0007120945517829684,0.0004002150380437131
RICHMOND_O3_LAG_6,0.0006864168502620416,0.00038833190339349343
ROZELLE_WSP_ROLL_STD_12,0.0006693580766001135,0.00015833239799665895
LIVERPOOL_O3,0.000668830133792619,0.0005338222405059309
ST_MARYS_PM25_LAG_12,0.0006672796490322894,0.0001717541067539682
RICHMOND_NO2,0.0006506987289755311,0.00041436535085023865
RICHMOND_PM10_LAG_24,0.0006493257036114047,0.00026224721893701024
ROZELLE_PM10_ROLL_STD_24,0.0006458256675715722,0.0003010989402125323
ROZELLE_CO_LAG_1,0.0006389632149436976,0.0005539250612468763
RANDWICK_PM25_LAG_6,0.0006298654259458439,0.00019250335946973348
BRINGELLY_PM25_LAG_6,0.0006291395899338381,0.0001626936884534995
ST_MARYS_PM25_LAG_24,0.0006143475724781418,0.00032715119748798297
ROZELLE_TEMP_LAG_6,0.0006139774051748448,0.00018157314938822705
RICHMOND_WSP,0.0006104632747273626,0.00013428027670227475
ROZELLE_HUMID,0.0005815653297858504,0.0001716192968309237
ROZELLE_HUMID_LAG_6,0.000576438878278649,0.0002287437141039966
ROZELLE_PM25_ROLL_STD_12,0.0005693344498799261,0.00012852018979022078
NEIGHBOR_MAX_NO2,0.0005572223986807269,0.0002411492052611145
ROZELLE_PM25_ROLL_MEAN_12,0.0005523424905817753,0.00012495776483795957
RANDWICK_HUMID,0.0005431402277626473,6.542792235422369e-05
NEIGHBOR_MEAN_PM10_LAG_24,0.0005429447784381851,0.000203975029442038
ST_MARYS_PM25_LAG_6,0.0005400079829719883,0.00036352481925398095
NEIGHBOR_MIN_NO2,0.0005386743881466167,0.0006419595855283231
NEIGHBOR_PM25_X_ROZELLE_WDR_COS,0.0005355936755894634,0.00031889913735692107
ST_MARYS_PM25,0.0005339711736504768,0.0003247795359544736
ROZELLE_WDR_SIN_LAG_6,0.000523484244421741,9.247993262908445e-05
ST_MARYS_TEMP,0.0005234159242884139,9.140448926720253e-05
ROZELLE_WSP_ROLL_STD_3,0.0005200462246044724,0.00013470983652914
LIVERPOOL_WDR_SIN,0.0005150009826246073,0.0001149034967213778
RICHMOND_PM25_LAG_1,0.0005132489005297143,0.00020951924674218137
RICHMOND_WDR_SIN,0.0005105413526253422,0.00014732376770680867
BRINGELLY_PM25_LAG_12,0.0005065776170339258,8.62982948554907e-05
ROZELLE_HUMID_ROLL_STD_3,0.0005057882174644134,4.463860405199878e-05
ROZELLE_PM10_ROLL_MEAN_6,0.0005054838725488422,0.0001669144989537115
ROZELLE_TEMP_ROLL_MEAN_12,0.0004871887306936693,0.0001282167710150555
ROZELLE_TEMP_ROLL_MEAN_24,0.0004869174946805462,9.24255368919531e-05
BRINGELLY_PM10_LAG_6,0.00048099175468367466,0.0002232281989468989
BRINGELLY_PM25_LAG_3,0.00047841682245641185,0.00011520593794900715
NEIGHBOR_STD_PM25,0.0004751345466819114,9.087236933089718e-05
ROZELLE_WDR_COS_LAG_3,0.0004746422320702863,6.927526091188474e-05
NEIGHBOR_MEAN_PM10_LAG_3,0.00047138831708403887,7.905537558225553e-05
RANDWICK_WDR_COS,0.00047033995316886866,8.528325785050342e-05
ROZELLE_PM25_LAG_3,0.00046480430100619065,8.100293036484839e-05
RANDWICK_WSP,0.0004569221420391721,8.40805513640832e-05
ROZELLE_HUMID_LAG_24,0.00045081225274056213,9.037067219273933e-05
BRINGELLY_PM10_LAG_24,0.00045067258706577246,0.00014591181439299155
LIVERPOOL_CO_LAG_24,0.0004499730047950536,0.00017253795811298235
LIVERPOOL_WDR_COS,0.00044993440818855634,9.228574539582757e-05
RANDWICK_TEMP,0.0004479022696437316,9.398883742776257e-05
BRINGELLY_PM25_LAG_24,0.00044575184162613704,0.000139641902143626
RANDWICK_WDR_SIN,0.00044289031056409526,5.914978432998349e-05
ROZELLE_WDR_COS,0.0004423499026214557,0.00015403564474694224
BRINGELLY_PM10,0.0004412670017640647,8.047142496592251e-05
BRINGELLY_PM25,0.00044097695668235116,6.443173738815181e-05
RICHMOND_PM10_LAG_3,0.0004386240224955923,8.366981287143619e-05
NEIGHBOR_MIN_PM10,0.00043271310534371703,8.941060297838672e-05
ROZELLE_WSP_LAG_1,0.00042867462302105243,0.0001380737403532295
ROZELLE_PM10_LAG_3,0.00042511253911869565,7.46250030015445e-05
ROZELLE_PM10_LAG_12,0.00041929561753684016,7.613939388439805e-05
ROZELLE_HUMID_ROLL_MEAN_24,0.00041922591490520456,0.00010751712377876913
ROZELLE_WDR_SIN_LAG_24,0.0004184163442471448,3.762490491002239e-05
ROZELLE_WDR_SIN_LAG_3,0.0004180421830299015,7.640707981534338e-05
ROZELLE_WDR_COS_LAG_24,0.00041768803132885074,6.87640139407955e-05
ROZELLE_PM25_LAG_6,0.0004147612161140422,6.713218449151569e-05
ROZELLE_TEMP_ROLL_STD_6,0.00040667641921635685,7.417411409110165e-05
ROZELLE_HUMID_ROLL_STD_6,0.0004061425354476067,6.966709429610227e-05
RANDWICK_PM25_LAG_12,0.0004049339424817461,6.095813068095767e-05
LIVERPOOL_PM10_LAG_24,0.00040435826705367253,0.00011355761946354292
NEIGHBOR_STD_NO2,0.0003971244651675232,7.405292072341751e-05
NEIGHBOR_MEAN_PM25_LAG_6,0.00039589654945873634,8.049658227059126e-05
ROZELLE_PM25_LAG_12,0.0003913315726857383,7.268617678000066e-05
ROZELLE_WSP_ROLL_MEAN_24,0.00039067688531792245,0.0001236787343156089
RICHMOND_WDR_COS,0.0003896249458751692,8.043445888063836e-05
ST_MARYS_PM10_LAG_3,0.00038809845967697847,7.528203168612298e-05
BRINGELLY_O3_LAG_6,0.00038778534160125865,0.00021851795215123055
RANDWICK_PM10_LAG_24,0.000385190579392164,7.911579232993955e-05
NEIGHBOR_MEAN_PM25_LAG_24,0.0003842925168619172,0.0001394791670526478
NEIGHBOR_MEAN_PM25_LAG_12,0.0003795098416563586,4.786950137324273e-05
BRINGELLY_SOLAR,0.0003785807634615648,3.914103879015633e-05
RANDWICK_PM10_LAG_3,0.0003775984142916387,5.525542981815421e-05
RICHMOND_PM25_LAG_24,0.00037700312403655533,0.00016159095063972086
ROZELLE_HUMID_LAG_12,0.00037623820698074915,5.640732489676444e-05
ROZELLE_HUMID_ROLL_STD_24,0.00037047558482022544,4.624847409021311e-05
NEIGHBOR_MEAN_PM10_LAG_1,0.0003701604996623444,8.389913045403465e-05
RICHMOND_PM10_LAG_12,0.00036948961339953887,4.0129118308065264e-05
RICHMOND_HUMID,0.00036728630045186107,4.397546320178733e-05
RANDWICK_PM10_LAG_12,0.00036416396463383643,5.22967662445042e-05
ROZELLE_O3_ROLL_STD_6,0.0003636588079082059,0.0001774644360172048
ROZELLE_WDR_SIN_LAG_1,0.00036323877083206966,5.630134152371454e-05
BRINGELLY_WDR_COS,0.00036283325626765045,2.33659008943326e-05
RICHMOND_O3,0.0003595950063156988,0.00035425119592615435
ROZELLE_O3_LAG_1,0.00035853586095975124,0.00030572236644749824
ROZELLE_TEMP_ROLL_STD_12,0.00035840985572377116,7.990802389717354e-05
NEIGHBOR_PM25_X_ROZELLE_WSP,0.0003566885888628201,4.98111551375967e-05
ROZELLE_HUMID_ROLL_STD_12,0.0003564900025196872,6.104087828264096e-05
BRINGELLY_PM10_LAG_3,0.00035618191922469323,3.660032936217878e-05
ROZELLE_O3_LAG_24,0.00035433257294141025,0.0001938487678778785
ROZELLE_TEMP_ROLL_MEAN_3,0.00035359695025273714,0.0001039587369336467
ROZELLE_TEMP_ROLL_STD_3,0.000352827588867162,4.3807620600741474e-05
BRINGELLY_NO2,0.0003508668137490837,0.00017304308231256389
LIVERPOOL_PM10_LAG_3,0.00034607286048956524,4.412511598359461e-05
RANDWICK_O3_LAG_24,0.0003452087956850359,0.0001137925117478875
LIVERPOOL_CO_LAG_1,0.00034510524409918266,0.0001278237597009523
ST_MARYS_PM10_LAG_12,0.0003448353537420902,5.922863096871298e-05
RICHMOND_PM25_LAG_12,0.00034447858641678027,3.664546192957345e-05
ROZELLE_HUMID_ROLL_MEAN_12,0.000343344182588013,0.00012699284062842874
BRINGELLY_PM25_LAG_1,0.00034308066215720954,4.0880007444535414e-05
ROZELLE_WSP_LAG_3,0.0003428258113345881,0.00010271220243491631
ROZELLE_WSP_ROLL_STD_6,0.00034178129904848935,5.64964663460128e-05
ROZELLE_PM25_ROLL_MEAN_24,0.00034052625266877643,6.957577765563059e-05
ROZELLE_TEMP_LAG_12,0.0003395801698552735,5.440118388460107e-05
ROZELLE_PM10_ROLL_MEAN_24,0.0003394117913668364,0.00019134047345420295
BRINGELLY_HUMID,0.00033782179175141636,7.985403543564628e-05
LIVERPOOL_NO2_LAG_1,0.0003375820031819905,0.00025753888414407954
ROZELLE_WDR_SIN,0.00033529639649845577,2.9429069881254387e-05
ROZELLE_WDR_COS_LAG_12,0.00033458977126378644,4.804075792601867e-05
RICHMOND_PM25_LAG_3,0.0003333217636816173,4.7316181575631184e-05
ROZELLE_NO2_ROLL_STD_3,0.0003305621112931172,3.0406938905868383e-05
ROZELLE_NO2_ROLL_STD_6,0.00033016112653643415,5.231302752168723e-05
LIVERPOOL_HUMID,0.0003260564120452152,7.363633680369488e-05
ROZELLE_PM10_LAG_6,0.0003253149947066006,6.47982131504898e-05
ROZELLE_PM25_ROLL_STD_24,0.0003245805854282293,7.727517665196292e-05
LIVERPOOL_TEMP,0.0003241701458625197,6.0697192815998396e-05
LIVERPOOL_PM10_LAG_6,0.0003235458980912598,4.525197085814703e-05
BRINGELLY_WDR_SIN,0.00031824511940545166,3.80235388965289e-05
ROZELLE_TEMP_LAG_24,0.00031505198958174684,5.097720392046739e-05
ST_MARYS_PM10_LAG_6,0.0003145991740353983,9.6164979626939e-05
ROZELLE_WSP,0.00031371331088369246,6.177537990387709e-05
LIVERPOOL_PM10_LAG_1,0.00031156456412552387,2.4294072560023394e-05
ST_MARYS_WDR_SIN,0.0003108181295293106,4.497610298450282e-05
LIVERPOOL_PM25_LAG_6,0.00031009780564596586,3.7100793232095386e-05
ROZELLE_WDR_COS_LAG_6,0.00030841413144003563,3.2107871219268944e-05
ST_MARYS_WSP,0.0003062367952989714,5.999493599433696e-05
HOUR,0.0003052551679453024,3.8654104204866754e-05
RANDWICK_O3_LAG_1,0.00030227117777324324,0.00013043652193789148
RANDWICK_PM10_LAG_6,0.00030022058914704085,4.968821473338596e-05
ST_MARYS_HUMID,0.000300206047895462,7.357343735534844e-05
RANDWICK_PM25_LAG_3,0.00030016804722834777,3.550962766213238e-05
ROZELLE_WDR_SIN_LAG_12,0.0002976036913602209,3.585921820455119e-05
BRINGELLY_PM10_LAG_1,0.00029454010404571186,5.73462990632999e-05
ROZELLE_NO2_ROLL_STD_24,0.00029418726819824346,3.417645995179807e-05
LIVERPOOL_PM25_LAG_24,0.0002938858433936469,6.727543812073608e-05
NEIGHBOR_MEAN_PM25_LAG_3,0.00029360813632654624,4.127887668493519e-05
ST_MARYS_O3_LAG_6,0.00029309010114290994,0.00018991516329561398
ROZELLE_SOLAR,0.00029209459710307484,5.172982706360522e-05
ROZELLE_NO2_LAG_12,0.00028947251368739734,0.00013722146190029113
ROZELLE_PM25_LAG_24,0.00028658729826514683,5.098959122572186e-05
ROZELLE_NO2_ROLL_STD_12,0.00028527291476542486,5.668139862355121e-05
LIVERPOOL_PM25_LAG_12,0.000282394385766247,5.7091687496980826e-05
ROZELLE_CO_ROLL_STD_24,0.00028043456108946903,7.510430071973693e-05
BRINGELLY_PM10_LAG_12,0.00028034076609674427,4.694544236949527e-05
LIVERPOOL_PM10_LAG_12,0.00027847217636511016,4.021988817340919e-05
NEIGHBOR_MIN_O3,0.0002777326910474434,0.0001172797740950183
ROZELLE_WSP_LAG_24,0.00027540974019939197,7.609868393587353e-05
ST_MARYS_NO2_LAG_6,0.0002752006478371103,0.00011393522288529002
ROZELLE_TEMP_ROLL_STD_24,0.0002742314398118427,5.5198540988288274e-05
ROZELLE_PM10_ROLL_MEAN_12,0.00027298207865056063,0.0001154780660900749
RANDWICK_PM25_LAG_24,0.00027291972052429083,3.397315237382278e-05
ROZELLE_O3_ROLL_STD_12,0.00027231230560918426,5.782719571409024e-05
ROZELLE_HUMID_ROLL_MEAN_6,0.00026806185200724275,7.434909768069692e-05
ROZELLE_WSP_LAG_12,0.0002655069757887013,8.0188819040076e-05
ROZELLE_CO_ROLL_MEAN_24,0.0002613674314786084,3.197564710289735e-05
ROZELLE_O3_LAG_6,0.0002612381629707339,6.201137168749114e-05
ST_MARYS_PM25_LAG_3,0.0002588204930178151,3.106340469462023e-05
ROZELLE_PM10_LAG_24,0.00025861200793412934,3.753399292866166e-05
ST_MARYS_PM25_LAG_1,0.000254110423688242,0.00010450744307640503
LIVERPOOL_PM25_LAG_3,0.00025399353767553104,2.741526604104757e-05
RICHMOND_PM10_LAG_6,0.0002528303283141773,2.9058517792889093e-05
RANDWICK_O3_LAG_12,0.00025116714313300025,6.389439852198143e-05
ROZELLE_O3_ROLL_STD_24,0.00025082583869842607,3.154254366909901e-05
LIVERPOOL_NO2_LAG_12,0.0002486006609707913,4.2403705812508524e-05
ROZELLE_TEMP_ROLL_MEAN_6,0.00024854168062500044,6.377038162074619e-05
NEIGHBOR_MEAN_PM10_LAG_12,0.00024814291297465955,4.600219679863357e-05
LIVERPOOL_NO2_LAG_24,0.0002474203059595499,2.646300239669609e-05
NEIGHBOR_MEAN_PM10_LAG_6,0.0002457401222623443,5.539116691651791e-05
LIVERPOOL_WSP,0.00024070495493159892,5.1360362976510004e-05
ROZELLE_WSP_LAG_6,0.00023988385264107152,4.960904598790662e-05
BRINGELLY_NO2_LAG_6,0.00023913066424140805,0.00010976129191138231
BRINGELLY_NO2_LAG_24,0.00023728777874031727,7.526859168612327e-05
RANDWICK_NO2,0.0002344269374958357,5.5312432351770496e-05
RANDWICK_O3_LAG_6,0.00023160574058784153,5.348929714852162e-05
HOUR_COS,0.0002310768572375088,1.9533669325598046e-05
RANDWICK_NO2_LAG_24,0.00022726768170869721,4.0320564201107736e-05
ROZELLE_O3_LAG_12,0.0002238680355863328,4.2180605397005e-05
ROZELLE_HUMID_LAG_3,0.00022238994909530815,3.9376576117533614e-05
ROZELLE_NO2_ROLL_MEAN_3,0.00021865137587067678,8.099109268635283e-05
LIVERPOOL_NO2_LAG_6,0.00021848542463222698,2.4273158621099474e-05
ST_MARYS_NO2_LAG_24,0.00021836768932556345,7.291535328485698e-05
HOUR_SIN,0.0002178364849599705,3.1299279556446974e-05
ROZELLE_O3_ROLL_MEAN_12,0.0002174058299597483,3.2988572943372436e-05
ROZELLE_CO_ROLL_MEAN_12,0.00021663152604260605,5.7501968415981836e-05
ROZELLE_O3_ROLL_MEAN_24,0.00021373002687823038,2.4323046514747296e-05
ST_MARYS_NO2,0.00021336672830406922,0.0002111700177309874
RICHMOND_NO2_LAG_6,0.00020835409811915555,3.251056696095374e-05
BRINGELLY_WSP,0.00020768629925765824,4.116229859730624e-05
LIVERPOOL_O3_LAG_6,0.00020624610150896233,6.747102370084678e-05
LIVERPOOL_NO2_LAG_3,0.0002058276169056914,5.183284366813973e-05
LIVERPOOL_O3_LAG_12,0.000204748389692753,3.410945607053168e-05
BRINGELLY_O3_LAG_3,0.00020109808788977955,6.203287950464905e-05
BRINGELLY_NO2_LAG_1,0.00019853113211831718,9.5161879269734e-05
ROZELLE_NO2_ROLL_MEAN_24,0.00019796577973097998,1.9536698043262794e-05
RICHMOND_O3_LAG_12,0.00019305815943127276,2.0510624306646647e-05
RANDWICK_NO2_LAG_1,0.00019299015586767901,8.186587496615883e-05
ROZELLE_NO2_ROLL_MEAN_6,0.00019258412334253062,3.429421178219632e-05
RICHMOND_NO2_LAG_24,0.0001922266941549262,5.1054169925048055e-05
ROZELLE_NO2_LAG_3,0.00019168082875736846,0.00011105889365736877
ROZELLE_NO2_ROLL_MEAN_12,0.00019070683301645964,1.9619356098197536e-05
BRINGELLY_NO2_LAG_3,0.00018749698214954284,3.554092254422628e-05
ROZELLE_NO2_LAG_24,0.00018127003792409795,4.521745514711962e-05
ROZELLE_O3_ROLL_MEAN_6,0.0001786705452252915,4.5262555550802615e-05
RANDWICK_NO2_LAG_12,0.00017826154249575243,3.637184348770797e-05
RICHMOND_NO2_LAG_12,0.00017809280719127002,4.6498125982344885e-05
RICHMOND_O3_LAG_24,0.00017730371284477037,3.445395607650459e-05
ST_MARYS_NO2_LAG_1,0.00017686099014328438,0.00012184686200507183
RANDWICK_O3_LAG_3,0.0001742664335872594,4.786865882416936e-05
BRINGELLY_O3_LAG_24,0.00017365641184962467,5.900116597253053e-05
ST_MARYS_O3_LAG_1,0.00017171765397241083,0.00011404197502537004
ROZELLE_NO2_LAG_1,0.00017021245434972743,8.786507310517407e-05
ROZELLE_CO_ROLL_MEAN_6,0.0001683752701157245,2.743282355442423e-05
RICHMOND_NO2_LAG_3,0.0001643139939355312,7.750014393472244e-05
ROZELLE_NO2_LAG_6,0.0001639336043649084,2.0297818675345755e-05
BRINGELLY_O3_LAG_1,0.00016207935030494337,4.536018890268438e-05
BRINGELLY_O3_LAG_12,0.00016016840015425126,2.6544463597867813e-05
RANDWICK_NO2_LAG_6,0.00015847622882338323,1.5372732099741833e-05
ST_MARYS_O3_LAG_12,0.00015777310429423188,2.0450060368843976e-05
LIVERPOOL_O3_LAG_24,0.00015445044686571458,4.6266330729626845e-05
BRINGELLY_NO2_LAG_12,0.00015227479440462733,3.0288766358568573e-05
ROZELLE_O3_LAG_3,0.00014933530739180413,3.036217184173601e-05
RICHMOND_O3_LAG_1,0.00014880188976225771,7.490217482833521e-05
ST_MARYS_NO2_LAG_3,0.00014828357943324496,2.6085128997813105e-05
ST_MARYS_NO2_LAG_12,0.0001452011763501515,1.731225478647747e-05
LIVERPOOL_O3_LAG_3,0.00014068219717480225,1.9774923129034135e-05
RICHMOND_O3_LAG_3,0.00013835825054407382,3.0015044085738518e-05
LIVERPOOL_O3_LAG_1,0.00012802424889463664,3.638236156731351e-05
ST_MARYS_O3_LAG_3,0.00012159396214869592,2.215635089887968e-05
ST_MARYS_O3_LAG_24,0.00011989339125868039,2.2519344788454114e-05
ROZELLE_CO_LAG_12,0.00011827240725564412,2.1968369993123938e-05
DAY_OF_WEEK,0.00011540143698578184,5.4094997692327124e-05
DOW_SIN,0.00010670337725567437,2.950155137108287e-05
MONTH,0.00010609941668717977,4.1071544719275776e-05
LIVERPOOL_CO_LAG_6,0.00010424924161329153,1.5170364362089598e-05
ROZELLE_CO_LAG_24,9.527680832446781e-05,2.1392555241266516e-05
LIVERPOOL_CO_LAG_3,9.42187266215282e-05,2.0402164972361986e-05
ROZELLE_CO_LAG_3,9.40850441291398e-05,3.3933313197873386e-05
DOW_COS,9.223006749719027e-05,5.7426956283518404e-05
MONTH_SIN,9.063518703301965e-05,1.439501703029846e-05
LIVERPOOL_CO_LAG_12,8.702667822206583e-05,1.7403709485157865e-05
MONTH_COS,8.092637599107175e-05,4.680452055791122e-05
ROZELLE_CO_LAG_6,7.485433151727752e-05,4.61022669956798e-05
ROZELLE_RAIN,3.3538497346889166e-05,5.6570356608077285e-06
RICHMOND_RAIN,3.088877346975724e-05,3.342825816903447e-06
IS_WEEKEND,2.2687138801982103e-05,8.778861333589406e-06
LIVERPOOL_RAIN,3.107126545751388e-06,7.660580984148061e-07
RANDWICK_RAIN,1.5664509695723377e-07,1.3335721335722339e-07
