feature,selected_method,RMSE,MAE,n_masked
BRINGELLY_HUMID,seasonal,16.747209461437727,12.586026200873361,687
BRINGELLY_NO2,seasonal,0.3793970944920813,0.26410459587955626,631
BRINGELLY_O3,seasonal,0.9462008297903834,0.6850707850707851,777
BRINGELLY_PM10,seasonal,13.689312512689003,8.545031847133759,785
BRINGELLY_PM25,seasonal,7.3930953981270475,4.257462686567164,737
BRINGELLY_SOLAR,seasonal,214.46619183160965,156.22650334075723,449
BRINGELLY_TEMP,seasonal,5.793590447737089,4.838655462184874,833
BRINGELLY_WDR_COS,seasonal,0.6374222997706389,0.47274648488461757,828
BRINGELLY_WDR_SIN,seasonal,0.6931081537060648,0.5611275530822853,828
BRINGELLY_WSP,seasonal,0.9364966450466199,0.630012077294686,828
LIVERPOOL_CO,seasonal,0.24875350626334272,0.15925925925925927,189
LIVERPOOL_HUMID,seasonal,15.368120792427664,11.556354916067146,834
LIVERPOOL_NO2,seasonal,0.6863571174798377,0.5223841059602649,755
LIVERPOOL_O3,seasonal,0.9935768940915852,0.6951080050825921,787
LIVERPOOL_PM10,seasonal,14.709691097377537,8.679171741778319,821
LIVERPOOL_PM25,seasonal,6.8597057269132575,4.207289002557545,782
LIVERPOOL_RAIN,seasonal,0.6087977747486616,0.06826347305389222,835
LIVERPOOL_TEMP,seasonal,5.139666532212972,4.281354916067146,834
LIVERPOOL_WDR_COS,seasonal,0.5861905843769011,0.4760091695048464,837
LIVERPOOL_WDR_SIN,seasonal,0.7268248467383039,0.5457596970756231,837
LIVERPOOL_WSP,seasonal,1.2143211544681125,0.8590203106332138,837
RANDWICK_HUMID,seasonal,15.43786134251399,12.557473544973544,756
RANDWICK_NO2,seasonal,0.7475718268926647,0.5123376623376624,770
RANDWICK_O3,seasonal,0.9083796833745973,0.7289372599231754,781
RANDWICK_PM10,seasonal,11.530381681541042,7.476937269372693,813
RANDWICK_PM25,seasonal,3.998091967706519,2.9210424710424707,777
RANDWICK_RAIN,seasonal,0.5148405843080053,0.06155717761557177,822
RANDWICK_TEMP,seasonal,4.668884162060009,3.9126520681265204,822
RANDWICK_WDR_COS,median,0.6433634102346601,0.5497569965224589,811
RANDWICK_WDR_SIN,seasonal,0.7296790051726522,0.5828577244499334,811
RANDWICK_WSP,seasonal,1.482523550880363,1.1435881627620224,811
RICHMOND_HUMID,seasonal,16.226255692311476,11.79776570048309,828
RICHMOND_NO2,seasonal,0.2998374494619443,0.20725429017160685,641
RICHMOND_O3,seasonal,0.9479758100726725,0.7358923884514436,762
RICHMOND_PM10,seasonal,12.554862869023031,7.4091700133868805,747
RICHMOND_PM25,seasonal,5.968718610543795,4.142236467236468,702
RICHMOND_RAIN,seasonal,0.4244917392776635,0.07391304347826086,828
RICHMOND_TEMP,seasonal,6.043599391011437,4.974094202898551,828
RICHMOND_WDR_COS,median,0.649305821858715,0.569054183348259,830
RICHMOND_WDR_SIN,seasonal,0.7748590202770311,0.6293722562041413,830
RICHMOND_WSP,seasonal,1.075495122739357,0.7337951807228915,830
ROZELLE_CO,seasonal,0.10313769636826894,0.06254953764861294,757
ROZELLE_HUMID,seasonal,15.578681359063632,11.888413878562579,807
ROZELLE_NO2,seasonal,0.7454901548851203,0.5309888579387186,718
ROZELLE_O3,seasonal,0.8772320377551684,0.6817757009345794,749
ROZELLE_PM10,seasonal,8.351841567927254,5.941414141414142,792
ROZELLE_PM25,seasonal,6.200605614509313,3.388681757656458,751
ROZELLE_RAIN,seasonal,1.0884546757512725,0.1308550185873606,807
ROZELLE_SOLAR,seasonal,218.11365773905055,157.69543269230766,416
ROZELLE_TEMP,seasonal,4.579788648446147,3.8752788104089224,807
ROZELLE_WDR_COS,seasonal,0.7849206411345706,0.6158836494410732,809
ROZELLE_WDR_SIN,seasonal,0.5889819342163012,0.5068719579144056,809
ROZELLE_WSP,seasonal,1.137760687470361,0.8091470951792336,809
ST_MARYS_HUMID,seasonal,15.56446782675716,11.047435897435898,819
ST_MARYS_NO2,seasonal,0.4561019976475268,0.30806451612903224,775
ST_MARYS_O3,seasonal,0.9949303310465328,0.7503246753246753,770
ST_MARYS_PM10,seasonal,11.052066003657169,7.345043370508054,807
ST_MARYS_PM25,median,5.35620557596915,3.3568548387096775,744
ST_MARYS_TEMP,seasonal,5.870039736224481,4.861650485436893,824
ST_MARYS_WDR_COS,seasonal,0.8268475740515806,0.6311428544494158,834
ST_MARYS_WDR_SIN,seasonal,0.5779100903916569,0.4678144882364093,834
ST_MARYS_WSP,seasonal,0.9256827151938363,0.6182254196642686,834
