feature,mean_abs_shap,std_abs_shap
ROZELLE_PM25,2.2604713360468547,0.04669270649241316
ROZELLE_PM10,0.7637197931607564,0.009697343518018804
ROZELLE_CO,0.3077913949886958,0.005937501095815856
ROZELLE_PM25_LAG_1,0.23813090970118841,0.022606408310010935
NEIGHBOR_MEAN_PM25,0.18337619453668594,0.009038563075184353
ROZELLE_NO2,0.1687784343957901,0.003201667044067165
ROZELLE_PM25_ROLL_MEAN_3,0.13359785377979277,0.06965139652353694
ROZELLE_PM25_ROLL_MEAN_24,0.11803338800867398,0.009966831899992932
HOUR_COS,0.0939519077539444,0.00446401158343995
ST_MARYS_TEMP,0.0856462799012661,0.006469317762081995
RANDWICK_PM10,0.0813314196964105,0.0024623867809852778
HOUR_SIN,0.06612258603175482,0.005116100673968824
LIVERPOOL_PM10,0.06409953087568283,0.004148209843230201
NEIGHBOR_PM25_X_ROZELLE_WDR_SIN,0.05481152596573035,0.0034606742883066524
HOUR,0.049672162905335424,0.004460907462734735
DAY_OF_WEEK,0.04927522353827953,0.003435638487440195
LIVERPOOL_O3_LAG_6,0.04648638466993968,0.005033895695067998
ROZELLE_PM10_ROLL_MEAN_24,0.04616064329942068,0.005189474482334339
ROZELLE_O3,0.03853909000754356,0.004111928370866833
RANDWICK_TEMP,0.037883148342370984,0.003991673472728919
BRINGELLY_SOLAR,0.03715005492170652,0.0035270938731283732
RANDWICK_WSP,0.03373084186265866,0.0021881842646138427
NEIGHBOR_MEAN_PM10,0.033592393870155016,0.003705913890737303
ROZELLE_WSP,0.03289233452330033,0.0022667213730050164
NEIGHBOR_MEAN_PM25_LAG_3,0.032552058125535646,0.0025354047568213593
ROZELLE_PM25_ROLL_STD_3,0.03243146116534869,0.0012851004512656479
RANDWICK_PM25,0.032336044249435265,0.0022019929581351913
ROZELLE_PM10_LAG_3,0.03110972891251246,0.0037727267959961138
ROZELLE_O3_LAG_3,0.02918585209796826,0.0028993114355177706
ROZELLE_PM10_LAG_1,0.027127471876641114,0.0025867550843022336
ROZELLE_TEMP_ROLL_STD_3,0.025508863478899003,0.0015217990990217033
ROZELLE_HUMID_LAG_6,0.02543822812537352,0.002218106495754026
LIVERPOOL_PM25,0.025126267721255622,0.0024236315522999244
RANDWICK_HUMID,0.02435778354605039,0.0020233004856642046
ROZELLE_PM25_ROLL_MEAN_6,0.024263981295128665,0.005125863881332873
BRINGELLY_PM25_LAG_3,0.023015341411034267,0.0020326014683392855
NEIGHBOR_MIN_O3,0.021402625025560458,0.005365669031206397
ROZELLE_CO_LAG_1,0.02121005058288574,0.0034265299465969334
NEIGHBOR_MEAN_O3,0.021043661857644717,0.0031480486720828075
BRINGELLY_PM10_LAG_3,0.020544541565080485,0.0020590355948695294
RANDWICK_O3,0.020249587173263233,0.0017424843225915974
ROZELLE_SOLAR,0.020169363419214884,0.0024042301242371135
MONTH_SIN,0.018476981669664383,0.000997658382899022
ROZELLE_PM10_ROLL_STD_3,0.017836932558566332,0.0017686499196085971
ST_MARYS_O3_LAG_6,0.017453688383102416,0.0013636069632085785
ROZELLE_WSP_ROLL_STD_3,0.01735619508350889,0.0015249052748149852
LIVERPOOL_O3,0.017272096887851755,0.003891400552429341
ROZELLE_WDR_COS_LAG_3,0.01722754885752996,0.0013669148860022545
NEIGHBOR_MAX_PM25,0.01650246890882651,0.003821702114898017
ROZELLE_PM10_ROLL_MEAN_3,0.016386099609856805,0.009677610901565806
ROZELLE_PM10_ROLL_MEAN_6,0.01619190238416195,0.0026668055184567553
ROZELLE_HUMID,0.015638861463715632,0.002428308219025577
ROZELLE_NO2_ROLL_STD_24,0.015535168877492348,0.0014476269816542863
LIVERPOOL_PM10_LAG_3,0.015411338613679012,0.001716385440733506
ROZELLE_WSP_ROLL_STD_24,0.014534848431746164,0.0017388300246366703
ROZELLE_O3_ROLL_MEAN_6,0.014275515731424094,0.0023653210664639325
ROZELLE_O3_ROLL_MEAN_12,0.013326518905038635,0.0028263745133310122
ROZELLE_O3_LAG_6,0.012628010924284656,0.003020272838452023
ROZELLE_WDR_COS,0.012190444736431043,0.0018742610016599106
LIVERPOOL_TEMP,0.0117057414414982,0.002600491205975681
ROZELLE_HUMID_ROLL_STD_6,0.011323917036255201,0.0017325173155047415
ROZELLE_WSP_ROLL_STD_6,0.011210453246409695,0.0024861779407880313
ROZELLE_WSP_ROLL_MEAN_24,0.01096739413527151,0.002235450302426881
ROZELLE_HUMID_ROLL_MEAN_12,0.010941651153067748,0.0023857110006631384
RANDWICK_PM25_LAG_3,0.010923963335032264,0.0013470667144125847
ROZELLE_O3_LAG_1,0.010800428393607339,0.003033269913339642
RANDWICK_NO2,0.010571407899260522,0.002053414321627764
NEIGHBOR_STD_NO2,0.01030028574168682,0.0021922621438146667
NEIGHBOR_MEAN_PM25_LAG_6,0.009754063794389367,0.002249450499657391
LIVERPOOL_CO,0.009574921149760485,0.0016203053349652015
RICHMOND_PM25_LAG_3,0.00946177812293172,0.0015929066208623048
MONTH,0.009386817909156282,0.0024789563595829043
DOW_SIN,0.009278015652671456,0.0014471325942799797
ROZELLE_WDR_SIN_LAG_1,0.00927275768481195,0.001608680251294284
ROZELLE_PM25_LAG_6,0.00913922586478293,0.001857174636375479
ST_MARYS_O3_LAG_3,0.008938186972712477,0.00161554340679811
ROZELLE_TEMP_ROLL_STD_6,0.008928038459271193,0.0014283699147179406
ST_MARYS_PM25,0.008907817909494043,0.0016024962434099273
ROZELLE_PM25_ROLL_STD_6,0.008886587681869666,0.0013893311400307575
NEIGHBOR_MEAN_PM25_LAG_1,0.00872834954255571,0.0032489347170828946
RANDWICK_WDR_SIN,0.008601901959627867,0.0010763787197856135
RICHMOND_O3_LAG_6,0.008582262167086204,0.0016785937070543859
ROZELLE_WDR_COS_LAG_24,0.008540824117759863,0.0013533684440109797
ROZELLE_HUMID_LAG_3,0.008345333843802412,0.0018468240374879845
ROZELLE_TEMP_ROLL_MEAN_3,0.008329078322276473,0.0031101295464000898
ROZELLE_NO2_LAG_1,0.008078325617437562,0.00129188485597863
ST_MARYS_PM10_LAG_1,0.007998391271879275,0.0013515513459401057
RANDWICK_PM10_LAG_6,0.00792536991648376,0.0020994874508037304
ROZELLE_HUMID_ROLL_STD_3,0.007914072802911202,0.0012270402807151015
ROZELLE_NO2_ROLL_MEAN_12,0.007843198472013075,0.0014395064453312898
ROZELLE_O3_ROLL_MEAN_24,0.0076240607226888335,0.001769416762426727
ROZELLE_WSP_ROLL_MEAN_12,0.007442351741095384,0.002113403557328715
ROZELLE_TEMP_ROLL_MEAN_24,0.007253360686202844,0.0019478331709215189
ROZELLE_NO2_LAG_6,0.007172967369357745,0.0019896653754299942
LIVERPOOL_O3_LAG_12,0.007003545582604905,0.0016797628782355466
BRINGELLY_O3_LAG_6,0.006991451885551214,0.0013785846718207344
ROZELLE_WDR_COS_LAG_1,0.006972939521074295,0.0013338654950161885
LIVERPOOL_WSP,0.006962645892053842,0.0010841847648441264
BRINGELLY_O3_LAG_3,0.006865214315863947,0.002194046293478635
NEIGHBOR_MIN_PM10,0.006797918304800987,0.0024726295826920596
ROZELLE_HUMID_LAG_12,0.006791745048637192,0.0012512867809064772
ROZELLE_HUMID_LAG_1,0.006742433489610751,0.0015162412539335016
NEIGHBOR_MAX_PM10,0.006613016741660734,0.0017090585812124057
ROZELLE_WSP_ROLL_MEAN_6,0.006590647979949912,0.001751286055223633
ROZELLE_WSP_ROLL_STD_12,0.006512311970194181,0.0010111359898162797
ROZELLE_PM25_LAG_3,0.006280153593979776,0.0014389909259412094
NEIGHBOR_MEAN_PM10_LAG_3,0.006270331501339873,0.0017299280547305098
LIVERPOOL_PM25_LAG_1,0.006106270935075978,0.0015162579083135789
LIVERPOOL_NO2,0.0060611658729612826,0.0014040084849371243
ROZELLE_WDR_SIN,0.006046587422800561,0.0014873399920338275
ROZELLE_CO_ROLL_STD_6,0.006042133333782355,0.001083939993122245
NEIGHBOR_MEAN_PM25_LAG_12,0.006000453714902202,0.0011390755709281516
ROZELLE_WSP_ROLL_MEAN_3,0.005934546942201754,0.0014617881811144525
ROZELLE_PM25_ROLL_STD_24,0.005908061276810864,0.0013832346590934796
RICHMOND_PM25_LAG_6,0.005881574920689066,0.0010160060962356337
ROZELLE_CO_ROLL_MEAN_3,0.0058664783680190645,0.002247373066009988
NEIGHBOR_MEAN_NO2,0.005819397931918502,0.0017347718623054894
NEIGHBOR_PM25_X_ROZELLE_WDR_COS,0.005610618911062678,0.0008679391432948988
RANDWICK_NO2_LAG_1,0.005587427962260942,0.0012487604015439223
BRINGELLY_NO2_LAG_24,0.005586475715972483,0.0012652657136907352
NEIGHBOR_MAX_O3,0.005524827159630755,0.001471813764963685
RICHMOND_HUMID,0.0055213835866500935,0.0013866448018080256
BRINGELLY_PM25,0.005513425435250004,0.001030211659948607
ROZELLE_CO_ROLL_STD_3,0.005489229395364722,0.0010409653212372493
ROZELLE_TEMP_ROLL_MEAN_6,0.005453100327091912,0.0018789199502770373
ROZELLE_HUMID_ROLL_STD_12,0.0054291164114450416,0.0013848174123697547
ROZELLE_TEMP_LAG_24,0.005379733357888957,0.0012077057602157654
ROZELLE_CO_LAG_3,0.005220878830490013,0.0008487645003106616
RICHMOND_O3_LAG_3,0.00520579294146349,0.0009798299076934284
RANDWICK_NO2_LAG_24,0.005109230607437591,0.0012082802645024208
LIVERPOOL_NO2_LAG_12,0.005102986268078287,0.000947859886471882
RANDWICK_PM10_LAG_3,0.005051330476999283,0.0008818253627129751
ROZELLE_PM25_ROLL_STD_12,0.004962330552128454,0.0010323965154970778
LIVERPOOL_NO2_LAG_1,0.004739163699559868,0.0012998332002781266
ST_MARYS_PM25_LAG_6,0.004716907868472239,0.001200021913450411
ROZELLE_O3_ROLL_STD_24,0.004711685950557391,0.0012386337152887456
LIVERPOOL_PM10_LAG_1,0.004634344213021298,0.0008943064339176987
ST_MARYS_WSP,0.004610083159059286,0.0009946068895853326
ROZELLE_WSP_LAG_3,0.004607810468102495,0.0009323459987512793
ROZELLE_TEMP_ROLL_MEAN_12,0.004595038069722553,0.0035383803524412635
RICHMOND_NO2_LAG_1,0.00455650855631878,0.0011782928443433856
NEIGHBOR_STD_PM25,0.004555122856982052,0.001182555320570347
BRINGELLY_O3_LAG_1,0.00449053350991259,0.0014328922699434784
BRINGELLY_O3,0.004389714581581453,0.0018439404477374524
RANDWICK_O3_LAG_3,0.00437561155607303,0.001097228864732238
ST_MARYS_HUMID,0.004373326265097907,0.001769218924445386
ROZELLE_PM10_ROLL_STD_24,0.004369199376863738,0.0008215835519095095
ROZELLE_CO_ROLL_MEAN_6,0.004272223423079898,0.001601371523174598
RANDWICK_O3_LAG_1,0.004265708158103129,0.000972344990697219
LIVERPOOL_O3_LAG_3,0.004155511707843592,0.002023493356749628
ROZELLE_PM25_ROLL_MEAN_12,0.0041165782216315465,0.0013397284080595025
RICHMOND_PM25_LAG_12,0.004107184063953658,0.000884920983743366
ROZELLE_PM10_ROLL_MEAN_12,0.003983523820837339,0.002109524396628516
RANDWICK_PM25_LAG_12,0.003976990806404501,0.0009355767790349378
ROZELLE_TEMP_ROLL_STD_24,0.003976269174988071,0.001348314169861669
RICHMOND_WSP,0.00397621444814528,0.001088836429731299
BRINGELLY_WDR_SIN,0.003898802112477521,0.0006705973757769842
LIVERPOOL_PM25_LAG_6,0.003898145871547361,0.0006257000847019354
ROZELLE_NO2_LAG_3,0.0038940607958162826,0.001494860402647455
RICHMOND_O3_LAG_12,0.0038899436282614865,0.00110303789454932
IS_WEEKEND,0.003835600198666119,0.002575532013547082
NEIGHBOR_STD_PM10,0.0038085723606248695,0.0011130626771913
ROZELLE_O3_ROLL_STD_3,0.003788937022909522,0.0009948020149104274
ROZELLE_WDR_COS_LAG_6,0.003787108208052814,0.0007849565917837585
LIVERPOOL_WDR_SIN,0.0037854475900530814,0.0011698547096340927
ROZELLE_PM10_ROLL_STD_6,0.00377273290262868,0.0012462573619743736
ROZELLE_NO2_ROLL_MEAN_6,0.0037673338083550334,0.0013288073873436934
LIVERPOOL_CO_LAG_6,0.0037386572415319583,0.0011516261419588373
RANDWICK_PM25_LAG_1,0.0037208039158334334,0.0003798564542618113
ST_MARYS_WDR_SIN,0.00364699800654004,0.0009672512784078774
BRINGELLY_NO2,0.0036131628633787236,0.0005424846873512809
ST_MARYS_NO2_LAG_1,0.003574546589516103,0.0005803503254727788
ST_MARYS_O3_LAG_12,0.0035391655129690964,0.0009818195135475201
ST_MARYS_PM10_LAG_12,0.0035095979071532685,0.0014195661326314017
ROZELLE_TEMP_LAG_12,0.003456186130642891,0.001045581043491895
ROZELLE_NO2_ROLL_STD_12,0.003453446094257136,0.0008538737199733049
ROZELLE_WDR_SIN_LAG_24,0.0034141680497365694,0.0010369750970886614
NEIGHBOR_MIN_PM25,0.003395287673144291,0.0015067064506200877
NEIGHBOR_PM25_X_ROZELLE_WSP,0.0033230402856133877,0.0009321490844125341
ST_MARYS_PM10,0.003316075715702027,0.0013892056153148502
RANDWICK_PM10_LAG_1,0.00330524822541823,0.0009548210916084526
ROZELLE_PM25_LAG_24,0.003294996490391592,0.001070572058812793
LIVERPOOL_HUMID,0.00329281153002133,0.0013669435635987799
ROZELLE_HUMID_ROLL_MEAN_24,0.0032674175454303622,0.0009404142938677006
ROZELLE_HUMID_ROLL_MEAN_6,0.003249898801247279,0.0013389156903541811
BRINGELLY_PM10,0.0032370128979285558,0.0009532863228839392
BRINGELLY_NO2_LAG_3,0.0031941591820213943,0.001219154037357075
ST_MARYS_PM25_LAG_3,0.0031538591409722965,0.0009138109697851463
ROZELLE_WDR_SIN_LAG_12,0.0031486398035970825,0.0005658847713077423
BRINGELLY_WSP,0.003124290219663332,0.0009073696022980442
ROZELLE_TEMP_LAG_6,0.0031165516818873586,0.0009185308045580091
ST_MARYS_PM25_LAG_12,0.003089452841474364,0.0007826184449273307
RANDWICK_O3_LAG_6,0.003046605635123948,0.0011624415950097196
NEIGHBOR_MEAN_PM10_LAG_1,0.0029912770376540722,0.0008108194146194762
ROZELLE_WDR_SIN_LAG_6,0.0029827139417951307,0.000661266031493271
RICHMOND_PM10,0.0029719019580322008,0.0007187379760887885
LIVERPOOL_PM25_LAG_12,0.0029690430654833715,0.0007284470528999606
BRINGELLY_PM25_LAG_1,0.002945976871221016,0.0006308462093156285
LIVERPOOL_PM10_LAG_6,0.0028814236982725562,0.0005881420426055834
RICHMOND_PM10_LAG_6,0.00285050191062813,0.0006578177309907273
RICHMOND_PM10_LAG_1,0.002831496181897819,0.0006529169864784219
ROZELLE_NO2_LAG_12,0.002812977333087474,0.0010241255626286235
ROZELLE_NO2_ROLL_MEAN_24,0.0027721053687855602,0.0011169294536411871
BRINGELLY_HUMID,0.0027669784651758772,0.0008228995585450069
RICHMOND_PM25,0.00274671734465907,0.001184081187622486
BRINGELLY_O3_LAG_24,0.0027406246517784894,0.0009011015106962805
ROZELLE_RAIN,0.0027245030971243976,0.0005719750695463184
ROZELLE_O3_ROLL_STD_12,0.002720042496609191,0.0007832148952757134
BRINGELLY_PM25_LAG_12,0.0026416155664871137,0.0005757027835403602
ROZELLE_O3_ROLL_STD_6,0.002633707656059414,0.000701832028991572
ST_MARYS_PM10_LAG_3,0.002632572738608966,0.0009227111824370661
ROZELLE_TEMP_ROLL_STD_12,0.002611221019954731,0.00046356866180563474
RANDWICK_PM25_LAG_24,0.002584311078923444,0.000914842363487279
BRINGELLY_WDR_COS,0.0025831019467053313,0.0007378464122070243
ROZELLE_CO_ROLL_MEAN_24,0.0025711146998219194,0.0007920093465047023
RICHMOND_WDR_SIN,0.002559931514163812,0.0007241420176661447
RANDWICK_O3_LAG_24,0.002547275503942122,0.0006008846437945895
BRINGELLY_NO2_LAG_1,0.0025122146199767787,0.001110660921930834
BRINGELLY_PM25_LAG_6,0.002507834155888607,0.0004810860497401352
ROZELLE_WSP_LAG_1,0.0024942118829737107,0.0008139193009281244
LIVERPOOL_O3_LAG_1,0.0024723220073307552,0.0007629576658543361
RANDWICK_NO2_LAG_6,0.002447025252816578,0.0007982093264683191
ROZELLE_O3_LAG_24,0.0023965292843058706,0.0009133529031779763
BRINGELLY_PM10_LAG_12,0.002392209286335856,0.0007205640949956522
RICHMOND_PM10_LAG_3,0.0023705986328423022,0.0007258284841378111
RANDWICK_PM10_LAG_12,0.0023301200087492663,0.0007697190140410081
ST_MARYS_PM25_LAG_1,0.002325963108645131,0.0006541113552690077
ST_MARYS_O3,0.0023116254441750547,0.0006291628183927279
ROZELLE_WDR_SIN_LAG_3,0.0023055939935147764,0.0005321359745139362
ROZELLE_O3_LAG_12,0.002282531737970809,0.0007980940507556494
ROZELLE_CO_ROLL_MEAN_12,0.0022793718594281624,0.00102369654816906
LIVERPOOL_WDR_COS,0.0022769156377762554,0.000397368787941287
LIVERPOOL_NO2_LAG_6,0.0022667556380232177,0.0005817328954400664
LIVERPOOL_PM10_LAG_24,0.0022573992454757294,0.0003908496528720549
LIVERPOOL_PM10_LAG_12,0.0022492930545316386,0.0009232748933398256
BRINGELLY_PM10_LAG_1,0.0022351782342108586,0.0006321989999285356
ROZELLE_CO_ROLL_STD_24,0.0022348437186641,0.0005183100702817849
RICHMOND_WDR_COS,0.0022333689538451534,0.000696341638776678
BRINGELLY_O3_LAG_12,0.002183583869676416,0.0009342639448963442
ROZELLE_WDR_COS_LAG_12,0.002136153083605071,0.00032011467127874264
ST_MARYS_PM25_LAG_24,0.002130950608989224,0.0007115884841918647
ROZELLE_NO2_ROLL_STD_6,0.0021249057065385085,0.00046717502612623514
RICHMOND_O3,0.002102580072823912,0.0007970213065398766
ROZELLE_PM10_ROLL_STD_12,0.0020792332283842067,0.00041156612522175883
LIVERPOOL_PM25_LAG_3,0.0020212282756498705,0.0006916995813573022
ROZELLE_PM10_LAG_6,0.0019997671673384807,0.0005710447538317662
RANDWICK_NO2_LAG_3,0.001987048036729296,0.0007822734737442717
RANDWICK_PM25_LAG_6,0.0018955764535348862,0.0005566893935587918
ROZELLE_PM25_LAG_12,0.00188677142917489,0.0005204993551406849
RICHMOND_NO2_LAG_6,0.0018725989667776352,0.0006799696700785203
RICHMOND_PM25_LAG_1,0.0018273879599291832,0.00048822876009780344
RICHMOND_O3_LAG_24,0.0017898311683287222,0.0003901933984840033
RICHMOND_NO2,0.0017794549542789657,0.0004866812654194615
ST_MARYS_NO2,0.0017564752216761312,0.0006632994531331691
ROZELLE_CO_LAG_24,0.0017514377327946325,0.0005881809810905748
RANDWICK_WDR_COS,0.0017474397318437696,0.00048194991924370136
RICHMOND_PM10_LAG_24,0.0017471085457752148,0.000433833774915314
ROZELLE_HUMID_LAG_24,0.001740341433711971,0.00044168900131593043
ROZELLE_CO_ROLL_STD_12,0.0017354750831145792,0.0005014515984071383
NEIGHBOR_STD_O3,0.0017336503641369441,0.0003809824217177399
MONTH_COS,0.0017258908245518492,0.0013321233425827369
NEIGHBOR_MEAN_PM10_LAG_6,0.0016835871560033412,0.0004981532333989966
ROZELLE_WSP_LAG_6,0.0016302384862986704,0.0006047112057769343
ROZELLE_NO2_ROLL_STD_3,0.0016233249121190359,0.0004362461672097938
BRINGELLY_PM10_LAG_6,0.001609320236214747,0.0003892910501338826
ROZELLE_PM10_LAG_12,0.001537401118548587,0.00038579336609350046
ROZELLE_NO2_ROLL_MEAN_3,0.0014660662622191013,0.0004559218250426879
ROZELLE_HUMID_ROLL_STD_24,0.0014108625298831611,0.0004974167453365337
RICHMOND_O3_LAG_1,0.0013695396618762365,0.0006527903807591809
ST_MARYS_WDR_COS,0.001360731238188843,0.0004089622781597889
LIVERPOOL_CO_LAG_24,0.0013600632296099017,0.00047920410871160255
BRINGELLY_PM10_LAG_24,0.0013462450879160315,0.00028948342330705276
ST_MARYS_NO2_LAG_24,0.0013345157543274884,0.0005161611961104642
RICHMOND_PM25_LAG_24,0.0013233781287757059,0.00034930877224835245
ROZELLE_WSP_LAG_24,0.0013073552778223529,0.000474711544464066
RANDWICK_O3_LAG_12,0.0012873286517181743,0.00037123696609803484
BRINGELLY_PM25_LAG_24,0.001282766603011017,0.00024853145182925887
NEIGHBOR_MEAN_PM10_LAG_12,0.0012755819829180838,0.00047715776651566157
LIVERPOOL_RAIN,0.0012480033154133707,0.00039288396583527467
NEIGHBOR_MAX_NO2,0.0012270833608151103,0.0008343466003639729
ST_MARYS_O3_LAG_24,0.0012166381173301488,0.0004078019978070678
ST_MARYS_PM10_LAG_24,0.0011853608768433333,0.0003716036951278121
ROZELLE_PM10_LAG_24,0.0011738310568034649,0.00036755561476021787
RANDWICK_PM10_LAG_24,0.0011713879745608817,0.0003301665848402318
RICHMOND_PM10_LAG_12,0.0011707096438234052,0.0003454544618349144
RICHMOND_NO2_LAG_12,0.0011549862324803446,0.0003416534788540447
NEIGHBOR_MEAN_PM25_LAG_24,0.0011351604150452962,0.0003491484836256068
ROZELLE_NO2_LAG_24,0.0011194336228072643,0.0004534986112618703
LIVERPOOL_NO2_LAG_3,0.0011136031709611416,0.0005924330078116191
LIVERPOOL_CO_LAG_3,0.0010715817547558497,0.0005603423436101226
ROZELLE_CO_LAG_6,0.0010637903556926175,0.0005266488615041785
ROZELLE_WSP_LAG_12,0.0010255779304619258,0.0003006623313054952
LIVERPOOL_PM25_LAG_24,0.0010198186384513975,0.0002831284399056021
NEIGHBOR_MEAN_PM10_LAG_24,0.0010179925797274337,0.00033321048649131643
LIVERPOOL_CO_LAG_1,0.0009848550835158676,0.0004062166088673568
RICHMOND_NO2_LAG_24,0.0009652330481912941,0.00031952302033232886
ST_MARYS_PM10_LAG_6,0.0009534404205624014,0.00033079498152571973
LIVERPOOL_O3_LAG_24,0.0009216642599009598,0.0004939720329947925
ST_MARYS_NO2_LAG_6,0.0009059306195316215,0.0002674170080939633
LIVERPOOL_NO2_LAG_24,0.0008862457626188795,0.0004190920589926282
NEIGHBOR_MIN_NO2,0.0008609420163944985,0.00042242325265429473
DOW_COS,0.0008204964178730734,0.0004790357577387852
ST_MARYS_O3_LAG_1,0.0007937310292618349,0.00031135778960670213
RICHMOND_RAIN,0.0007148144291325782,0.0002114306403439473
ST_MARYS_NO2_LAG_3,0.0006913465321607266,0.0003459622769495333
RICHMOND_NO2_LAG_3,0.0006842828947507466,0.0002952427775914004
ST_MARYS_NO2_LAG_12,0.0006530119877425023,0.00028383198903054525
RANDWICK_NO2_LAG_12,0.0006521961055113934,0.00027221653803724766
BRINGELLY_NO2_LAG_6,0.0006153263981104829,0.00030179401319681433
LIVERPOOL_CO_LAG_12,0.0006049479258460148,0.0003306143620364877
BRINGELLY_NO2_LAG_12,0.000561831603893855,0.0002623828913454382
ROZELLE_CO_LAG_12,0.0003816258598817512,0.0001324770676708413
RANDWICK_RAIN,1.6400355283015717e-05,5.5667199429892164e-05
