column,missing_before,filled_short_gaps,missing_after
ST_MARYS_CO,50416,0,50416
RICHMOND_CO,50416,0,50416
RICHMOND_SOLAR,50416,0,50416
BRINGELLY_CO,50416,0,50416
ST_MARYS_SOLAR,50416,0,50416
LIVERPOOL_SOLAR,50416,0,50416
RANDWICK_RAIN,31786,17,31769
ROZELLE_SOLAR,24933,33,24900
LIVERPOOL_RAIN,22682,53,22629
LIVERPOOL_CO,24059,1954,22105
BRINGELLY_SOLAR,10245,86,10159
RICHMOND_NO2,9483,3158,6325
BRINGELLY_NO2,8568,2838,5730
BRINGELLY_HUMID,6354,732,5622
RICHMOND_PM25,9842,4650,5192
RANDWICK_NO2,7274,2824,4450
ST_MARYS_NO2,5368,2548,2820
RANDWICK_HUMID,3161,370,2791
ST_MARYS_PM25,7129,4363,2766
ROZELLE_NO2,5296,2735,2561
RANDWICK_PM25,6840,4605,2235
RANDWICK_WSP,2102,55,2047
RANDWICK_WDR,2102,55,2047
RICHMOND_PM10,3035,994,2041
ST_MARYS_HUMID,2014,145,1869
RICHMOND_O3,4160,2325,1835
LIVERPOOL_NO2,4521,2757,1764
BRINGELLY_PM25,6554,4807,1747
ROZELLE_RAIN,1666,44,1622
ROZELLE_CO,3765,2297,1468
ROZELLE_PM25,4110,2652,1458
RANDWICK_TEMP,1483,56,1427
ST_MARYS_O3,3600,2225,1375
LIVERPOOL_PM25,4714,3385,1329
BRINGELLY_PM10,2834,1518,1316
BRINGELLY_O3,3611,2401,1210
ROZELLE_PM10,1643,486,1157
ROZELLE_O3,3433,2330,1103
LIVERPOOL_O3,3446,2370,1076
LIVERPOOL_HUMID,1157,162,995
ST_MARYS_TEMP,1027,62,965
RICHMOND_HUMID,1035,90,945
ST_MARYS_PM10,1680,757,923
RICHMOND_TEMP,980,65,915
ROZELLE_HUMID,958,58,900
RANDWICK_O3,3195,2321,874
ROZELLE_TEMP,928,59,869
RICHMOND_RAIN,843,65,778
RANDWICK_PM10,1235,492,743
RICHMOND_WSP,734,85,649
LIVERPOOL_PM10,1130,489,641
RICHMOND_WDR,717,84,633
LIVERPOOL_TEMP,705,78,627
ROZELLE_WDR,678,59,619
ROZELLE_WSP,678,59,619
BRINGELLY_TEMP,585,86,499
ST_MARYS_WSP,501,105,396
ST_MARYS_WDR,499,103,396
BRINGELLY_WSP,352,102,250
LIVERPOOL_WSP,333,90,243
LIVERPOOL_WDR,333,90,243
BRINGELLY_WDR,340,101,239
